fold,AoA,NN_MAE,NN_RMSE,NN_R2,RF_MAE,RF_RMSE,RF_R2,RMSE_gap_NN_minus_RF,winner
1,0.0,0.023945019774709475,0.030574137255177252,0.9936988889895948,0.0136568864157666,0.0169702099027278,0.9980587425417672,0.013603927352449453,Random forest tuned
1,0.0,0.023945019774709475,0.030574137255177252,0.9936988889895948,0.0063968835565669,0.0102813142306449,0.9993216287258152,0.02029282302453235,Random forest tuned
1,0.0,0.023945019774709475,0.030574137255177252,0.9936988889895948,0.0122759411638563,0.0209185975793221,0.9973474720610704,0.00965553967585515,Random forest tuned
1,0.0,0.023945019774709475,0.030574137255177252,0.9936988889895948,0.0145816453425054,0.0260131787419591,0.9961751561946318,0.004560958513218152,Random forest tuned
2,0.0,0.024330737687605533,0.03246871999908519,0.9932344903225974,0.0122759411638563,0.0209185975793221,0.9973474720610704,0.011550122419763088,Random forest tuned
2,0.0,0.024330737687605533,0.03246871999908519,0.9932344903225974,0.0145816453425054,0.0260131787419591,0.9961751561946318,0.00645554125712609,Random forest tuned
2,0.0,0.024330737687605533,0.03246871999908519,0.9932344903225974,0.0238335168176232,0.0497165877835268,0.9872618946799412,-0.01724786778444161,Neural network
2,0.0,0.024330737687605533,0.03246871999908519,0.9932344903225974,0.0355051920115994,0.0577058560316135,0.9844768320594958,-0.025237136032528314,Neural network
1,0.0,0.023945019774709475,0.030574137255177252,0.9936988889895948,0.0238335168176232,0.0497165877835268,0.9872618946799412,-0.019142450528349546,Neural network
1,0.0,0.023945019774709475,0.030574137255177252,0.9936988889895948,0.0355051920115994,0.0577058560316135,0.9844768320594958,-0.02713171877643625,Neural network
2,0.0,0.024330737687605533,0.03246871999908519,0.9932344903225974,0.0136568864157666,0.0169702099027278,0.9980587425417672,0.015498510096357391,Random forest tuned
2,0.0,0.024330737687605533,0.03246871999908519,0.9932344903225974,0.0063968835565669,0.0102813142306449,0.9993216287258152,0.02218740576844029,Random forest tuned
3,0.0,0.01996247269728203,0.024934542440672836,0.9962312472818228,0.0145816453425054,0.0260131787419591,0.9961751561946318,-0.0010786363012862642,Neural network
3,0.0,0.01996247269728203,0.024934542440672836,0.9962312472818228,0.0122759411638563,0.0209185975793221,0.9973474720610704,0.004015944861350734,Random forest tuned
3,0.0,0.01996247269728203,0.024934542440672836,0.9962312472818228,0.0063968835565669,0.0102813142306449,0.9993216287258152,0.014653228210027935,Random forest tuned
3,0.0,0.01996247269728203,0.024934542440672836,0.9962312472818228,0.0136568864157666,0.0169702099027278,0.9980587425417672,0.007964332537945037,Random forest tuned
4,0.0,0.02426388153526837,0.029993202254567006,0.9949152157921374,0.0063968835565669,0.0102813142306449,0.9993216287258152,0.019711888023922104,Random forest tuned
4,0.0,0.02426388153526837,0.029993202254567006,0.9949152157921374,0.0136568864157666,0.0169702099027278,0.9980587425417672,0.013022992351839208,Random forest tuned
3,0.0,0.01996247269728203,0.024934542440672836,0.9962312472818228,0.0355051920115994,0.0577058560316135,0.9844768320594958,-0.03277131359094067,Neural network
3,0.0,0.01996247269728203,0.024934542440672836,0.9962312472818228,0.0238335168176232,0.0497165877835268,0.9872618946799412,-0.024782045342853963,Neural network
6,0.0,0.0508133591348055,0.07149757110820099,0.976170048585766,0.0063968835565669,0.0102813142306449,0.9993216287258152,0.06121625687755609,Random forest tuned
6,0.0,0.0508133591348055,0.07149757110820099,0.976170048585766,0.0136568864157666,0.0169702099027278,0.9980587425417672,0.05452736120547319,Random forest tuned
5,0.0,0.015545330294014706,0.025079181626289648,0.9967586276069517,0.0355051920115994,0.0577058560316135,0.9844768320594958,-0.03262667440532385,Neural network
5,0.0,0.015545330294014706,0.025079181626289648,0.9967586276069517,0.0238335168176232,0.0497165877835268,0.9872618946799412,-0.02463740615723715,Neural network
5,0.0,0.015545330294014706,0.025079181626289648,0.9967586276069517,0.0145816453425054,0.0260131787419591,0.9961751561946318,-0.0009339971156694521,Neural network
5,0.0,0.015545330294014706,0.025079181626289648,0.9967586276069517,0.0122759411638563,0.0209185975793221,0.9973474720610704,0.004160584046967546,Random forest tuned
5,0.0,0.015545330294014706,0.025079181626289648,0.9967586276069517,0.0063968835565669,0.0102813142306449,0.9993216287258152,0.014797867395644747,Random forest tuned
5,0.0,0.015545330294014706,0.025079181626289648,0.9967586276069517,0.0136568864157666,0.0169702099027278,0.9980587425417672,0.008108971723561849,Random forest tuned
4,0.0,0.02426388153526837,0.029993202254567006,0.9949152157921374,0.0355051920115994,0.0577058560316135,0.9844768320594958,-0.027712653777046497,Neural network
4,0.0,0.02426388153526837,0.029993202254567006,0.9949152157921374,0.0238335168176232,0.0497165877835268,0.9872618946799412,-0.019723385528959792,Neural network
4,0.0,0.02426388153526837,0.029993202254567006,0.9949152157921374,0.0145816453425054,0.0260131787419591,0.9961751561946318,0.003980023512607907,Random forest tuned
4,0.0,0.02426388153526837,0.029993202254567006,0.9949152157921374,0.0122759411638563,0.0209185975793221,0.9973474720610704,0.009074604675244905,Random forest tuned
6,0.0,0.0508133591348055,0.07149757110820099,0.976170048585766,0.0355051920115994,0.0577058560316135,0.9844768320594958,0.013791715076587482,Random forest tuned
6,0.0,0.0508133591348055,0.07149757110820099,0.976170048585766,0.0238335168176232,0.0497165877835268,0.9872618946799412,0.021780983324674187,Random forest tuned
6,0.0,0.0508133591348055,0.07149757110820099,0.976170048585766,0.0145816453425054,0.0260131787419591,0.9961751561946318,0.04548439236624188,Random forest tuned
6,0.0,0.0508133591348055,0.07149757110820099,0.976170048585766,0.0122759411638563,0.0209185975793221,0.9973474720610704,0.050578973528878884,Random forest tuned
12,1.0,0.04280032867171326,0.07462538596516001,0.9773409162529381,0.0179929747023427,0.0305270590940354,0.9956916890127018,0.04409832687112461,Random forest tuned
12,1.0,0.04280032867171326,0.07462538596516001,0.9773409162529381,0.0245221364331558,0.0497806445103823,0.989388041408681,0.024844741454777712,Random forest tuned
12,1.0,0.04280032867171326,0.07462538596516001,0.9773409162529381,0.0283110466231093,0.0439021468873986,0.992217902921046,0.030723239077761408,Random forest tuned
12,1.0,0.04280032867171326,0.07462538596516001,0.9773409162529381,0.0493612870327139,0.0714918921030679,0.9792038593324452,0.003133493862092107,Random forest tuned
8,1.0,0.02053441430981545,0.026746762694255573,0.9964910377992858,0.0086133920997363,0.0147743029352796,0.9989293432973602,0.011972459758975974,Random forest tuned
8,1.0,0.02053441430981545,0.026746762694255573,0.9964910377992858,0.0151335073267849,0.0214345896071141,0.9976319769762314,0.0053121730871414745,Random forest tuned
7,1.0,0.03584899480193925,0.04536479866480906,0.9893929760235868,0.0493612870327139,0.0714918921030679,0.9792038593324452,-0.026127093438258843,Neural network
7,1.0,0.03584899480193925,0.04536479866480906,0.9893929760235868,0.0283110466231093,0.0439021468873986,0.992217902921046,0.0014626517774104578,Random forest tuned
7,1.0,0.03584899480193925,0.04536479866480906,0.9893929760235868,0.0245221364331558,0.0497806445103823,0.989388041408681,-0.004415845845573238,Neural network
7,1.0,0.03584899480193925,0.04536479866480906,0.9893929760235868,0.0179929747023427,0.0305270590940354,0.9956916890127018,0.01483773957077366,Random forest tuned
7,1.0,0.03584899480193925,0.04536479866480906,0.9893929760235868,0.0086133920997363,0.0147743029352796,0.9989293432973602,0.03059049572952946,Random forest tuned
7,1.0,0.03584899480193925,0.04536479866480906,0.9893929760235868,0.0151335073267849,0.0214345896071141,0.9976319769762314,0.02393020905769496,Random forest tuned
11,1.0,0.017901643497727934,0.02651015043049499,0.9971624108722597,0.0283110466231093,0.0439021468873986,0.992217902921046,-0.017391996456903612,Neural network
11,1.0,0.017901643497727934,0.02651015043049499,0.9971624108722597,0.0493612870327139,0.0714918921030679,0.9792038593324452,-0.04498174167257291,Neural network
12,1.0,0.04280032867171326,0.07462538596516001,0.9773409162529381,0.0151335073267849,0.0214345896071141,0.9976319769762314,0.05319079635804591,Random forest tuned
12,1.0,0.04280032867171326,0.07462538596516001,0.9773409162529381,0.0086133920997363,0.0147743029352796,0.9989293432973602,0.05985108302988041,Random forest tuned
10,1.0,0.025380782887729148,0.03955065962139178,0.9933014318766668,0.0493612870327139,0.0714918921030679,0.9792038593324452,-0.03194123248167612,Neural network
10,1.0,0.025380782887729148,0.03955065962139178,0.9933014318766668,0.0283110466231093,0.0439021468873986,0.992217902921046,-0.004351487266006822,Neural network
10,1.0,0.025380782887729148,0.03955065962139178,0.9933014318766668,0.0245221364331558,0.0497806445103823,0.989388041408681,-0.010229984888990518,Neural network
10,1.0,0.025380782887729148,0.03955065962139178,0.9933014318766668,0.0179929747023427,0.0305270590940354,0.9956916890127018,0.00902360052735638,Random forest tuned
11,1.0,0.017901643497727934,0.02651015043049499,0.9971624108722597,0.0245221364331558,0.0497806445103823,0.989388041408681,-0.023270494079887308,Neural network
11,1.0,0.017901643497727934,0.02651015043049499,0.9971624108722597,0.0179929747023427,0.0305270590940354,0.9956916890127018,-0.00401690866354041,Neural network
11,1.0,0.017901643497727934,0.02651015043049499,0.9971624108722597,0.0086133920997363,0.0147743029352796,0.9989293432973602,0.01173584749521539,Random forest tuned
11,1.0,0.017901643497727934,0.02651015043049499,0.9971624108722597,0.0151335073267849,0.0214345896071141,0.9976319769762314,0.005075560823380891,Random forest tuned
9,1.0,0.019893019967185767,0.025733584396332738,0.9969384759519598,0.0283110466231093,0.0439021468873986,0.992217902921046,-0.018168562491065864,Neural network
9,1.0,0.019893019967185767,0.025733584396332738,0.9969384759519598,0.0493612870327139,0.0714918921030679,0.9792038593324452,-0.04575830770673517,Neural network
10,1.0,0.025380782887729148,0.03955065962139178,0.9933014318766668,0.0151335073267849,0.0214345896071141,0.9976319769762314,0.01811607001427768,Random forest tuned
10,1.0,0.025380782887729148,0.03955065962139178,0.9933014318766668,0.0086133920997363,0.0147743029352796,0.9989293432973602,0.02477635668611218,Random forest tuned
9,1.0,0.019893019967185767,0.025733584396332738,0.9969384759519598,0.0245221364331558,0.0497806445103823,0.989388041408681,-0.02404706011404956,Neural network
9,1.0,0.019893019967185767,0.025733584396332738,0.9969384759519598,0.0179929747023427,0.0305270590940354,0.9956916890127018,-0.004793474697702662,Neural network
9,1.0,0.019893019967185767,0.025733584396332738,0.9969384759519598,0.0086133920997363,0.0147743029352796,0.9989293432973602,0.010959281461053138,Random forest tuned
9,1.0,0.019893019967185767,0.025733584396332738,0.9969384759519598,0.0151335073267849,0.0214345896071141,0.9976319769762314,0.004298994789218639,Random forest tuned
8,1.0,0.02053441430981545,0.026746762694255573,0.9964910377992858,0.0493612870327139,0.0714918921030679,0.9792038593324452,-0.044745129408812326,Neural network
8,1.0,0.02053441430981545,0.026746762694255573,0.9964910377992858,0.0283110466231093,0.0439021468873986,0.992217902921046,-0.01715538419314303,Neural network
8,1.0,0.02053441430981545,0.026746762694255573,0.9964910377992858,0.0245221364331558,0.0497806445103823,0.989388041408681,-0.023033881816126724,Neural network
8,1.0,0.02053441430981545,0.026746762694255573,0.9964910377992858,0.0179929747023427,0.0305270590940354,0.9956916890127018,-0.0037802963997798263,Neural network
76,2.0,0.05557279121793433,0.0827732337988734,0.979633633357883,0.0140255412019977,0.0245012297315155,0.9980507962896052,0.0582720040673579,Random forest tuned
76,2.0,0.05557279121793433,0.0827732337988734,0.979633633357883,0.0196827152797536,0.0318907984231185,0.9965388169947124,0.0508824353757549,Random forest tuned
75,2.0,0.036723425565937766,0.05145444628691666,0.9918901609601866,0.0704169345898251,0.0842608255728966,0.974364427968865,-0.032806379285979945,Neural network
75,2.0,0.036723425565937766,0.05145444628691666,0.9918901609601866,0.0478131916721425,0.0681939631483977,0.9854338766186128,-0.016739516861481035,Neural network
75,2.0,0.036723425565937766,0.05145444628691666,0.9918901609601866,0.0346581107019261,0.0536428396519813,0.9914462366264492,-0.002188393365064642,Neural network
75,2.0,0.036723425565937766,0.05145444628691666,0.9918901609601866,0.0307856715999235,0.0558805014038688,0.990434955272882,-0.004426055116952141,Neural network
75,2.0,0.036723425565937766,0.05145444628691666,0.9918901609601866,0.0140255412019977,0.0245012297315155,0.9980507962896052,0.026953216555401158,Random forest tuned
75,2.0,0.036723425565937766,0.05145444628691666,0.9918901609601866,0.0196827152797536,0.0318907984231185,0.9965388169947124,0.01956364786379816,Random forest tuned
78,2.0,0.03301132101863095,0.043070050554411494,0.993302042988293,0.0140255412019977,0.0245012297315155,0.9980507962896052,0.018568820822895994,Random forest tuned
78,2.0,0.03301132101863095,0.043070050554411494,0.993302042988293,0.0196827152797536,0.0318907984231185,0.9965388169947124,0.011179252131292998,Random forest tuned
77,2.0,0.0226850344464866,0.029508136862842867,0.9972726824860308,0.0704169345898251,0.0842608255728966,0.974364427968865,-0.05475268871005373,Neural network
77,2.0,0.0226850344464866,0.029508136862842867,0.9972726824860308,0.0478131916721425,0.0681939631483977,0.9854338766186128,-0.03868582628555482,Neural network
77,2.0,0.0226850344464866,0.029508136862842867,0.9972726824860308,0.0346581107019261,0.0536428396519813,0.9914462366264492,-0.024134702789138433,Neural network
77,2.0,0.0226850344464866,0.029508136862842867,0.9972726824860308,0.0307856715999235,0.0558805014038688,0.990434955272882,-0.02637236454102593,Neural network
77,2.0,0.0226850344464866,0.029508136862842867,0.9972726824860308,0.0140255412019977,0.0245012297315155,0.9980507962896052,0.005006907131327367,Random forest tuned
77,2.0,0.0226850344464866,0.029508136862842867,0.9972726824860308,0.0196827152797536,0.0318907984231185,0.9965388169947124,-0.002382661560275629,Neural network
76,2.0,0.05557279121793433,0.0827732337988734,0.979633633357883,0.0307856715999235,0.0558805014038688,0.990434955272882,0.0268927323950046,Random forest tuned
76,2.0,0.05557279121793433,0.0827732337988734,0.979633633357883,0.0346581107019261,0.0536428396519813,0.9914462366264492,0.0291303941468921,Random forest tuned
76,2.0,0.05557279121793433,0.0827732337988734,0.979633633357883,0.0478131916721425,0.0681939631483977,0.9854338766186128,0.014579270650475706,Random forest tuned
76,2.0,0.05557279121793433,0.0827732337988734,0.979633633357883,0.0704169345898251,0.0842608255728966,0.974364427968865,-0.001487591774023203,Neural network
74,2.0,0.02281746946120089,0.03179700531553197,0.9967171283498121,0.0307856715999235,0.0558805014038688,0.990434955272882,-0.024083496088336827,Neural network
74,2.0,0.02281746946120089,0.03179700531553197,0.9967171283498121,0.0346581107019261,0.0536428396519813,0.9914462366264492,-0.021845834336449328,Neural network
74,2.0,0.02281746946120089,0.03179700531553197,0.9967171283498121,0.0478131916721425,0.0681939631483977,0.9854338766186128,-0.03639695783286572,Neural network
74,2.0,0.02281746946120089,0.03179700531553197,0.9967171283498121,0.0704169345898251,0.0842608255728966,0.974364427968865,-0.05246382025736463,Neural network
78,2.0,0.03301132101863095,0.043070050554411494,0.993302042988293,0.0307856715999235,0.0558805014038688,0.990434955272882,-0.012810450849457304,Neural network
78,2.0,0.03301132101863095,0.043070050554411494,0.993302042988293,0.0346581107019261,0.0536428396519813,0.9914462366264492,-0.010572789097569806,Neural network
78,2.0,0.03301132101863095,0.043070050554411494,0.993302042988293,0.0478131916721425,0.0681939631483977,0.9854338766186128,-0.0251239125939862,Neural network
78,2.0,0.03301132101863095,0.043070050554411494,0.993302042988293,0.0704169345898251,0.0842608255728966,0.974364427968865,-0.04119077501848511,Neural network
73,2.0,0.022797454881958695,0.031308802831514694,0.9966639949377962,0.0196827152797536,0.0318907984231185,0.9965388169947124,-0.0005819955916038025,Neural network
73,2.0,0.022797454881958695,0.031308802831514694,0.9966639949377962,0.0140255412019977,0.0245012297315155,0.9980507962896052,0.006807573099999194,Random forest tuned
73,2.0,0.022797454881958695,0.031308802831514694,0.9966639949377962,0.0307856715999235,0.0558805014038688,0.990434955272882,-0.024571698572354105,Neural network
73,2.0,0.022797454881958695,0.031308802831514694,0.9966639949377962,0.0346581107019261,0.0536428396519813,0.9914462366264492,-0.022334036820466606,Neural network
73,2.0,0.022797454881958695,0.031308802831514694,0.9966639949377962,0.0478131916721425,0.0681939631483977,0.9854338766186128,-0.036885160316883,Neural network
73,2.0,0.022797454881958695,0.031308802831514694,0.9966639949377962,0.0704169345898251,0.0842608255728966,0.974364427968865,-0.05295202274138191,Neural network
74,2.0,0.02281746946120089,0.03179700531553197,0.9967171283498121,0.0196827152797536,0.0318907984231185,0.9965388169947124,-9.379310758652476e-05,Neural network
74,2.0,0.02281746946120089,0.03179700531553197,0.9967171283498121,0.0140255412019977,0.0245012297315155,0.9980507962896052,0.0072957755840164715,Random forest tuned
85,3.0,0.04993697013976875,0.07911834099682213,0.9868015387139952,0.0458867172399767,0.0604628597335188,0.9902430322538066,0.018655481263303332,Random forest tuned
85,3.0,0.04993697013976875,0.07911834099682213,0.9868015387139952,0.0823824018711568,0.0982935747279402,0.9687249646562224,-0.01917523373111807,Neural network
86,3.0,0.05887916041477756,0.0961881310531477,0.9810309820926422,0.0507412236041993,0.0969241915483497,0.9801923326867584,-0.0007360604952020011,Neural network
86,3.0,0.05887916041477756,0.0961881310531477,0.9810309820926422,0.0544196711905021,0.1063140257344254,0.976826960550204,-0.010125894681277697,Neural network
88,3.0,0.03588346347773505,0.04756674790504788,0.9949744107959282,0.0544196711905021,0.1063140257344254,0.976826960550204,-0.05874727782937752,Neural network
88,3.0,0.03588346347773505,0.04756674790504788,0.9949744107959282,0.0507412236041993,0.0969241915483497,0.9801923326867584,-0.04935744364330182,Neural network
87,3.0,0.07064796021748476,0.09399375419768431,0.9819059737928361,0.0823824018711568,0.0982935747279402,0.9687249646562224,-0.004299820530255891,Neural network
87,3.0,0.07064796021748476,0.09399375419768431,0.9819059737928361,0.0458867172399767,0.0604628597335188,0.9902430322538066,0.03353089446416551,Random forest tuned
87,3.0,0.07064796021748476,0.09399375419768431,0.9819059737928361,0.0311882946595226,0.0484249955971012,0.9947914211191864,0.04556875860058311,Random forest tuned
87,3.0,0.07064796021748476,0.09399375419768431,0.9819059737928361,0.0354793091939733,0.051999504280508,0.994462220876138,0.04199424991717631,Random forest tuned
87,3.0,0.07064796021748476,0.09399375419768431,0.9819059737928361,0.0544196711905021,0.1063140257344254,0.976826960550204,-0.01232027153674109,Neural network
87,3.0,0.07064796021748476,0.09399375419768431,0.9819059737928361,0.0507412236041993,0.0969241915483497,0.9801923326867584,-0.0029304373506653936,Neural network
86,3.0,0.05887916041477756,0.0961881310531477,0.9810309820926422,0.0354793091939733,0.051999504280508,0.994462220876138,0.044188626772639704,Random forest tuned
86,3.0,0.05887916041477756,0.0961881310531477,0.9810309820926422,0.0311882946595226,0.0484249955971012,0.9947914211191864,0.047763135456046504,Random forest tuned
86,3.0,0.05887916041477756,0.0961881310531477,0.9810309820926422,0.0458867172399767,0.0604628597335188,0.9902430322538066,0.0357252713196289,Random forest tuned
86,3.0,0.05887916041477756,0.0961881310531477,0.9810309820926422,0.0823824018711568,0.0982935747279402,0.9687249646562224,-0.002105443674792498,Neural network
85,3.0,0.04993697013976875,0.07911834099682213,0.9868015387139952,0.0507412236041993,0.0969241915483497,0.9801923326867584,-0.01780585055152757,Neural network
85,3.0,0.04993697013976875,0.07911834099682213,0.9868015387139952,0.0544196711905021,0.1063140257344254,0.976826960550204,-0.027195684737603268,Neural network
85,3.0,0.04993697013976875,0.07911834099682213,0.9868015387139952,0.0354793091939733,0.051999504280508,0.994462220876138,0.027118836716314133,Random forest tuned
85,3.0,0.04993697013976875,0.07911834099682213,0.9868015387139952,0.0311882946595226,0.0484249955971012,0.9947914211191864,0.030693345399720934,Random forest tuned
88,3.0,0.03588346347773505,0.04756674790504788,0.9949744107959282,0.0354793091939733,0.051999504280508,0.994462220876138,-0.004432756375460117,Neural network
88,3.0,0.03588346347773505,0.04756674790504788,0.9949744107959282,0.0311882946595226,0.0484249955971012,0.9947914211191864,-0.0008582476920533169,Neural network
88,3.0,0.03588346347773505,0.04756674790504788,0.9949744107959282,0.0458867172399767,0.0604628597335188,0.9902430322538066,-0.012896111828470919,Neural network
88,3.0,0.03588346347773505,0.04756674790504788,0.9949744107959282,0.0823824018711568,0.0982935747279402,0.9687249646562224,-0.05072682682289232,Neural network
89,3.0,0.04654189457030213,0.06248946984424554,0.9895779973071702,0.0507412236041993,0.0969241915483497,0.9801923326867584,-0.034434721704104165,Neural network
89,3.0,0.04654189457030213,0.06248946984424554,0.9895779973071702,0.0544196711905021,0.1063140257344254,0.976826960550204,-0.04382455589017986,Neural network
89,3.0,0.04654189457030213,0.06248946984424554,0.9895779973071702,0.0354793091939733,0.051999504280508,0.994462220876138,0.01048996556373754,Random forest tuned
89,3.0,0.04654189457030213,0.06248946984424554,0.9895779973071702,0.0311882946595226,0.0484249955971012,0.9947914211191864,0.01406447424714434,Random forest tuned
89,3.0,0.04654189457030213,0.06248946984424554,0.9895779973071702,0.0458867172399767,0.0604628597335188,0.9902430322538066,0.0020266101107267384,Random forest tuned
89,3.0,0.04654189457030213,0.06248946984424554,0.9895779973071702,0.0823824018711568,0.0982935747279402,0.9687249646562224,-0.03580410488369466,Neural network
90,3.0,0.04787101893282684,0.0705247526883887,0.9838998214088295,0.0507412236041993,0.0969241915483497,0.9801923326867584,-0.026399438859961002,Neural network
90,3.0,0.04787101893282684,0.0705247526883887,0.9838998214088295,0.0544196711905021,0.1063140257344254,0.976826960550204,-0.0357892730460367,Neural network
90,3.0,0.04787101893282684,0.0705247526883887,0.9838998214088295,0.0354793091939733,0.051999504280508,0.994462220876138,0.018525248407880703,Random forest tuned
90,3.0,0.04787101893282684,0.0705247526883887,0.9838998214088295,0.0311882946595226,0.0484249955971012,0.9947914211191864,0.022099757091287503,Random forest tuned
90,3.0,0.04787101893282684,0.0705247526883887,0.9838998214088295,0.0458867172399767,0.0604628597335188,0.9902430322538066,0.010061892954869901,Random forest tuned
90,3.0,0.04787101893282684,0.0705247526883887,0.9838998214088295,0.0823824018711568,0.0982935747279402,0.9687249646562224,-0.0277688220395515,Neural network
94,4.0,0.023244899514262677,0.03364812342071712,0.9977844244554496,0.0514544307986914,0.1008428597589501,0.984906724885554,-0.06719473633823297,Neural network
94,4.0,0.023244899514262677,0.03364812342071712,0.9977844244554496,0.0556889805784699,0.1373835914010888,0.972681472924882,-0.10373546798037167,Neural network
93,4.0,0.0569510433353126,0.08183231427383855,0.9890926518183065,0.0665637273644327,0.0786400598861822,0.9823720596883668,0.003192254387656357,Random forest tuned
93,4.0,0.0569510433353126,0.08183231427383855,0.9890926518183065,0.0299700755484,0.0382088770929254,0.9965033276034412,0.043623437180913154,Random forest tuned
93,4.0,0.0569510433353126,0.08183231427383855,0.9890926518183065,0.0152190788598219,0.021148172098338,0.9991247934928807,0.060684142175500555,Random forest tuned
93,4.0,0.0569510433353126,0.08183231427383855,0.9890926518183065,0.0433617042840038,0.0624974349638231,0.9936379966072734,0.01933487931001545,Random forest tuned
93,4.0,0.0569510433353126,0.08183231427383855,0.9890926518183065,0.0514544307986914,0.1008428597589501,0.984906724885554,-0.019010545485111552,Neural network
93,4.0,0.0569510433353126,0.08183231427383855,0.9890926518183065,0.0556889805784699,0.1373835914010888,0.972681472924882,-0.05555127712725025,Neural network
92,4.0,0.04064190663984139,0.07140204356972436,0.992433161490216,0.0665637273644327,0.0786400598861822,0.9823720596883668,-0.007238016316457832,Neural network
92,4.0,0.04064190663984139,0.07140204356972436,0.992433161490216,0.0299700755484,0.0382088770929254,0.9965033276034412,0.033193166476798965,Random forest tuned
92,4.0,0.04064190663984139,0.07140204356972436,0.992433161490216,0.0152190788598219,0.021148172098338,0.9991247934928807,0.050253871471386366,Random forest tuned
92,4.0,0.04064190663984139,0.07140204356972436,0.992433161490216,0.0433617042840038,0.0624974349638231,0.9936379966072734,0.008904608605901261,Random forest tuned
92,4.0,0.04064190663984139,0.07140204356972436,0.992433161490216,0.0514544307986914,0.1008428597589501,0.984906724885554,-0.02944081618922574,Neural network
92,4.0,0.04064190663984139,0.07140204356972436,0.992433161490216,0.0556889805784699,0.1373835914010888,0.972681472924882,-0.06598154783136444,Neural network
91,4.0,0.04861344855389583,0.08244090428773519,0.9901627650714329,0.0665637273644327,0.0786400598861822,0.9823720596883668,0.003800844401552997,Random forest tuned
91,4.0,0.04861344855389583,0.08244090428773519,0.9901627650714329,0.0299700755484,0.0382088770929254,0.9965033276034412,0.04423202719480979,Random forest tuned
96,4.0,0.03721234870366125,0.053701532774211,0.9917797076425902,0.0665637273644327,0.0786400598861822,0.9823720596883668,-0.024938527111971198,Neural network
96,4.0,0.03721234870366125,0.053701532774211,0.9917797076425902,0.0299700755484,0.0382088770929254,0.9965033276034412,0.015492655681285598,Random forest tuned
96,4.0,0.03721234870366125,0.053701532774211,0.9917797076425902,0.0152190788598219,0.021148172098338,0.9991247934928807,0.032553360675873,Random forest tuned
96,4.0,0.03721234870366125,0.053701532774211,0.9917797076425902,0.0433617042840038,0.0624974349638231,0.9936379966072734,-0.008795902189612105,Neural network
96,4.0,0.03721234870366125,0.053701532774211,0.9917797076425902,0.0514544307986914,0.1008428597589501,0.984906724885554,-0.04714132698473911,Neural network
96,4.0,0.03721234870366125,0.053701532774211,0.9917797076425902,0.0556889805784699,0.1373835914010888,0.972681472924882,-0.0836820586268778,Neural network
95,4.0,0.020896969852465367,0.03093518522903971,0.9977079090966399,0.0665637273644327,0.0786400598861822,0.9823720596883668,-0.04770487465714249,Neural network
95,4.0,0.020896969852465367,0.03093518522903971,0.9977079090966399,0.0299700755484,0.0382088770929254,0.9965033276034412,-0.0072736918638856875,Neural network
95,4.0,0.020896969852465367,0.03093518522903971,0.9977079090966399,0.0152190788598219,0.021148172098338,0.9991247934928807,0.00978701313070171,Random forest tuned
95,4.0,0.020896969852465367,0.03093518522903971,0.9977079090966399,0.0433617042840038,0.0624974349638231,0.9936379966072734,-0.03156224973478339,Neural network
95,4.0,0.020896969852465367,0.03093518522903971,0.9977079090966399,0.0514544307986914,0.1008428597589501,0.984906724885554,-0.0699076745299104,Neural network
95,4.0,0.020896969852465367,0.03093518522903971,0.9977079090966399,0.0556889805784699,0.1373835914010888,0.972681472924882,-0.10644840617204909,Neural network
94,4.0,0.023244899514262677,0.03364812342071712,0.9977844244554496,0.0665637273644327,0.0786400598861822,0.9823720596883668,-0.04499193646546507,Neural network
94,4.0,0.023244899514262677,0.03364812342071712,0.9977844244554496,0.0299700755484,0.0382088770929254,0.9965033276034412,-0.004560753672208276,Neural network
94,4.0,0.023244899514262677,0.03364812342071712,0.9977844244554496,0.0152190788598219,0.021148172098338,0.9991247934928807,0.012499951322379122,Random forest tuned
94,4.0,0.023244899514262677,0.03364812342071712,0.9977844244554496,0.0433617042840038,0.0624974349638231,0.9936379966072734,-0.02884931154310598,Neural network
91,4.0,0.04861344855389583,0.08244090428773519,0.9901627650714329,0.0556889805784699,0.1373835914010888,0.972681472924882,-0.05494268711335361,Neural network
91,4.0,0.04861344855389583,0.08244090428773519,0.9901627650714329,0.0514544307986914,0.1008428597589501,0.984906724885554,-0.018401955471214912,Neural network
91,4.0,0.04861344855389583,0.08244090428773519,0.9901627650714329,0.0433617042840038,0.0624974349638231,0.9936379966072734,0.01994346932391209,Random forest tuned
91,4.0,0.04861344855389583,0.08244090428773519,0.9901627650714329,0.0152190788598219,0.021148172098338,0.9991247934928807,0.061292732189397195,Random forest tuned
97,5.0,0.0610103897556199,0.0964646863167543,0.9893857447431984,0.0346906918934785,0.051483131251765,0.9950906375326192,0.0449815550649893,Random forest tuned
97,5.0,0.0610103897556199,0.0964646863167543,0.9893857447431984,0.0221377439630102,0.0318735675248859,0.9984585443014846,0.06459111879186841,Random forest tuned
97,5.0,0.0610103897556199,0.0964646863167543,0.9893857447431984,0.0284309224813434,0.0518556059339168,0.9965990956162932,0.0446090803828375,Random forest tuned
97,5.0,0.0610103897556199,0.0964646863167543,0.9893857447431984,0.0609717524689443,0.0920288481498388,0.9903394736942496,0.004435838166915493,Random forest tuned
98,5.0,0.028248187867063023,0.04066582064863912,0.9979084797342118,0.0524231708358838,0.063127972178644,0.9897916215417388,-0.022462151530004887,Neural network
98,5.0,0.028248187867063023,0.04066582064863912,0.9979084797342118,0.0216240177007757,0.0309656673998564,0.9978822173282238,0.00970015324878272,Random forest tuned
98,5.0,0.028248187867063023,0.04066582064863912,0.9979084797342118,0.0346906918934785,0.051483131251765,0.9950906375326192,-0.01081731060312588,Neural network
98,5.0,0.028248187867063023,0.04066582064863912,0.9979084797342118,0.0221377439630102,0.0318735675248859,0.9984585443014846,0.008792253123753223,Random forest tuned
100,5.0,0.03645136118254536,0.051578841784411966,0.9950723669087439,0.0284309224813434,0.0518556059339168,0.9965990956162932,-0.0002767641495048309,Neural network
100,5.0,0.03645136118254536,0.051578841784411966,0.9950723669087439,0.0609717524689443,0.0920288481498388,0.9903394736942496,-0.04045000636542684,Neural network
99,5.0,0.022244246059454256,0.0313685885462048,0.9985070005361172,0.0524231708358838,0.063127972178644,0.9897916215417388,-0.03175938363243921,Neural network
99,5.0,0.022244246059454256,0.0313685885462048,0.9985070005361172,0.0216240177007757,0.0309656673998564,0.9978822173282238,0.0004029211463483992,Random forest tuned
101,5.0,0.028162969736039743,0.042361926272751385,0.9960365635320764,0.0346906918934785,0.051483131251765,0.9950906375326192,-0.009121204979013614,Neural network
101,5.0,0.028162969736039743,0.042361926272751385,0.9960365635320764,0.0221377439630102,0.0318735675248859,0.9984585443014846,0.010488358747865488,Random forest tuned
101,5.0,0.028162969736039743,0.042361926272751385,0.9960365635320764,0.0284309224813434,0.0518556059339168,0.9965990956162932,-0.009493679661165412,Neural network
101,5.0,0.028162969736039743,0.042361926272751385,0.9960365635320764,0.0609717524689443,0.0920288481498388,0.9903394736942496,-0.04966692187708742,Neural network
102,5.0,0.022660002921624577,0.029665821797532993,0.9977456265989164,0.0284309224813434,0.0518556059339168,0.9965990956162932,-0.022189784136383804,Neural network
102,5.0,0.022660002921624577,0.029665821797532993,0.9977456265989164,0.0609717524689443,0.0920288481498388,0.9903394736942496,-0.06236302635230581,Neural network
101,5.0,0.028162969736039743,0.042361926272751385,0.9960365635320764,0.0524231708358838,0.063127972178644,0.9897916215417388,-0.02076604590589262,Neural network
101,5.0,0.028162969736039743,0.042361926272751385,0.9960365635320764,0.0216240177007757,0.0309656673998564,0.9978822173282238,0.011396258872894985,Random forest tuned
100,5.0,0.03645136118254536,0.051578841784411966,0.9950723669087439,0.0524231708358838,0.063127972178644,0.9897916215417388,-0.01154913039423204,Neural network
100,5.0,0.03645136118254536,0.051578841784411966,0.9950723669087439,0.0216240177007757,0.0309656673998564,0.9978822173282238,0.020613174384555566,Random forest tuned
100,5.0,0.03645136118254536,0.051578841784411966,0.9950723669087439,0.0346906918934785,0.051483131251765,0.9950906375326192,9.571053264696705e-05,Random forest tuned
100,5.0,0.03645136118254536,0.051578841784411966,0.9950723669087439,0.0221377439630102,0.0318735675248859,0.9984585443014846,0.01970527425952607,Random forest tuned
99,5.0,0.022244246059454256,0.0313685885462048,0.9985070005361172,0.0346906918934785,0.051483131251765,0.9950906375326192,-0.0201145427055602,Neural network
99,5.0,0.022244246059454256,0.0313685885462048,0.9985070005361172,0.0221377439630102,0.0318735675248859,0.9984585443014846,-0.0005049789786810976,Neural network
99,5.0,0.022244246059454256,0.0313685885462048,0.9985070005361172,0.0284309224813434,0.0518556059339168,0.9965990956162932,-0.020487017387711998,Neural network
99,5.0,0.022244246059454256,0.0313685885462048,0.9985070005361172,0.0609717524689443,0.0920288481498388,0.9903394736942496,-0.060660259603634005,Neural network
102,5.0,0.022660002921624577,0.029665821797532993,0.9977456265989164,0.0524231708358838,0.063127972178644,0.9897916215417388,-0.033462150381111014,Neural network
102,5.0,0.022660002921624577,0.029665821797532993,0.9977456265989164,0.0216240177007757,0.0309656673998564,0.9978822173282238,-0.0012998456023234073,Neural network
102,5.0,0.022660002921624577,0.029665821797532993,0.9977456265989164,0.0346906918934785,0.051483131251765,0.9950906375326192,-0.021817309454232006,Neural network
102,5.0,0.022660002921624577,0.029665821797532993,0.9977456265989164,0.0221377439630102,0.0318735675248859,0.9984585443014846,-0.002207745727352904,Neural network
98,5.0,0.028248187867063023,0.04066582064863912,0.9979084797342118,0.0284309224813434,0.0518556059339168,0.9965990956162932,-0.011189785285277677,Neural network
98,5.0,0.028248187867063023,0.04066582064863912,0.9979084797342118,0.0609717524689443,0.0920288481498388,0.9903394736942496,-0.051363027501199685,Neural network
97,5.0,0.0610103897556199,0.0964646863167543,0.9893857447431984,0.0524231708358838,0.063127972178644,0.9897916215417388,0.03333671413811029,Random forest tuned
97,5.0,0.0610103897556199,0.0964646863167543,0.9893857447431984,0.0216240177007757,0.0309656673998564,0.9978822173282238,0.0654990189168979,Random forest tuned
107,6.0,0.015071247924031634,0.021613385921679076,0.9990282172950129,0.0600133301862296,0.0710103009499271,0.9948259675475916,-0.049396915028248015,Neural network
107,6.0,0.015071247924031634,0.021613385921679076,0.9990282172950129,0.0150604946560108,0.0201809644945038,0.9994979571703336,0.001432421427175274,Random forest tuned
107,6.0,0.015071247924031634,0.021613385921679076,0.9990282172950129,0.0174589425958747,0.0281835919173568,0.9988049939084368,-0.006570205995677723,Neural network
107,6.0,0.015071247924031634,0.021613385921679076,0.9990282172950129,0.0316164690628395,0.0482334572792817,0.9958324805771984,-0.026620071357602627,Neural network
106,6.0,0.01682833684804635,0.02260721017635139,0.9990844653374377,0.0174589425958747,0.0281835919173568,0.9988049939084368,-0.005576381741005408,Neural network
106,6.0,0.01682833684804635,0.02260721017635139,0.9990844653374377,0.0316164690628395,0.0482334572792817,0.9958324805771984,-0.02562624710293031,Neural network
106,6.0,0.01682833684804635,0.02260721017635139,0.9990844653374377,0.0178858734114176,0.0236670037156924,0.998834774159396,-0.0010597935393410092,Neural network
106,6.0,0.01682833684804635,0.02260721017635139,0.9990844653374377,0.0478800019933218,0.062405875492617,0.9908229995172224,-0.03979866531626561,Neural network
103,6.0,0.04892101598229082,0.07373920211387783,0.9944206538043785,0.0600133301862296,0.0710103009499271,0.9948259675475916,0.002728901163950734,Random forest tuned
103,6.0,0.04892101598229082,0.07373920211387783,0.9944206538043785,0.0150604946560108,0.0201809644945038,0.9994979571703336,0.053558237619374026,Random forest tuned
103,6.0,0.04892101598229082,0.07373920211387783,0.9944206538043785,0.0174589425958747,0.0281835919173568,0.9988049939084368,0.04555561019652103,Random forest tuned
103,6.0,0.04892101598229082,0.07373920211387783,0.9944206538043785,0.0316164690628395,0.0482334572792817,0.9958324805771984,0.025505744834596125,Random forest tuned
103,6.0,0.04892101598229082,0.07373920211387783,0.9944206538043785,0.0178858734114176,0.0236670037156924,0.998834774159396,0.05007219839818543,Random forest tuned
103,6.0,0.04892101598229082,0.07373920211387783,0.9944206538043785,0.0478800019933218,0.062405875492617,0.9908229995172224,0.011333326621260825,Random forest tuned
104,6.0,0.020142717572459414,0.031203344329310146,0.9987997845328408,0.0600133301862296,0.0710103009499271,0.9948259675475916,-0.03980695662061695,Neural network
104,6.0,0.020142717572459414,0.031203344329310146,0.9987997845328408,0.0150604946560108,0.0201809644945038,0.9994979571703336,0.011022379834806344,Random forest tuned
104,6.0,0.020142717572459414,0.031203344329310146,0.9987997845328408,0.0174589425958747,0.0281835919173568,0.9988049939084368,0.003019752411953347,Random forest tuned
104,6.0,0.020142717572459414,0.031203344329310146,0.9987997845328408,0.0316164690628395,0.0482334572792817,0.9958324805771984,-0.017030112949971556,Neural network
104,6.0,0.020142717572459414,0.031203344329310146,0.9987997845328408,0.0178858734114176,0.0236670037156924,0.998834774159396,0.007536340613617746,Random forest tuned
104,6.0,0.020142717572459414,0.031203344329310146,0.9987997845328408,0.0478800019933218,0.062405875492617,0.9908229995172224,-0.031202531163306856,Neural network
105,6.0,0.017517206894443253,0.03044016284006351,0.9986059723815046,0.0600133301862296,0.0710103009499271,0.9948259675475916,-0.04057013810986358,Neural network
105,6.0,0.017517206894443253,0.03044016284006351,0.9986059723815046,0.0150604946560108,0.0201809644945038,0.9994979571703336,0.01025919834555971,Random forest tuned
105,6.0,0.017517206894443253,0.03044016284006351,0.9986059723815046,0.0174589425958747,0.0281835919173568,0.9988049939084368,0.0022565709227067125,Random forest tuned
105,6.0,0.017517206894443253,0.03044016284006351,0.9986059723815046,0.0316164690628395,0.0482334572792817,0.9958324805771984,-0.01779329443921819,Neural network
106,6.0,0.01682833684804635,0.02260721017635139,0.9990844653374377,0.0150604946560108,0.0201809644945038,0.9994979571703336,0.0024262456818475893,Random forest tuned
106,6.0,0.01682833684804635,0.02260721017635139,0.9990844653374377,0.0600133301862296,0.0710103009499271,0.9948259675475916,-0.0484030907735757,Neural network
105,6.0,0.017517206894443253,0.03044016284006351,0.9986059723815046,0.0478800019933218,0.062405875492617,0.9908229995172224,-0.03196571265255349,Neural network
105,6.0,0.017517206894443253,0.03044016284006351,0.9986059723815046,0.0178858734114176,0.0236670037156924,0.998834774159396,0.0067731591243711115,Random forest tuned
107,6.0,0.015071247924031634,0.021613385921679076,0.9990282172950129,0.0178858734114176,0.0236670037156924,0.998834774159396,-0.0020536177940133245,Neural network
107,6.0,0.015071247924031634,0.021613385921679076,0.9990282172950129,0.0478800019933218,0.062405875492617,0.9908229995172224,-0.04079248957093792,Neural network
108,6.0,0.029145222582296654,0.04221368830705104,0.995800898309027,0.0600133301862296,0.0710103009499271,0.9948259675475916,-0.028796612642876057,Neural network
108,6.0,0.029145222582296654,0.04221368830705104,0.995800898309027,0.0150604946560108,0.0201809644945038,0.9994979571703336,0.022032723812547235,Random forest tuned
108,6.0,0.029145222582296654,0.04221368830705104,0.995800898309027,0.0478800019933218,0.062405875492617,0.9908229995172224,-0.020192187185565966,Neural network
108,6.0,0.029145222582296654,0.04221368830705104,0.995800898309027,0.0178858734114176,0.0236670037156924,0.998834774159396,0.018546684591358636,Random forest tuned
108,6.0,0.029145222582296654,0.04221368830705104,0.995800898309027,0.0316164690628395,0.0482334572792817,0.9958324805771984,-0.006019768972230666,Neural network
108,6.0,0.029145222582296654,0.04221368830705104,0.995800898309027,0.0174589425958747,0.0281835919173568,0.9988049939084368,0.014030096389694238,Random forest tuned
111,7.0,0.0221491132750726,0.03955156168729129,0.9976301583008411,0.0465267065450991,0.0560335192740694,0.9967037834669392,-0.01648195758677811,Neural network
111,7.0,0.0221491132750726,0.03955156168729129,0.9976301583008411,0.0255226430492414,0.0525086255755503,0.9965133632147728,-0.012957063888259006,Neural network
111,7.0,0.0221491132750726,0.03955156168729129,0.9976301583008411,0.0176372305524813,0.0380633278278607,0.9978051463096098,0.0014882338594305947,Random forest tuned
111,7.0,0.0221491132750726,0.03955156168729129,0.9976301583008411,0.0272056796124047,0.0510531448279943,0.9954183272869662,-0.011501583140703008,Neural network
113,7.0,0.01971566752818758,0.02819855996887753,0.9984163103981665,0.0272056796124047,0.0510531448279943,0.9954183272869662,-0.02285458485911677,Neural network
113,7.0,0.01971566752818758,0.02819855996887753,0.9984163103981665,0.0176372305524813,0.0380633278278607,0.9978051463096098,-0.00986476785898317,Neural network
113,7.0,0.01971566752818758,0.02819855996887753,0.9984163103981665,0.0255226430492414,0.0525086255755503,0.9965133632147728,-0.02431006560667277,Neural network
113,7.0,0.01971566752818758,0.02819855996887753,0.9984163103981665,0.0465267065450991,0.0560335192740694,0.9967037834669392,-0.027834959305191875,Neural network
109,7.0,0.037914020745848154,0.05595709812842743,0.9967127684055987,0.0272056796124047,0.0510531448279943,0.9954183272869662,0.004903953300433132,Random forest tuned
109,7.0,0.037914020745848154,0.05595709812842743,0.9967127684055987,0.0176372305524813,0.0380633278278607,0.9978051463096098,0.017893770300566735,Random forest tuned
109,7.0,0.037914020745848154,0.05595709812842743,0.9967127684055987,0.0255226430492414,0.0525086255755503,0.9965133632147728,0.003448472552877134,Random forest tuned
109,7.0,0.037914020745848154,0.05595709812842743,0.9967127684055987,0.0465267065450991,0.0560335192740694,0.9967037834669392,-7.642114564197083e-05,Neural network
114,7.0,0.02636807584674217,0.03997648490437071,0.996487665479713,0.0255226430492414,0.0525086255755503,0.9965133632147728,-0.012532140671179588,Neural network
114,7.0,0.02636807584674217,0.03997648490437071,0.996487665479713,0.0465267065450991,0.0560335192740694,0.9967037834669392,-0.016057034369698693,Neural network
113,7.0,0.01971566752818758,0.02819855996887753,0.9984163103981665,0.0438706827853152,0.0688870321293844,0.9895705450583656,-0.040688472160506875,Neural network
113,7.0,0.01971566752818758,0.02819855996887753,0.9984163103981665,0.0155054664091549,0.0278069910353973,0.998459987670306,0.000391568933480229,Random forest tuned
112,7.0,0.01685969464552825,0.022810077839982703,0.9990853970487409,0.0438706827853152,0.0688870321293844,0.9895705450583656,-0.0460769542894017,Neural network
112,7.0,0.01685969464552825,0.022810077839982703,0.9990853970487409,0.0155054664091549,0.0278069910353973,0.998459987670306,-0.004996913195414596,Neural network
112,7.0,0.01685969464552825,0.022810077839982703,0.9990853970487409,0.0272056796124047,0.0510531448279943,0.9954183272869662,-0.028243066988011597,Neural network
112,7.0,0.01685969464552825,0.022810077839982703,0.9990853970487409,0.0176372305524813,0.0380633278278607,0.9978051463096098,-0.015253249987877995,Neural network
112,7.0,0.01685969464552825,0.022810077839982703,0.9990853970487409,0.0255226430492414,0.0525086255755503,0.9965133632147728,-0.029698547735567595,Neural network
112,7.0,0.01685969464552825,0.022810077839982703,0.9990853970487409,0.0465267065450991,0.0560335192740694,0.9967037834669392,-0.033223441434086703,Neural network
111,7.0,0.0221491132750726,0.03955156168729129,0.9976301583008411,0.0438706827853152,0.0688870321293844,0.9895705450583656,-0.029335470442093114,Neural network
111,7.0,0.0221491132750726,0.03955156168729129,0.9976301583008411,0.0155054664091549,0.0278069910353973,0.998459987670306,0.011744570651893993,Random forest tuned
114,7.0,0.02636807584674217,0.03997648490437071,0.996487665479713,0.0438706827853152,0.0688870321293844,0.9895705450583656,-0.028910547225013697,Neural network
114,7.0,0.02636807584674217,0.03997648490437071,0.996487665479713,0.0155054664091549,0.0278069910353973,0.998459987670306,0.01216949386897341,Random forest tuned
114,7.0,0.02636807584674217,0.03997648490437071,0.996487665479713,0.0272056796124047,0.0510531448279943,0.9954183272869662,-0.01107665992362359,Neural network
114,7.0,0.02636807584674217,0.03997648490437071,0.996487665479713,0.0176372305524813,0.0380633278278607,0.9978051463096098,0.0019131570765100123,Random forest tuned
109,7.0,0.037914020745848154,0.05595709812842743,0.9967127684055987,0.0155054664091549,0.0278069910353973,0.998459987670306,0.028150107093030133,Random forest tuned
109,7.0,0.037914020745848154,0.05595709812842743,0.9967127684055987,0.0438706827853152,0.0688870321293844,0.9895705450583656,-0.012929934000956975,Neural network
110,7.0,0.026005365622886967,0.04352588973760066,0.9976042542768921,0.0465267065450991,0.0560335192740694,0.9967037834669392,-0.012507629536468744,Neural network
110,7.0,0.026005365622886967,0.04352588973760066,0.9976042542768921,0.0255226430492414,0.0525086255755503,0.9965133632147728,-0.008982735837949639,Neural network
110,7.0,0.026005365622886967,0.04352588973760066,0.9976042542768921,0.0438706827853152,0.0688870321293844,0.9895705450583656,-0.025361142391783748,Neural network
110,7.0,0.026005365622886967,0.04352588973760066,0.9976042542768921,0.0155054664091549,0.0278069910353973,0.998459987670306,0.01571889870220336,Random forest tuned
110,7.0,0.026005365622886967,0.04352588973760066,0.9976042542768921,0.0272056796124047,0.0510531448279943,0.9954183272869662,-0.0075272550903936405,Neural network
110,7.0,0.026005365622886967,0.04352588973760066,0.9976042542768921,0.0176372305524813,0.0380633278278607,0.9978051463096098,0.005462561909739962,Random forest tuned
116,8.0,0.025849983491117393,0.04376936210467512,0.9973854654136323,0.0223448808990756,0.0495065577573015,0.9966551286577514,-0.005737195652626377,Neural network
116,8.0,0.025849983491117393,0.04376936210467512,0.9973854654136323,0.0319991836385786,0.0550639994209119,0.9964231602981536,-0.011294637316236776,Neural network
115,8.0,0.041548745820534146,0.06539005972639808,0.9949558564035603,0.040197158627821,0.0737959380304375,0.9886740863364496,-0.008405878304039424,Neural network
115,8.0,0.041548745820534146,0.06539005972639808,0.9949558564035603,0.0181069087512364,0.0462079243851106,0.995904342831196,0.01918213534128748,Random forest tuned
118,8.0,0.021017380713864636,0.03019713394261877,0.9984119783411471,0.0223448808990756,0.0495065577573015,0.9966551286577514,-0.01930942381468273,Neural network
118,8.0,0.021017380713864636,0.03019713394261877,0.9984119783411471,0.0319991836385786,0.0550639994209119,0.9964231602981536,-0.02486686547829313,Neural network
117,8.0,0.01757884382610626,0.027661666899588377,0.9988117238315365,0.040197158627821,0.0737959380304375,0.9886740863364496,-0.04613427113084913,Neural network
117,8.0,0.01757884382610626,0.027661666899588377,0.9988117238315365,0.0181069087512364,0.0462079243851106,0.995904342831196,-0.018546257485522223,Neural network
117,8.0,0.01757884382610626,0.027661666899588377,0.9988117238315365,0.0287345750889193,0.0606393788102177,0.993596248682874,-0.03297771191062932,Neural network
117,8.0,0.01757884382610626,0.027661666899588377,0.9988117238315365,0.0228578586678711,0.0483528758342166,0.9963691750493536,-0.020691208934628225,Neural network
117,8.0,0.01757884382610626,0.027661666899588377,0.9988117238315365,0.0223448808990756,0.0495065577573015,0.9966551286577514,-0.02184489085771312,Neural network
117,8.0,0.01757884382610626,0.027661666899588377,0.9988117238315365,0.0319991836385786,0.0550639994209119,0.9964231602981536,-0.02740233252132352,Neural network
116,8.0,0.025849983491117393,0.04376936210467512,0.9973854654136323,0.040197158627821,0.0737959380304375,0.9886740863364496,-0.030026575925762383,Neural network
116,8.0,0.025849983491117393,0.04376936210467512,0.9973854654136323,0.0181069087512364,0.0462079243851106,0.995904342831196,-0.0024385622804354787,Neural network
116,8.0,0.025849983491117393,0.04376936210467512,0.9973854654136323,0.0287345750889193,0.0606393788102177,0.993596248682874,-0.016870016705542577,Neural network
116,8.0,0.025849983491117393,0.04376936210467512,0.9973854654136323,0.0228578586678711,0.0483528758342166,0.9963691750493536,-0.00458351372954148,Neural network
120,8.0,0.04019688133050242,0.06632684312318987,0.9908507185796191,0.040197158627821,0.0737959380304375,0.9886740863364496,-0.007469094907247634,Neural network
120,8.0,0.04019688133050242,0.06632684312318987,0.9908507185796191,0.0181069087512364,0.0462079243851106,0.995904342831196,0.02011891873807927,Random forest tuned
120,8.0,0.04019688133050242,0.06632684312318987,0.9908507185796191,0.0287345750889193,0.0606393788102177,0.993596248682874,0.005687464312972172,Random forest tuned
120,8.0,0.04019688133050242,0.06632684312318987,0.9908507185796191,0.0228578586678711,0.0483528758342166,0.9963691750493536,0.01797396728897327,Random forest tuned
115,8.0,0.041548745820534146,0.06539005972639808,0.9949558564035603,0.0287345750889193,0.0606393788102177,0.993596248682874,0.004750680916180382,Random forest tuned
115,8.0,0.041548745820534146,0.06539005972639808,0.9949558564035603,0.0228578586678711,0.0483528758342166,0.9963691750493536,0.01703718389218148,Random forest tuned
115,8.0,0.041548745820534146,0.06539005972639808,0.9949558564035603,0.0223448808990756,0.0495065577573015,0.9966551286577514,0.015883501969096582,Random forest tuned
115,8.0,0.041548745820534146,0.06539005972639808,0.9949558564035603,0.0319991836385786,0.0550639994209119,0.9964231602981536,0.010326060305486183,Random forest tuned
119,8.0,0.015317404291198706,0.023471147131452222,0.9989432815103877,0.0181069087512364,0.0462079243851106,0.995904342831196,-0.02273677725365838,Neural network
119,8.0,0.015317404291198706,0.023471147131452222,0.9989432815103877,0.040197158627821,0.0737959380304375,0.9886740863364496,-0.05032479089898528,Neural network
120,8.0,0.04019688133050242,0.06632684312318987,0.9908507185796191,0.0319991836385786,0.0550639994209119,0.9964231602981536,0.011262843702277973,Random forest tuned
120,8.0,0.04019688133050242,0.06632684312318987,0.9908507185796191,0.0223448808990756,0.0495065577573015,0.9966551286577514,0.016820285365888372,Random forest tuned
119,8.0,0.015317404291198706,0.023471147131452222,0.9989432815103877,0.0319991836385786,0.0550639994209119,0.9964231602981536,-0.031592852289459676,Neural network
119,8.0,0.015317404291198706,0.023471147131452222,0.9989432815103877,0.0223448808990756,0.0495065577573015,0.9966551286577514,-0.026035410625849277,Neural network
119,8.0,0.015317404291198706,0.023471147131452222,0.9989432815103877,0.0228578586678711,0.0483528758342166,0.9963691750493536,-0.02488172870276438,Neural network
119,8.0,0.015317404291198706,0.023471147131452222,0.9989432815103877,0.0287345750889193,0.0606393788102177,0.993596248682874,-0.03716823167876548,Neural network
118,8.0,0.021017380713864636,0.03019713394261877,0.9984119783411471,0.040197158627821,0.0737959380304375,0.9886740863364496,-0.043598804087818736,Neural network
118,8.0,0.021017380713864636,0.03019713394261877,0.9984119783411471,0.0181069087512364,0.0462079243851106,0.995904342831196,-0.016010790442491832,Neural network
118,8.0,0.021017380713864636,0.03019713394261877,0.9984119783411471,0.0287345750889193,0.0606393788102177,0.993596248682874,-0.03044224486759893,Neural network
118,8.0,0.021017380713864636,0.03019713394261877,0.9984119783411471,0.0228578586678711,0.0483528758342166,0.9963691750493536,-0.018155741891597833,Neural network
126,9.0,0.02089977877709499,0.034050738464183786,0.9977059552904137,0.0378038043412886,0.0947283610969683,0.982245483287628,-0.06067762263278452,Neural network
126,9.0,0.02089977877709499,0.034050738464183786,0.9977059552904137,0.0226380804883107,0.0595659173708206,0.9932728040202528,-0.025515178906636814,Neural network
126,9.0,0.02089977877709499,0.034050738464183786,0.9977059552904137,0.0339938580866983,0.0884540935069143,0.9860173162320944,-0.054403355042730514,Neural network
126,9.0,0.02089977877709499,0.034050738464183786,0.9977059552904137,0.0295333114642317,0.0758194927475281,0.990448454319112,-0.04176875428334431,Neural network
126,9.0,0.02089977877709499,0.034050738464183786,0.9977059552904137,0.0272809116415677,0.0625869607810462,0.9940249716372982,-0.02853622231686241,Neural network
126,9.0,0.02089977877709499,0.034050738464183786,0.9977059552904137,0.0585373645248245,0.1396519426867428,0.9727926688470144,-0.10560120422255902,Neural network
125,9.0,0.030072097699093178,0.04801470877897656,0.9956289375766112,0.0378038043412886,0.0947283610969683,0.982245483287628,-0.046713652317991745,Neural network
125,9.0,0.030072097699093178,0.04801470877897656,0.9956289375766112,0.0226380804883107,0.0595659173708206,0.9932728040202528,-0.01155120859184404,Neural network
125,9.0,0.030072097699093178,0.04801470877897656,0.9956289375766112,0.0339938580866983,0.0884540935069143,0.9860173162320944,-0.04043938472793774,Neural network
125,9.0,0.030072097699093178,0.04801470877897656,0.9956289375766112,0.0295333114642317,0.0758194927475281,0.990448454319112,-0.027804783968551537,Neural network
125,9.0,0.030072097699093178,0.04801470877897656,0.9956289375766112,0.0272809116415677,0.0625869607810462,0.9940249716372982,-0.014572252002069637,Neural network
125,9.0,0.030072097699093178,0.04801470877897656,0.9956289375766112,0.0585373645248245,0.1396519426867428,0.9727926688470144,-0.09163723390776624,Neural network
124,9.0,0.014984619751051448,0.02488062430151462,0.9988936890515557,0.0378038043412886,0.0947283610969683,0.982245483287628,-0.06984773679545368,Neural network
124,9.0,0.014984619751051448,0.02488062430151462,0.9988936890515557,0.0226380804883107,0.0595659173708206,0.9932728040202528,-0.034685293069305984,Neural network
124,9.0,0.014984619751051448,0.02488062430151462,0.9988936890515557,0.0339938580866983,0.0884540935069143,0.9860173162320944,-0.06357346920539968,Neural network
124,9.0,0.014984619751051448,0.02488062430151462,0.9988936890515557,0.0295333114642317,0.0758194927475281,0.990448454319112,-0.050938868446013474,Neural network
121,9.0,0.03582034858594989,0.0652217573844484,0.9940655978572802,0.0339938580866983,0.0884540935069143,0.9860173162320944,-0.023232336122465905,Neural network
121,9.0,0.03582034858594989,0.0652217573844484,0.9940655978572802,0.0295333114642317,0.0758194927475281,0.990448454319112,-0.010597735363079702,Neural network
121,9.0,0.03582034858594989,0.0652217573844484,0.9940655978572802,0.0272809116415677,0.0625869607810462,0.9940249716372982,0.002634796603402198,Random forest tuned
121,9.0,0.03582034858594989,0.0652217573844484,0.9940655978572802,0.0585373645248245,0.1396519426867428,0.9727926688470144,-0.07443018530229441,Neural network
124,9.0,0.014984619751051448,0.02488062430151462,0.9988936890515557,0.0272809116415677,0.0625869607810462,0.9940249716372982,-0.037706336479531574,Neural network
124,9.0,0.014984619751051448,0.02488062430151462,0.9988936890515557,0.0585373645248245,0.1396519426867428,0.9727926688470144,-0.11477131838522818,Neural network
123,9.0,0.025280053680325435,0.03687521112630559,0.9977406633933538,0.0378038043412886,0.0947283610969683,0.982245483287628,-0.057853149970662716,Neural network
123,9.0,0.025280053680325435,0.03687521112630559,0.9977406633933538,0.0226380804883107,0.0595659173708206,0.9932728040202528,-0.02269070624451501,Neural network
123,9.0,0.025280053680325435,0.03687521112630559,0.9977406633933538,0.0339938580866983,0.0884540935069143,0.9860173162320944,-0.05157888238060871,Neural network
123,9.0,0.025280053680325435,0.03687521112630559,0.9977406633933538,0.0295333114642317,0.0758194927475281,0.990448454319112,-0.03894428162122251,Neural network
123,9.0,0.025280053680325435,0.03687521112630559,0.9977406633933538,0.0272809116415677,0.0625869607810462,0.9940249716372982,-0.025711749654740608,Neural network
123,9.0,0.025280053680325435,0.03687521112630559,0.9977406633933538,0.0585373645248245,0.1396519426867428,0.9727926688470144,-0.1027767315604372,Neural network
122,9.0,0.033775996015481306,0.06335848551836365,0.9938767524011696,0.0378038043412886,0.0947283610969683,0.982245483287628,-0.031369875578604656,Neural network
122,9.0,0.033775996015481306,0.06335848551836365,0.9938767524011696,0.0226380804883107,0.0595659173708206,0.9932728040202528,0.0037925681475430503,Random forest tuned
122,9.0,0.033775996015481306,0.06335848551836365,0.9938767524011696,0.0339938580866983,0.0884540935069143,0.9860173162320944,-0.02509560798855065,Neural network
122,9.0,0.033775996015481306,0.06335848551836365,0.9938767524011696,0.0295333114642317,0.0758194927475281,0.990448454319112,-0.012461007229164447,Neural network
122,9.0,0.033775996015481306,0.06335848551836365,0.9938767524011696,0.0272809116415677,0.0625869607810462,0.9940249716372982,0.0007715247373174527,Random forest tuned
122,9.0,0.033775996015481306,0.06335848551836365,0.9938767524011696,0.0585373645248245,0.1396519426867428,0.9727926688470144,-0.07629345716837915,Neural network
121,9.0,0.03582034858594989,0.0652217573844484,0.9940655978572802,0.0378038043412886,0.0947283610969683,0.982245483287628,-0.02950660371251991,Neural network
121,9.0,0.03582034858594989,0.0652217573844484,0.9940655978572802,0.0226380804883107,0.0595659173708206,0.9932728040202528,0.005655840013627796,Random forest tuned
16,10.0,0.017777274598379397,0.02805492781055324,0.9984932354107436,0.0277416341629785,0.0743086258556726,0.9895114235804215,-0.04625369804511936,Neural network
16,10.0,0.017777274598379397,0.02805492781055324,0.9984932354107436,0.0405984817740732,0.1180293985552687,0.9733309538864574,-0.08997447074471546,Neural network
16,10.0,0.017777274598379397,0.02805492781055324,0.9984932354107436,0.0299364019150747,0.0723816628696328,0.9898570908561616,-0.04432673505907955,Neural network
16,10.0,0.017777274598379397,0.02805492781055324,0.9984932354107436,0.036142990365259,0.08512726981541,0.9858674221063094,-0.05707234200485675,Neural network
17,10.0,0.02456351178089541,0.03479540134191372,0.9976560457908674,0.0475052205019905,0.119511731038493,0.9738419406044312,-0.08471632969657927,Neural network
17,10.0,0.02456351178089541,0.03479540134191372,0.9976560457908674,0.0211384477579183,0.0636659889540668,0.9924251422435264,-0.02887058761215308,Neural network
17,10.0,0.02456351178089541,0.03479540134191372,0.9976560457908674,0.0277416341629785,0.0743086258556726,0.9895114235804215,-0.03951322451375888,Neural network
17,10.0,0.02456351178089541,0.03479540134191372,0.9976560457908674,0.0405984817740732,0.1180293985552687,0.9733309538864574,-0.08323399721335498,Neural network
18,10.0,0.026381816082006515,0.04832443180945502,0.9954457434613091,0.036142990365259,0.08512726981541,0.9858674221063094,-0.03680283800595498,Neural network
18,10.0,0.026381816082006515,0.04832443180945502,0.9954457434613091,0.0299364019150747,0.0723816628696328,0.9898570908561616,-0.024057231060177778,Neural network
18,10.0,0.026381816082006515,0.04832443180945502,0.9954457434613091,0.0405984817740732,0.1180293985552687,0.9733309538864574,-0.06970496674581368,Neural network
18,10.0,0.026381816082006515,0.04832443180945502,0.9954457434613091,0.0277416341629785,0.0743086258556726,0.9895114235804215,-0.025984194046217587,Neural network
16,10.0,0.017777274598379397,0.02805492781055324,0.9984932354107436,0.0211384477579183,0.0636659889540668,0.9924251422435264,-0.03561106114351356,Neural network
16,10.0,0.017777274598379397,0.02805492781055324,0.9984932354107436,0.0475052205019905,0.119511731038493,0.9738419406044312,-0.09145680322793975,Neural network
15,10.0,0.026442438763535258,0.04859666277899738,0.9955140856289703,0.036142990365259,0.08512726981541,0.9858674221063094,-0.036530607036412616,Neural network
15,10.0,0.026442438763535258,0.04859666277899738,0.9955140856289703,0.0299364019150747,0.0723816628696328,0.9898570908561616,-0.023785000090635416,Neural network
17,10.0,0.02456351178089541,0.03479540134191372,0.9976560457908674,0.0299364019150747,0.0723816628696328,0.9898570908561616,-0.03758626152771907,Neural network
17,10.0,0.02456351178089541,0.03479540134191372,0.9976560457908674,0.036142990365259,0.08512726981541,0.9858674221063094,-0.05033186847349627,Neural network
18,10.0,0.026381816082006515,0.04832443180945502,0.9954457434613091,0.0475052205019905,0.119511731038493,0.9738419406044312,-0.07118729922903798,Neural network
18,10.0,0.026381816082006515,0.04832443180945502,0.9954457434613091,0.0211384477579183,0.0636659889540668,0.9924251422435264,-0.015341557144611787,Neural network
14,10.0,0.041415825882378604,0.07799657026747392,0.9886313076365185,0.0277416341629785,0.0743086258556726,0.9895114235804215,0.003687944411801314,Random forest tuned
14,10.0,0.041415825882378604,0.07799657026747392,0.9886313076365185,0.0405984817740732,0.1180293985552687,0.9733309538864574,-0.04003282828779478,Neural network
14,10.0,0.041415825882378604,0.07799657026747392,0.9886313076365185,0.0299364019150747,0.0723816628696328,0.9898570908561616,0.0056149073978411235,Random forest tuned
14,10.0,0.041415825882378604,0.07799657026747392,0.9886313076365185,0.036142990365259,0.08512726981541,0.9858674221063094,-0.007130699547936076,Neural network
15,10.0,0.026442438763535258,0.04859666277899738,0.9955140856289703,0.0475052205019905,0.119511731038493,0.9738419406044312,-0.07091506825949562,Neural network
15,10.0,0.026442438763535258,0.04859666277899738,0.9955140856289703,0.0211384477579183,0.0636659889540668,0.9924251422435264,-0.015069326175069425,Neural network
15,10.0,0.026442438763535258,0.04859666277899738,0.9955140856289703,0.0277416341629785,0.0743086258556726,0.9895114235804215,-0.025711963076675226,Neural network
15,10.0,0.026442438763535258,0.04859666277899738,0.9955140856289703,0.0405984817740732,0.1180293985552687,0.9733309538864574,-0.06943273577627132,Neural network
13,10.0,0.03544275194656304,0.06648190342529653,0.9919054755715518,0.0475052205019905,0.119511731038493,0.9738419406044312,-0.05302982761319647,Neural network
13,10.0,0.03544275194656304,0.06648190342529653,0.9919054755715518,0.0211384477579183,0.0636659889540668,0.9924251422435264,0.0028159144712297246,Random forest tuned
13,10.0,0.03544275194656304,0.06648190342529653,0.9919054755715518,0.0277416341629785,0.0743086258556726,0.9895114235804215,-0.007826722430376076,Neural network
13,10.0,0.03544275194656304,0.06648190342529653,0.9919054755715518,0.0405984817740732,0.1180293985552687,0.9733309538864574,-0.05154749512997217,Neural network
13,10.0,0.03544275194656304,0.06648190342529653,0.9919054755715518,0.0299364019150747,0.0723816628696328,0.9898570908561616,-0.005899759444336267,Neural network
13,10.0,0.03544275194656304,0.06648190342529653,0.9919054755715518,0.036142990365259,0.08512726981541,0.9858674221063094,-0.018645366390113466,Neural network
14,10.0,0.041415825882378604,0.07799657026747392,0.9886313076365185,0.0475052205019905,0.119511731038493,0.9738419406044312,-0.04151516077101908,Neural network
14,10.0,0.041415825882378604,0.07799657026747392,0.9886313076365185,0.0211384477579183,0.0636659889540668,0.9924251422435264,0.014330581313407115,Random forest tuned
21,11.0,0.03075190300835996,0.062035998440555115,0.9914345213873276,0.0188792352869821,0.050725907001272,0.99431146278117,0.011310091439283118,Random forest tuned
21,11.0,0.03075190300835996,0.062035998440555115,0.9914345213873276,0.0102300843597038,0.0300048563169166,0.9979874006291763,0.032031142123638515,Random forest tuned
21,11.0,0.03075190300835996,0.062035998440555115,0.9914345213873276,0.0133657815373898,0.0452248004378564,0.9954478412345408,0.016811198002698716,Random forest tuned
21,11.0,0.03075190300835996,0.062035998440555115,0.9914345213873276,0.0199582654259347,0.0675707988847545,0.9900555545551464,-0.005534800444199378,Neural network
21,11.0,0.03075190300835996,0.062035998440555115,0.9914345213873276,0.0313087324140031,0.1016034669765604,0.9785669539883904,-0.03956746853600529,Neural network
21,11.0,0.03075190300835996,0.062035998440555115,0.9914345213873276,0.0457248555309704,0.1224215306475407,0.9703766394711658,-0.06038553220698559,Neural network
22,11.0,0.013653934665785197,0.02492767597725064,0.9986466003990907,0.0188792352869821,0.050725907001272,0.99431146278117,-0.025798231024021356,Neural network
22,11.0,0.013653934665785197,0.02492767597725064,0.9986466003990907,0.0102300843597038,0.0300048563169166,0.9979874006291763,-0.005077180339665959,Neural network
23,11.0,0.03753312964856929,0.06377034846769467,0.9915568516192922,0.0199582654259347,0.0675707988847545,0.9900555545551464,-0.003800450417059828,Neural network
23,11.0,0.03753312964856929,0.06377034846769467,0.9915568516192922,0.0133657815373898,0.0452248004378564,0.9954478412345408,0.018545548029838266,Random forest tuned
23,11.0,0.03753312964856929,0.06377034846769467,0.9915568516192922,0.0102300843597038,0.0300048563169166,0.9979874006291763,0.033765492150778065,Random forest tuned
23,11.0,0.03753312964856929,0.06377034846769467,0.9915568516192922,0.0188792352869821,0.050725907001272,0.99431146278117,0.013044441466422668,Random forest tuned
19,11.0,0.016637656646929764,0.03081395733641568,0.9979008865301193,0.0199582654259347,0.0675707988847545,0.9900555545551464,-0.03675684154833882,Neural network
19,11.0,0.016637656646929764,0.03081395733641568,0.9979008865301193,0.0133657815373898,0.0452248004378564,0.9954478412345408,-0.01441084310144072,Neural network
19,11.0,0.016637656646929764,0.03081395733641568,0.9979008865301193,0.0102300843597038,0.0300048563169166,0.9979874006291763,0.000809101019499079,Random forest tuned
19,11.0,0.016637656646929764,0.03081395733641568,0.9979008865301193,0.0188792352869821,0.050725907001272,0.99431146278117,-0.019911949664856318,Neural network
24,11.0,0.019053908848526438,0.03463339073021852,0.9976291245541907,0.0133657815373898,0.0452248004378564,0.9954478412345408,-0.010591409707637882,Neural network
24,11.0,0.019053908848526438,0.03463339073021852,0.9976291245541907,0.0199582654259347,0.0675707988847545,0.9900555545551464,-0.032937408154535976,Neural network
24,11.0,0.019053908848526438,0.03463339073021852,0.9976291245541907,0.0313087324140031,0.1016034669765604,0.9785669539883904,-0.06697007624634188,Neural network
24,11.0,0.019053908848526438,0.03463339073021852,0.9976291245541907,0.0457248555309704,0.1224215306475407,0.9703766394711658,-0.08778813991732218,Neural network
22,11.0,0.013653934665785197,0.02492767597725064,0.9986466003990907,0.0457248555309704,0.1224215306475407,0.9703766394711658,-0.09749385467029006,Neural network
22,11.0,0.013653934665785197,0.02492767597725064,0.9986466003990907,0.0313087324140031,0.1016034669765604,0.9785669539883904,-0.07667579099930977,Neural network
22,11.0,0.013653934665785197,0.02492767597725064,0.9986466003990907,0.0199582654259347,0.0675707988847545,0.9900555545551464,-0.042643122907503855,Neural network
22,11.0,0.013653934665785197,0.02492767597725064,0.9986466003990907,0.0133657815373898,0.0452248004378564,0.9954478412345408,-0.020297124460605758,Neural network
20,11.0,0.015604294293377495,0.029296034043011766,0.9980813670749148,0.0133657815373898,0.0452248004378564,0.9954478412345408,-0.015928766394844633,Neural network
20,11.0,0.015604294293377495,0.029296034043011766,0.9980813670749148,0.0199582654259347,0.0675707988847545,0.9900555545551464,-0.03827476484174273,Neural network
20,11.0,0.015604294293377495,0.029296034043011766,0.9980813670749148,0.0313087324140031,0.1016034669765604,0.9785669539883904,-0.07230743293354863,Neural network
20,11.0,0.015604294293377495,0.029296034043011766,0.9980813670749148,0.0457248555309704,0.1224215306475407,0.9703766394711658,-0.09312549660452893,Neural network
20,11.0,0.015604294293377495,0.029296034043011766,0.9980813670749148,0.0102300843597038,0.0300048563169166,0.9979874006291763,-0.0007088222739048342,Neural network
20,11.0,0.015604294293377495,0.029296034043011766,0.9980813670749148,0.0188792352869821,0.050725907001272,0.99431146278117,-0.02142987295826023,Neural network
19,11.0,0.016637656646929764,0.03081395733641568,0.9979008865301193,0.0457248555309704,0.1224215306475407,0.9703766394711658,-0.09160757331112503,Neural network
19,11.0,0.016637656646929764,0.03081395733641568,0.9979008865301193,0.0313087324140031,0.1016034669765604,0.9785669539883904,-0.07078950964014473,Neural network
24,11.0,0.019053908848526438,0.03463339073021852,0.9976291245541907,0.0102300843597038,0.0300048563169166,0.9979874006291763,0.004628534413301917,Random forest tuned
24,11.0,0.019053908848526438,0.03463339073021852,0.9976291245541907,0.0188792352869821,0.050725907001272,0.99431146278117,-0.01609251627105348,Neural network
23,11.0,0.03753312964856929,0.06377034846769467,0.9915568516192922,0.0457248555309704,0.1224215306475407,0.9703766394711658,-0.05865118217984604,Neural network
23,11.0,0.03753312964856929,0.06377034846769467,0.9915568516192922,0.0313087324140031,0.1016034669765604,0.9785669539883904,-0.03783311850886574,Neural network
28,12.0,0.016212531542322453,0.03144609294561462,0.9976531614845576,0.0107217118156802,0.0301301603642844,0.9978175370184807,0.0013159325813302224,Random forest tuned
28,12.0,0.016212531542322453,0.03144609294561462,0.9976531614845576,0.010820862531577,0.0384080228483815,0.9964989870093084,-0.006961929902766874,Neural network
28,12.0,0.016212531542322453,0.03144609294561462,0.9976531614845576,0.0185226129344154,0.0578197046182955,0.9923579197038525,-0.026373611672680874,Neural network
28,12.0,0.016212531542322453,0.03144609294561462,0.9976531614845576,0.0326113743775265,0.1067187745498899,0.9757978849829618,-0.07527268160427528,Neural network
26,12.0,0.025840182612701313,0.04250206181102649,0.9956301506909003,0.0107217118156802,0.0301301603642844,0.9978175370184807,0.012371901446742089,Random forest tuned
26,12.0,0.025840182612701313,0.04250206181102649,0.9956301506909003,0.010820862531577,0.0384080228483815,0.9964989870093084,0.004094038962644993,Random forest tuned
26,12.0,0.025840182612701313,0.04250206181102649,0.9956301506909003,0.0185226129344154,0.0578197046182955,0.9923579197038525,-0.015317642807269008,Neural network
26,12.0,0.025840182612701313,0.04250206181102649,0.9956301506909003,0.0326113743775265,0.1067187745498899,0.9757978849829618,-0.06421671273886341,Neural network
27,12.0,0.014706421025970286,0.029981897202164525,0.9978389629075342,0.0175578063136176,0.0478413192472292,0.99445472094902,-0.017859422045064677,Neural network
27,12.0,0.014706421025970286,0.029981897202164525,0.9978389629075342,0.0074898163346655,0.0167216570406376,0.9993235976815584,0.013260240161526927,Random forest tuned
27,12.0,0.014706421025970286,0.029981897202164525,0.9978389629075342,0.0107217118156802,0.0301301603642844,0.9978175370184807,-0.00014826316211987572,Neural network
27,12.0,0.014706421025970286,0.029981897202164525,0.9978389629075342,0.010820862531577,0.0384080228483815,0.9964989870093084,-0.008426125646216972,Neural network
27,12.0,0.014706421025970286,0.029981897202164525,0.9978389629075342,0.0185226129344154,0.0578197046182955,0.9923579197038525,-0.027837807416130973,Neural network
27,12.0,0.014706421025970286,0.029981897202164525,0.9978389629075342,0.0326113743775265,0.1067187745498899,0.9757978849829618,-0.07673687734772537,Neural network
28,12.0,0.016212531542322453,0.03144609294561462,0.9976531614845576,0.0175578063136176,0.0478413192472292,0.99445472094902,-0.01639522630161458,Neural network
28,12.0,0.016212531542322453,0.03144609294561462,0.9976531614845576,0.0074898163346655,0.0167216570406376,0.9993235976815584,0.014724435904977025,Random forest tuned
30,12.0,0.0347339032125031,0.06356090634070302,0.9914147721832989,0.0107217118156802,0.0301301603642844,0.9978175370184807,0.033430745976418624,Random forest tuned
30,12.0,0.0347339032125031,0.06356090634070302,0.9914147721832989,0.010820862531577,0.0384080228483815,0.9964989870093084,0.025152883492321525,Random forest tuned
30,12.0,0.0347339032125031,0.06356090634070302,0.9914147721832989,0.0185226129344154,0.0578197046182955,0.9923579197038525,0.005741201722407524,Random forest tuned
30,12.0,0.0347339032125031,0.06356090634070302,0.9914147721832989,0.0326113743775265,0.1067187745498899,0.9757978849829618,-0.04315786820918688,Neural network
26,12.0,0.025840182612701313,0.04250206181102649,0.9956301506909003,0.0074898163346655,0.0167216570406376,0.9993235976815584,0.02578040477038889,Random forest tuned
26,12.0,0.025840182612701313,0.04250206181102649,0.9956301506909003,0.0175578063136176,0.0478413192472292,0.99445472094902,-0.005339257436202713,Neural network
25,12.0,0.02525906390984614,0.05012903036737995,0.9939117045408397,0.0326113743775265,0.1067187745498899,0.9757978849829618,-0.05658974418250995,Neural network
25,12.0,0.02525906390984614,0.05012903036737995,0.9939117045408397,0.0185226129344154,0.0578197046182955,0.9923579197038525,-0.007690674250915547,Neural network
25,12.0,0.02525906390984614,0.05012903036737995,0.9939117045408397,0.010820862531577,0.0384080228483815,0.9964989870093084,0.011721007518998454,Random forest tuned
25,12.0,0.02525906390984614,0.05012903036737995,0.9939117045408397,0.0107217118156802,0.0301301603642844,0.9978175370184807,0.01999887000309555,Random forest tuned
25,12.0,0.02525906390984614,0.05012903036737995,0.9939117045408397,0.0074898163346655,0.0167216570406376,0.9993235976815584,0.03340737332674235,Random forest tuned
25,12.0,0.02525906390984614,0.05012903036737995,0.9939117045408397,0.0175578063136176,0.0478413192472292,0.99445472094902,0.0022877111201507483,Random forest tuned
30,12.0,0.0347339032125031,0.06356090634070302,0.9914147721832989,0.0074898163346655,0.0167216570406376,0.9993235976815584,0.04683924930006542,Random forest tuned
30,12.0,0.0347339032125031,0.06356090634070302,0.9914147721832989,0.0175578063136176,0.0478413192472292,0.99445472094902,0.01571958709347382,Random forest tuned
29,12.0,0.018049252110514124,0.03396979565576046,0.9973621765304533,0.0326113743775265,0.1067187745498899,0.9757978849829618,-0.07274897889412944,Neural network
29,12.0,0.018049252110514124,0.03396979565576046,0.9973621765304533,0.0185226129344154,0.0578197046182955,0.9923579197038525,-0.02384990896253504,Neural network
29,12.0,0.018049252110514124,0.03396979565576046,0.9973621765304533,0.010820862531577,0.0384080228483815,0.9964989870093084,-0.00443822719262104,Neural network
29,12.0,0.018049252110514124,0.03396979565576046,0.9973621765304533,0.0107217118156802,0.0301301603642844,0.9978175370184807,0.003839635291476056,Random forest tuned
29,12.0,0.018049252110514124,0.03396979565576046,0.9973621765304533,0.0074898163346655,0.0167216570406376,0.9993235976815584,0.01724813861512286,Random forest tuned
29,12.0,0.018049252110514124,0.03396979565576046,0.9973621765304533,0.0175578063136176,0.0478413192472292,0.99445472094902,-0.013871523591468746,Neural network
36,13.0,0.02417780164299796,0.046575719827110326,0.9950645047344747,0.0052825105002169,0.0126329725343201,0.9995937057358766,0.033942747292790225,Random forest tuned
36,13.0,0.02417780164299796,0.046575719827110326,0.9950645047344747,0.0155640779888394,0.033845530451638,0.9970830286130352,0.012730189375472323,Random forest tuned
35,13.0,0.02103794670420812,0.038958607452211365,0.9963990885773278,0.021730687281661,0.0594043398426256,0.9919712499769086,-0.020445732390414237,Neural network
35,13.0,0.02103794670420812,0.038958607452211365,0.9963990885773278,0.0102842513942838,0.030179079141964,0.9978391851466066,0.008779528310247364,Random forest tuned
35,13.0,0.02103794670420812,0.038958607452211365,0.9963990885773278,0.0077730954320909,0.0214810114173655,0.9988690475040096,0.017477596034845864,Random forest tuned
35,13.0,0.02103794670420812,0.038958607452211365,0.9963990885773278,0.0059791373493295,0.018545981758932,0.9991366492656883,0.020412625693279365,Random forest tuned
35,13.0,0.02103794670420812,0.038958607452211365,0.9963990885773278,0.0052825105002169,0.0126329725343201,0.9995937057358766,0.026325634917891264,Random forest tuned
35,13.0,0.02103794670420812,0.038958607452211365,0.9963990885773278,0.0155640779888394,0.033845530451638,0.9970830286130352,0.005113077000573361,Random forest tuned
34,13.0,0.024165743254040726,0.04335299838689233,0.9953934775641886,0.021730687281661,0.0594043398426256,0.9919712499769086,-0.016051341455733274,Neural network
34,13.0,0.024165743254040726,0.04335299838689233,0.9953934775641886,0.0102842513942838,0.030179079141964,0.9978391851466066,0.013173919244928327,Random forest tuned
34,13.0,0.024165743254040726,0.04335299838689233,0.9953934775641886,0.0077730954320909,0.0214810114173655,0.9988690475040096,0.021871986969526826,Random forest tuned
34,13.0,0.024165743254040726,0.04335299838689233,0.9953934775641886,0.0059791373493295,0.018545981758932,0.9991366492656883,0.024807016627960327,Random forest tuned
34,13.0,0.024165743254040726,0.04335299838689233,0.9953934775641886,0.0052825105002169,0.0126329725343201,0.9995937057358766,0.030720025852572226,Random forest tuned
34,13.0,0.024165743254040726,0.04335299838689233,0.9953934775641886,0.0155640779888394,0.033845530451638,0.9970830286130352,0.009507467935254324,Random forest tuned
33,13.0,0.02713690218861975,0.04487943642148257,0.9949442871964362,0.021730687281661,0.0594043398426256,0.9919712499769086,-0.014524903421143029,Neural network
33,13.0,0.02713690218861975,0.04487943642148257,0.9949442871964362,0.0102842513942838,0.030179079141964,0.9978391851466066,0.014700357279518572,Random forest tuned
36,13.0,0.02417780164299796,0.046575719827110326,0.9950645047344747,0.021730687281661,0.0594043398426256,0.9919712499769086,-0.012828620015515275,Neural network
36,13.0,0.02417780164299796,0.046575719827110326,0.9950645047344747,0.0102842513942838,0.030179079141964,0.9978391851466066,0.016396640685146326,Random forest tuned
36,13.0,0.02417780164299796,0.046575719827110326,0.9950645047344747,0.0077730954320909,0.0214810114173655,0.9988690475040096,0.025094708409744825,Random forest tuned
36,13.0,0.02417780164299796,0.046575719827110326,0.9950645047344747,0.0059791373493295,0.018545981758932,0.9991366492656883,0.028029738068178326,Random forest tuned
31,13.0,0.014520885110969004,0.02862490313539042,0.9979135039330149,0.0102842513942838,0.030179079141964,0.9978391851466066,-0.0015541760065735793,Neural network
31,13.0,0.014520885110969004,0.02862490313539042,0.9979135039330149,0.021730687281661,0.0594043398426256,0.9919712499769086,-0.03077943670723518,Neural network
32,13.0,0.012693053071802624,0.024210778778084117,0.9985077310376199,0.0155640779888394,0.033845530451638,0.9970830286130352,-0.009634751673553887,Neural network
32,13.0,0.012693053071802624,0.024210778778084117,0.9985077310376199,0.0052825105002169,0.0126329725343201,0.9995937057358766,0.011577806243764017,Random forest tuned
32,13.0,0.012693053071802624,0.024210778778084117,0.9985077310376199,0.0059791373493295,0.018545981758932,0.9991366492656883,0.005664797019152117,Random forest tuned
32,13.0,0.012693053071802624,0.024210778778084117,0.9985077310376199,0.0077730954320909,0.0214810114173655,0.9988690475040096,0.0027297673607186157,Random forest tuned
32,13.0,0.012693053071802624,0.024210778778084117,0.9985077310376199,0.0102842513942838,0.030179079141964,0.9978391851466066,-0.005968300363879884,Neural network
32,13.0,0.012693053071802624,0.024210778778084117,0.9985077310376199,0.021730687281661,0.0594043398426256,0.9919712499769086,-0.03519356106454148,Neural network
33,13.0,0.02713690218861975,0.04487943642148257,0.9949442871964362,0.0155640779888394,0.033845530451638,0.9970830286130352,0.01103390596984457,Random forest tuned
33,13.0,0.02713690218861975,0.04487943642148257,0.9949442871964362,0.0052825105002169,0.0126329725343201,0.9995937057358766,0.03224646388716247,Random forest tuned
33,13.0,0.02713690218861975,0.04487943642148257,0.9949442871964362,0.0059791373493295,0.018545981758932,0.9991366492656883,0.026333454662550573,Random forest tuned
33,13.0,0.02713690218861975,0.04487943642148257,0.9949442871964362,0.0077730954320909,0.0214810114173655,0.9988690475040096,0.023398425004117072,Random forest tuned
31,13.0,0.014520885110969004,0.02862490313539042,0.9979135039330149,0.0155640779888394,0.033845530451638,0.9970830286130352,-0.005220627316247582,Neural network
31,13.0,0.014520885110969004,0.02862490313539042,0.9979135039330149,0.0052825105002169,0.0126329725343201,0.9995937057358766,0.01599193060107032,Random forest tuned
31,13.0,0.014520885110969004,0.02862490313539042,0.9979135039330149,0.0059791373493295,0.018545981758932,0.9991366492656883,0.010078921376458421,Random forest tuned
31,13.0,0.014520885110969004,0.02862490313539042,0.9979135039330149,0.0077730954320909,0.0214810114173655,0.9988690475040096,0.00714389171802492,Random forest tuned
40,14.0,0.011966209890960306,0.024280879644493714,0.998530421727612,0.0191747091724128,0.0449315956068298,0.9953695600819616,-0.020650715962336086,Neural network
40,14.0,0.011966209890960306,0.024280879644493714,0.998530421727612,0.0078365245845101,0.0249650136168685,0.9985022729088238,-0.0006841339723747848,Neural network
40,14.0,0.011966209890960306,0.024280879644493714,0.998530421727612,0.0060310887307641,0.0147202476205336,0.999459875196708,0.009560632023960113,Random forest tuned
40,14.0,0.011966209890960306,0.024280879644493714,0.998530421727612,0.0062320818600107,0.0147294459721041,0.9994439418269466,0.009551433672389614,Random forest tuned
40,14.0,0.011966209890960306,0.024280879644493714,0.998530421727612,0.0032946866984609,0.0088505409682606,0.999796500928214,0.015430338676233113,Random forest tuned
40,14.0,0.011966209890960306,0.024280879644493714,0.998530421727612,0.0141169952192127,0.028134296047387,0.997932722193186,-0.0038534164028932866,Neural network
39,14.0,0.018652595725748244,0.033915314597680025,0.9970519210839617,0.0191747091724128,0.0449315956068298,0.9953695600819616,-0.011016281009149774,Neural network
39,14.0,0.018652595725748244,0.033915314597680025,0.9970519210839617,0.0078365245845101,0.0249650136168685,0.9985022729088238,0.008950300980811527,Random forest tuned
39,14.0,0.018652595725748244,0.033915314597680025,0.9970519210839617,0.0060310887307641,0.0147202476205336,0.999459875196708,0.019195066977146423,Random forest tuned
39,14.0,0.018652595725748244,0.033915314597680025,0.9970519210839617,0.0062320818600107,0.0147294459721041,0.9994439418269466,0.019185868625575926,Random forest tuned
39,14.0,0.018652595725748244,0.033915314597680025,0.9970519210839617,0.0032946866984609,0.0088505409682606,0.999796500928214,0.025064773629419425,Random forest tuned
39,14.0,0.018652595725748244,0.033915314597680025,0.9970519210839617,0.0141169952192127,0.028134296047387,0.997932722193186,0.005781018550293025,Random forest tuned
41,14.0,0.015486775840610095,0.027621678319652374,0.9981665494660018,0.0060310887307641,0.0147202476205336,0.999459875196708,0.012901430699118773,Random forest tuned
41,14.0,0.015486775840610095,0.027621678319652374,0.9981665494660018,0.0062320818600107,0.0147294459721041,0.9994439418269466,0.012892232347548275,Random forest tuned
41,14.0,0.015486775840610095,0.027621678319652374,0.9981665494660018,0.0032946866984609,0.0088505409682606,0.999796500928214,0.018771137351391774,Random forest tuned
41,14.0,0.015486775840610095,0.027621678319652374,0.9981665494660018,0.0141169952192127,0.028134296047387,0.997932722193186,-0.000512617727734626,Neural network
38,14.0,0.016303593123292798,0.026047534058122095,0.9982373908174893,0.0191747091724128,0.0449315956068298,0.9953695600819616,-0.018884061548707705,Neural network
38,14.0,0.016303593123292798,0.026047534058122095,0.9982373908174893,0.0078365245845101,0.0249650136168685,0.9985022729088238,0.0010825204412535962,Random forest tuned
38,14.0,0.016303593123292798,0.026047534058122095,0.9982373908174893,0.0060310887307641,0.0147202476205336,0.999459875196708,0.011327286437588494,Random forest tuned
38,14.0,0.016303593123292798,0.026047534058122095,0.9982373908174893,0.0062320818600107,0.0147294459721041,0.9994439418269466,0.011318088086017995,Random forest tuned
37,14.0,0.021581119840373687,0.041794688920683463,0.995437856618718,0.0078365245845101,0.0249650136168685,0.9985022729088238,0.016829675303814965,Random forest tuned
37,14.0,0.021581119840373687,0.041794688920683463,0.995437856618718,0.0191747091724128,0.0449315956068298,0.9953695600819616,-0.003136906686146336,Neural network
38,14.0,0.016303593123292798,0.026047534058122095,0.9982373908174893,0.0141169952192127,0.028134296047387,0.997932722193186,-0.0020867619892649056,Neural network
38,14.0,0.016303593123292798,0.026047534058122095,0.9982373908174893,0.0032946866984609,0.0088505409682606,0.999796500928214,0.017196993089861494,Random forest tuned
37,14.0,0.021581119840373687,0.041794688920683463,0.995437856618718,0.0141169952192127,0.028134296047387,0.997932722193186,0.013660392873296463,Random forest tuned
37,14.0,0.021581119840373687,0.041794688920683463,0.995437856618718,0.0032946866984609,0.0088505409682606,0.999796500928214,0.03294414795242286,Random forest tuned
37,14.0,0.021581119840373687,0.041794688920683463,0.995437856618718,0.0062320818600107,0.0147294459721041,0.9994439418269466,0.027065242948579364,Random forest tuned
37,14.0,0.021581119840373687,0.041794688920683463,0.995437856618718,0.0060310887307641,0.0147202476205336,0.999459875196708,0.02707444130014986,Random forest tuned
41,14.0,0.015486775840610095,0.027621678319652374,0.9981665494660018,0.0078365245845101,0.0249650136168685,0.9985022729088238,0.002656664702783876,Random forest tuned
41,14.0,0.015486775840610095,0.027621678319652374,0.9981665494660018,0.0191747091724128,0.0449315956068298,0.9953695600819616,-0.017309917287177425,Neural network
42,14.0,0.024002286164593056,0.042196394558212606,0.9959161549134107,0.0141169952192127,0.028134296047387,0.997932722193186,0.014062098510825606,Random forest tuned
42,14.0,0.024002286164593056,0.042196394558212606,0.9959161549134107,0.0032946866984609,0.0088505409682606,0.999796500928214,0.033345853589952006,Random forest tuned
42,14.0,0.024002286164593056,0.042196394558212606,0.9959161549134107,0.0062320818600107,0.0147294459721041,0.9994439418269466,0.027466948586108507,Random forest tuned
42,14.0,0.024002286164593056,0.042196394558212606,0.9959161549134107,0.0060310887307641,0.0147202476205336,0.999459875196708,0.027476146937679004,Random forest tuned
42,14.0,0.024002286164593056,0.042196394558212606,0.9959161549134107,0.0078365245845101,0.0249650136168685,0.9985022729088238,0.017231380941344108,Random forest tuned
42,14.0,0.024002286164593056,0.042196394558212606,0.9959161549134107,0.0191747091724128,0.0449315956068298,0.9953695600819616,-0.002735201048617193,Neural network
45,15.0,0.020475712380884102,0.039885309302425474,0.9959411033202882,0.0038220142077544,0.0066801861171573,0.99988865571327,0.03320512318526817,Random forest tuned
45,15.0,0.020475712380884102,0.039885309302425474,0.9959411033202882,0.0039248153244078,0.0084368647085845,0.9998183881268788,0.031448444593840975,Random forest tuned
45,15.0,0.020475712380884102,0.039885309302425474,0.9959411033202882,0.004053356255966,0.0072225618613679,0.9998649059293748,0.03266274744105757,Random forest tuned
45,15.0,0.020475712380884102,0.039885309302425474,0.9959411033202882,0.0111904268636155,0.0190234802598077,0.9990554501296008,0.020861829042617776,Random forest tuned
44,15.0,0.0159607955185543,0.035641131927946226,0.9967102967481797,0.0177409486173701,0.0369221563899854,0.996863051553202,-0.0012810244620391764,Neural network
44,15.0,0.0159607955185543,0.035641131927946226,0.9967102967481797,0.0068267563899137,0.0155003425540943,0.9994207673143696,0.020140789373851928,Random forest tuned
44,15.0,0.0159607955185543,0.035641131927946226,0.9967102967481797,0.0038220142077544,0.0066801861171573,0.99988865571327,0.028960945810788927,Random forest tuned
44,15.0,0.0159607955185543,0.035641131927946226,0.9967102967481797,0.0039248153244078,0.0084368647085845,0.9998183881268788,0.027204267219361727,Random forest tuned
46,15.0,0.018052392132405583,0.030688956946329216,0.9976500692283359,0.0177409486173701,0.0369221563899854,0.996863051553202,-0.0062331994436561865,Neural network
46,15.0,0.018052392132405583,0.030688956946329216,0.9976500692283359,0.0068267563899137,0.0155003425540943,0.9994207673143696,0.015188614392234916,Random forest tuned
46,15.0,0.018052392132405583,0.030688956946329216,0.9976500692283359,0.0038220142077544,0.0066801861171573,0.99988865571327,0.024008770829171917,Random forest tuned
46,15.0,0.018052392132405583,0.030688956946329216,0.9976500692283359,0.0039248153244078,0.0084368647085845,0.9998183881268788,0.022252092237744714,Random forest tuned
46,15.0,0.018052392132405583,0.030688956946329216,0.9976500692283359,0.004053356255966,0.0072225618613679,0.9998649059293748,0.023466395084961317,Random forest tuned
46,15.0,0.018052392132405583,0.030688956946329216,0.9976500692283359,0.0111904268636155,0.0190234802598077,0.9990554501296008,0.011665476686521518,Random forest tuned
45,15.0,0.020475712380884102,0.039885309302425474,0.9959411033202882,0.0177409486173701,0.0369221563899854,0.996863051553202,0.0029631529124400716,Random forest tuned
45,15.0,0.020475712380884102,0.039885309302425474,0.9959411033202882,0.0068267563899137,0.0155003425540943,0.9994207673143696,0.024384966748331176,Random forest tuned
47,15.0,0.01714782099680925,0.029281605022061646,0.9979329060069989,0.0038220142077544,0.0066801861171573,0.99988865571327,0.022601418904904347,Random forest tuned
47,15.0,0.01714782099680925,0.029281605022061646,0.9979329060069989,0.0039248153244078,0.0084368647085845,0.9998183881268788,0.020844740313477148,Random forest tuned
47,15.0,0.01714782099680925,0.029281605022061646,0.9979329060069989,0.004053356255966,0.0072225618613679,0.9998649059293748,0.022059043160693747,Random forest tuned
47,15.0,0.01714782099680925,0.029281605022061646,0.9979329060069989,0.0111904268636155,0.0190234802598077,0.9990554501296008,0.010258124762253948,Random forest tuned
43,15.0,0.0159347825806183,0.026652983187833386,0.9981458852907729,0.0068267563899137,0.0155003425540943,0.9994207673143696,0.011152640633739086,Random forest tuned
43,15.0,0.0159347825806183,0.026652983187833386,0.9981458852907729,0.0177409486173701,0.0369221563899854,0.996863051553202,-0.010269173202152017,Neural network
44,15.0,0.0159607955185543,0.035641131927946226,0.9967102967481797,0.0111904268636155,0.0190234802598077,0.9990554501296008,0.016617651668138528,Random forest tuned
44,15.0,0.0159607955185543,0.035641131927946226,0.9967102967481797,0.004053356255966,0.0072225618613679,0.9998649059293748,0.028418570066578327,Random forest tuned
48,15.0,0.01657701150379905,0.030705578974031603,0.9978304590696276,0.0039248153244078,0.0084368647085845,0.9998183881268788,0.022268714265447104,Random forest tuned
48,15.0,0.01657701150379905,0.030705578974031603,0.9978304590696276,0.0038220142077544,0.0066801861171573,0.99988865571327,0.024025392856874304,Random forest tuned
48,15.0,0.01657701150379905,0.030705578974031603,0.9978304590696276,0.0068267563899137,0.0155003425540943,0.9994207673143696,0.015205236419937302,Random forest tuned
48,15.0,0.01657701150379905,0.030705578974031603,0.9978304590696276,0.0177409486173701,0.0369221563899854,0.996863051553202,-0.0062165774159538,Neural network
47,15.0,0.01714782099680925,0.029281605022061646,0.9979329060069989,0.0068267563899137,0.0155003425540943,0.9994207673143696,0.013781262467967346,Random forest tuned
47,15.0,0.01714782099680925,0.029281605022061646,0.9979329060069989,0.0177409486173701,0.0369221563899854,0.996863051553202,-0.007640551367923756,Neural network
48,15.0,0.01657701150379905,0.030705578974031603,0.9978304590696276,0.0111904268636155,0.0190234802598077,0.9990554501296008,0.011682098714223904,Random forest tuned
48,15.0,0.01657701150379905,0.030705578974031603,0.9978304590696276,0.004053356255966,0.0072225618613679,0.9998649059293748,0.023483017112663703,Random forest tuned
43,15.0,0.0159347825806183,0.026652983187833386,0.9981458852907729,0.0111904268636155,0.0190234802598077,0.9990554501296008,0.007629502928025687,Random forest tuned
43,15.0,0.0159347825806183,0.026652983187833386,0.9981458852907729,0.004053356255966,0.0072225618613679,0.9998649059293748,0.019430421326465486,Random forest tuned
43,15.0,0.0159347825806183,0.026652983187833386,0.9981458852907729,0.0039248153244078,0.0084368647085845,0.9998183881268788,0.018216118479248887,Random forest tuned
43,15.0,0.0159347825806183,0.026652983187833386,0.9981458852907729,0.0038220142077544,0.0066801861171573,0.99988865571327,0.019972797070676087,Random forest tuned
50,16.0,0.016548566657531003,0.036072227517911414,0.9966626812642426,0.0041883855247544,0.0056970098981481,0.9999167573856128,0.030375217619763313,Random forest tuned
50,16.0,0.016548566657531003,0.036072227517911414,0.9966626812642426,0.0095311328982493,0.0152246118774149,0.9993992151099304,0.020847615640496513,Random forest tuned
49,16.0,0.020232589703907473,0.037947975891844815,0.9962674659897894,0.0143490311278675,0.0243076481879239,0.9986426346399656,0.013640327703920915,Random forest tuned
49,16.0,0.020232589703907473,0.037947975891844815,0.9962674659897894,0.0077705820681324,0.0116813226582224,0.9996742130833162,0.026266653233622414,Random forest tuned
52,16.0,0.011488673335213388,0.02184551026679259,0.9988229076930122,0.0041883855247544,0.0056970098981481,0.9999167573856128,0.01614850036864449,Random forest tuned
52,16.0,0.011488673335213388,0.02184551026679259,0.9988229076930122,0.0095311328982493,0.0152246118774149,0.9993992151099304,0.00662089838937769,Random forest tuned
51,16.0,0.02137376084448282,0.04301564946908108,0.9953315820738001,0.0143490311278675,0.0243076481879239,0.9986426346399656,0.018708001281157183,Random forest tuned
51,16.0,0.02137376084448282,0.04301564946908108,0.9953315820738001,0.0077705820681324,0.0116813226582224,0.9996742130833162,0.03133432681085868,Random forest tuned
51,16.0,0.02137376084448282,0.04301564946908108,0.9953315820738001,0.0058434108143269,0.006948757223412,0.9998809031125424,0.036066892245669085,Random forest tuned
51,16.0,0.02137376084448282,0.04301564946908108,0.9953315820738001,0.0057560346639638,0.0071530331006918,0.9998709086244164,0.035862616368389284,Random forest tuned
51,16.0,0.02137376084448282,0.04301564946908108,0.9953315820738001,0.0041883855247544,0.0056970098981481,0.9999167573856128,0.03731863957093298,Random forest tuned
51,16.0,0.02137376084448282,0.04301564946908108,0.9953315820738001,0.0095311328982493,0.0152246118774149,0.9993992151099304,0.027791037591666182,Random forest tuned
50,16.0,0.016548566657531003,0.036072227517911414,0.9966626812642426,0.0143490311278675,0.0243076481879239,0.9986426346399656,0.011764579329987514,Random forest tuned
50,16.0,0.016548566657531003,0.036072227517911414,0.9966626812642426,0.0077705820681324,0.0116813226582224,0.9996742130833162,0.024390904859689012,Random forest tuned
50,16.0,0.016548566657531003,0.036072227517911414,0.9966626812642426,0.0058434108143269,0.006948757223412,0.9998809031125424,0.029123470294499413,Random forest tuned
50,16.0,0.016548566657531003,0.036072227517911414,0.9966626812642426,0.0057560346639638,0.0071530331006918,0.9998709086244164,0.028919194417219615,Random forest tuned
49,16.0,0.020232589703907473,0.037947975891844815,0.9962674659897894,0.0058434108143269,0.006948757223412,0.9998809031125424,0.030999218668432815,Random forest tuned
49,16.0,0.020232589703907473,0.037947975891844815,0.9962674659897894,0.0057560346639638,0.0071530331006918,0.9998709086244164,0.030794942791153017,Random forest tuned
49,16.0,0.020232589703907473,0.037947975891844815,0.9962674659897894,0.0041883855247544,0.0056970098981481,0.9999167573856128,0.032250965993696715,Random forest tuned
49,16.0,0.020232589703907473,0.037947975891844815,0.9962674659897894,0.0095311328982493,0.0152246118774149,0.9993992151099304,0.022723364014429915,Random forest tuned
52,16.0,0.011488673335213388,0.02184551026679259,0.9988229076930122,0.0057560346639638,0.0071530331006918,0.9998709086244164,0.01469247716610079,Random forest tuned
52,16.0,0.011488673335213388,0.02184551026679259,0.9988229076930122,0.0058434108143269,0.006948757223412,0.9998809031125424,0.01489675304338059,Random forest tuned
52,16.0,0.011488673335213388,0.02184551026679259,0.9988229076930122,0.0077705820681324,0.0116813226582224,0.9996742130833162,0.01016418760857019,Random forest tuned
52,16.0,0.011488673335213388,0.02184551026679259,0.9988229076930122,0.0143490311278675,0.0243076481879239,0.9986426346399656,-0.0024621379211313098,Neural network
53,16.0,0.028875605226421606,0.053302961668438766,0.9932165241990195,0.0095311328982493,0.0152246118774149,0.9993992151099304,0.03807834979102387,Random forest tuned
53,16.0,0.028875605226421606,0.053302961668438766,0.9932165241990195,0.0041883855247544,0.0056970098981481,0.9999167573856128,0.047605951770290665,Random forest tuned
53,16.0,0.028875605226421606,0.053302961668438766,0.9932165241990195,0.0057560346639638,0.0071530331006918,0.9998709086244164,0.04614992856774697,Random forest tuned
53,16.0,0.028875605226421606,0.053302961668438766,0.9932165241990195,0.0058434108143269,0.006948757223412,0.9998809031125424,0.04635420444502677,Random forest tuned
53,16.0,0.028875605226421606,0.053302961668438766,0.9932165241990195,0.0077705820681324,0.0116813226582224,0.9996742130833162,0.041621639010216364,Random forest tuned
53,16.0,0.028875605226421606,0.053302961668438766,0.9932165241990195,0.0143490311278675,0.0243076481879239,0.9986426346399656,0.028995313480514866,Random forest tuned
54,16.0,0.019882833568290962,0.034626831895207766,0.9972455404765321,0.0095311328982493,0.0152246118774149,0.9993992151099304,0.019402220017792866,Random forest tuned
54,16.0,0.019882833568290962,0.034626831895207766,0.9972455404765321,0.0041883855247544,0.0056970098981481,0.9999167573856128,0.028929821997059665,Random forest tuned
54,16.0,0.019882833568290962,0.034626831895207766,0.9972455404765321,0.0057560346639638,0.0071530331006918,0.9998709086244164,0.027473798794515968,Random forest tuned
54,16.0,0.019882833568290962,0.034626831895207766,0.9972455404765321,0.0058434108143269,0.006948757223412,0.9998809031125424,0.027678074671795765,Random forest tuned
54,16.0,0.019882833568290962,0.034626831895207766,0.9972455404765321,0.0077705820681324,0.0116813226582224,0.9996742130833162,0.022945509236985365,Random forest tuned
54,16.0,0.019882833568290962,0.034626831895207766,0.9972455404765321,0.0143490311278675,0.0243076481879239,0.9986426346399656,0.010319183707283866,Random forest tuned
57,17.0,0.014849982228806657,0.024635862698786988,0.9985132084103374,0.0044269572463111,0.0064108627758547,0.9999019252778808,0.01822499992293229,Random forest tuned
57,17.0,0.014849982228806657,0.024635862698786988,0.9985132084103374,0.0050540332211462,0.0076810832240196,0.9998554695059868,0.01695477947476739,Random forest tuned
57,17.0,0.014849982228806657,0.024635862698786988,0.9985132084103374,0.0031975992468836,0.005216310131591,0.9999320076664022,0.019419552567195988,Random forest tuned
57,17.0,0.014849982228806657,0.024635862698786988,0.9985132084103374,0.0098304532543254,0.0151719646805182,0.999416482775218,0.009463898018268788,Random forest tuned
56,17.0,0.01595603702956228,0.02744119123636864,0.9981183490693933,0.0131513214769889,0.019451507666959,0.9991558439921016,0.007989683569409642,Random forest tuned
56,17.0,0.01595603702956228,0.02744119123636864,0.9981183490693933,0.005071465558291,0.0085843177848361,0.9998294127636512,0.01885687345153254,Random forest tuned
56,17.0,0.01595603702956228,0.02744119123636864,0.9981183490693933,0.0044269572463111,0.0064108627758547,0.9999019252778808,0.02103032846051394,Random forest tuned
56,17.0,0.01595603702956228,0.02744119123636864,0.9981183490693933,0.0050540332211462,0.0076810832240196,0.9998554695059868,0.01976010801234904,Random forest tuned
56,17.0,0.01595603702956228,0.02744119123636864,0.9981183490693933,0.0031975992468836,0.005216310131591,0.9999320076664022,0.02222488110477764,Random forest tuned
56,17.0,0.01595603702956228,0.02744119123636864,0.9981183490693933,0.0098304532543254,0.0151719646805182,0.999416482775218,0.01226922655585044,Random forest tuned
55,17.0,0.027599610975128672,0.050605588629463995,0.9935081721299607,0.0131513214769889,0.019451507666959,0.9991558439921016,0.031154080962504997,Random forest tuned
55,17.0,0.027599610975128672,0.050605588629463995,0.9935081721299607,0.005071465558291,0.0085843177848361,0.9998294127636512,0.042021270844627895,Random forest tuned
55,17.0,0.027599610975128672,0.050605588629463995,0.9935081721299607,0.0044269572463111,0.0064108627758547,0.9999019252778808,0.0441947258536093,Random forest tuned
55,17.0,0.027599610975128672,0.050605588629463995,0.9935081721299607,0.0050540332211462,0.0076810832240196,0.9998554695059868,0.042924505405444395,Random forest tuned
55,17.0,0.027599610975128672,0.050605588629463995,0.9935081721299607,0.0031975992468836,0.005216310131591,0.9999320076664022,0.045389278497873,Random forest tuned
55,17.0,0.027599610975128672,0.050605588629463995,0.9935081721299607,0.0098304532543254,0.0151719646805182,0.999416482775218,0.035433623948945794,Random forest tuned
60,17.0,0.026819798218140938,0.04356336403831867,0.9957659206087437,0.0031975992468836,0.005216310131591,0.9999320076664022,0.03834705390672767,Random forest tuned
60,17.0,0.026819798218140938,0.04356336403831867,0.9957659206087437,0.0098304532543254,0.0151719646805182,0.999416482775218,0.028391399357800468,Random forest tuned
59,17.0,0.02100516178412209,0.03734458833191431,0.9967715778892106,0.0131513214769889,0.019451507666959,0.9991558439921016,0.01789308066495531,Random forest tuned
59,17.0,0.02100516178412209,0.03734458833191431,0.9967715778892106,0.005071465558291,0.0085843177848361,0.9998294127636512,0.028760270547078207,Random forest tuned
59,17.0,0.02100516178412209,0.03734458833191431,0.9967715778892106,0.0044269572463111,0.0064108627758547,0.9999019252778808,0.030933725556059607,Random forest tuned
59,17.0,0.02100516178412209,0.03734458833191431,0.9967715778892106,0.0050540332211462,0.0076810832240196,0.9998554695059868,0.029663505107894707,Random forest tuned
59,17.0,0.02100516178412209,0.03734458833191431,0.9967715778892106,0.0031975992468836,0.005216310131591,0.9999320076664022,0.03212827820032331,Random forest tuned
59,17.0,0.02100516178412209,0.03734458833191431,0.9967715778892106,0.0098304532543254,0.0151719646805182,0.999416482775218,0.022172623651396106,Random forest tuned
58,17.0,0.020827033768082027,0.039105317739352226,0.9963508159969543,0.0131513214769889,0.019451507666959,0.9991558439921016,0.019653810072393228,Random forest tuned
58,17.0,0.020827033768082027,0.039105317739352226,0.9963508159969543,0.005071465558291,0.0085843177848361,0.9998294127636512,0.030520999954516126,Random forest tuned
58,17.0,0.020827033768082027,0.039105317739352226,0.9963508159969543,0.0044269572463111,0.0064108627758547,0.9999019252778808,0.03269445496349753,Random forest tuned
58,17.0,0.020827033768082027,0.039105317739352226,0.9963508159969543,0.0050540332211462,0.0076810832240196,0.9998554695059868,0.031424234515332626,Random forest tuned
58,17.0,0.020827033768082027,0.039105317739352226,0.9963508159969543,0.0031975992468836,0.005216310131591,0.9999320076664022,0.03388900760776123,Random forest tuned
58,17.0,0.020827033768082027,0.039105317739352226,0.9963508159969543,0.0098304532543254,0.0151719646805182,0.999416482775218,0.023933353058834025,Random forest tuned
57,17.0,0.014849982228806657,0.024635862698786988,0.9985132084103374,0.0131513214769889,0.019451507666959,0.9991558439921016,0.00518435503182799,Random forest tuned
57,17.0,0.014849982228806657,0.024635862698786988,0.9985132084103374,0.005071465558291,0.0085843177848361,0.9998294127636512,0.016051544913950888,Random forest tuned
60,17.0,0.026819798218140938,0.04356336403831867,0.9957659206087437,0.0050540332211462,0.0076810832240196,0.9998554695059868,0.03588228081429907,Random forest tuned
60,17.0,0.026819798218140938,0.04356336403831867,0.9957659206087437,0.0044269572463111,0.0064108627758547,0.9999019252778808,0.03715250126246397,Random forest tuned
60,17.0,0.026819798218140938,0.04356336403831867,0.9957659206087437,0.005071465558291,0.0085843177848361,0.9998294127636512,0.03497904625348257,Random forest tuned
60,17.0,0.026819798218140938,0.04356336403831867,0.9957659206087437,0.0131513214769889,0.019451507666959,0.9991558439921016,0.02411185637135967,Random forest tuned
61,18.0,0.02098037005958492,0.034952390561821596,0.9969614575549124,0.0095715192157875,0.0146573206155058,0.999465656274995,0.020295069946315795,Random forest tuned
61,18.0,0.02098037005958492,0.034952390561821596,0.9969614575549124,0.0035204801290295,0.0054497457744801,0.9999273119802669,0.029502644787341496,Random forest tuned
61,18.0,0.02098037005958492,0.034952390561821596,0.9969614575549124,0.00449946243087,0.0065110660866627,0.9998983207918328,0.028441324475158895,Random forest tuned
61,18.0,0.02098037005958492,0.034952390561821596,0.9969614575549124,0.0039984876625836,0.0052246767565541,0.9999361276523472,0.029727713805267494,Random forest tuned
61,18.0,0.02098037005958492,0.034952390561821596,0.9969614575549124,0.0049310429207121,0.0068715517573834,0.9998928158138188,0.028080838804438197,Random forest tuned
61,18.0,0.02098037005958492,0.034952390561821596,0.9969614575549124,0.0116765422005192,0.0184358468609965,0.999258262591964,0.016516543700825097,Random forest tuned
62,18.0,0.01855001532852875,0.033355476236359885,0.9972770188045459,0.0095715192157875,0.0146573206155058,0.999465656274995,0.018698155620854084,Random forest tuned
62,18.0,0.01855001532852875,0.033355476236359885,0.9972770188045459,0.0035204801290295,0.0054497457744801,0.9999273119802669,0.027905730461879785,Random forest tuned
62,18.0,0.01855001532852875,0.033355476236359885,0.9972770188045459,0.00449946243087,0.0065110660866627,0.9998983207918328,0.026844410149697184,Random forest tuned
62,18.0,0.01855001532852875,0.033355476236359885,0.9972770188045459,0.0039984876625836,0.0052246767565541,0.9999361276523472,0.028130799479805783,Random forest tuned
62,18.0,0.01855001532852875,0.033355476236359885,0.9972770188045459,0.0049310429207121,0.0068715517573834,0.9998928158138188,0.026483924478976486,Random forest tuned
62,18.0,0.01855001532852875,0.033355476236359885,0.9972770188045459,0.0116765422005192,0.0184358468609965,0.999258262591964,0.014919629375363386,Random forest tuned
65,18.0,0.01786720190001349,0.035308680114645226,0.9971700156259681,0.0039984876625836,0.0052246767565541,0.9999361276523472,0.030084003358091124,Random forest tuned
65,18.0,0.01786720190001349,0.035308680114645226,0.9971700156259681,0.00449946243087,0.0065110660866627,0.9998983207918328,0.028797614027982525,Random forest tuned
65,18.0,0.01786720190001349,0.035308680114645226,0.9971700156259681,0.0035204801290295,0.0054497457744801,0.9999273119802669,0.029858934340165125,Random forest tuned
65,18.0,0.01786720190001349,0.035308680114645226,0.9971700156259681,0.0095715192157875,0.0146573206155058,0.999465656274995,0.020651359499139425,Random forest tuned
64,18.0,0.014414792833537452,0.030325873217322677,0.9978481070820419,0.0116765422005192,0.0184358468609965,0.999258262591964,0.011890026356326178,Random forest tuned
64,18.0,0.014414792833537452,0.030325873217322677,0.9978481070820419,0.0049310429207121,0.0068715517573834,0.9998928158138188,0.023454321459939278,Random forest tuned
64,18.0,0.014414792833537452,0.030325873217322677,0.9978481070820419,0.0039984876625836,0.0052246767565541,0.9999361276523472,0.025101196460768575,Random forest tuned
64,18.0,0.014414792833537452,0.030325873217322677,0.9978481070820419,0.00449946243087,0.0065110660866627,0.9998983207918328,0.023814807130659976,Random forest tuned
64,18.0,0.014414792833537452,0.030325873217322677,0.9978481070820419,0.0035204801290295,0.0054497457744801,0.9999273119802669,0.024876127442842576,Random forest tuned
64,18.0,0.014414792833537452,0.030325873217322677,0.9978481070820419,0.0095715192157875,0.0146573206155058,0.999465656274995,0.015668552601816876,Random forest tuned
63,18.0,0.024459021185429985,0.041425412425266865,0.9958841301770767,0.0116765422005192,0.0184358468609965,0.999258262591964,0.022989565564270367,Random forest tuned
63,18.0,0.024459021185429985,0.041425412425266865,0.9958841301770767,0.0049310429207121,0.0068715517573834,0.9998928158138188,0.03455386066788346,Random forest tuned
63,18.0,0.024459021185429985,0.041425412425266865,0.9958841301770767,0.0039984876625836,0.0052246767565541,0.9999361276523472,0.036200735668712763,Random forest tuned
63,18.0,0.024459021185429985,0.041425412425266865,0.9958841301770767,0.00449946243087,0.0065110660866627,0.9998983207918328,0.034914346338604164,Random forest tuned
63,18.0,0.024459021185429985,0.041425412425266865,0.9958841301770767,0.0035204801290295,0.0054497457744801,0.9999273119802669,0.03597566665078677,Random forest tuned
63,18.0,0.024459021185429985,0.041425412425266865,0.9958841301770767,0.0095715192157875,0.0146573206155058,0.999465656274995,0.026768091809761065,Random forest tuned
65,18.0,0.01786720190001349,0.035308680114645226,0.9971700156259681,0.0049310429207121,0.0068715517573834,0.9998928158138188,0.028437128357261827,Random forest tuned
65,18.0,0.01786720190001349,0.035308680114645226,0.9971700156259681,0.0116765422005192,0.0184358468609965,0.999258262591964,0.016872833253648727,Random forest tuned
66,18.0,0.02013817496377624,0.03851342899983108,0.9967629577121929,0.0095715192157875,0.0146573206155058,0.999465656274995,0.02385610838432528,Random forest tuned
66,18.0,0.02013817496377624,0.03851342899983108,0.9967629577121929,0.0035204801290295,0.0054497457744801,0.9999273119802669,0.033063683225350984,Random forest tuned
66,18.0,0.02013817496377624,0.03851342899983108,0.9967629577121929,0.00449946243087,0.0065110660866627,0.9998983207918328,0.03200236291316838,Random forest tuned
66,18.0,0.02013817496377624,0.03851342899983108,0.9967629577121929,0.0039984876625836,0.0052246767565541,0.9999361276523472,0.03328875224327698,Random forest tuned
66,18.0,0.02013817496377624,0.03851342899983108,0.9967629577121929,0.0049310429207121,0.0068715517573834,0.9998928158138188,0.03164187724244768,Random forest tuned
66,18.0,0.02013817496377624,0.03851342899983108,0.9967629577121929,0.0116765422005192,0.0184358468609965,0.999258262591964,0.020077582138834583,Random forest tuned
71,19.0,0.036981895925792076,0.06984735809348472,0.9892366223244232,0.0108356480486858,0.0141161873004078,0.9995146985453524,0.05573117079307692,Random forest tuned
71,19.0,0.036981895925792076,0.06984735809348472,0.9892366223244232,0.0029196594027969,0.0047861715307153,0.9999452099199296,0.06506118656276942,Random forest tuned
71,19.0,0.036981895925792076,0.06984735809348472,0.9892366223244232,0.0048419152451375,0.0060460603970784,0.9999144543093832,0.06380129769640631,Random forest tuned
71,19.0,0.036981895925792076,0.06984735809348472,0.9892366223244232,0.0031704550486594,0.0047827820759102,0.9999478637045226,0.06506457601757452,Random forest tuned
72,19.0,0.024535754501031074,0.04537219064183423,0.9956243361791681,0.0114385339531098,0.0165179330031111,0.9994200696305534,0.02885425763872313,Random forest tuned
72,19.0,0.024535754501031074,0.04537219064183423,0.9956243361791681,0.0050010660372114,0.0075955099911007,0.9998727193190392,0.03777668065073353,Random forest tuned
72,19.0,0.024535754501031074,0.04537219064183423,0.9956243361791681,0.0031704550486594,0.0047827820759102,0.9999478637045226,0.04058940856592403,Random forest tuned
72,19.0,0.024535754501031074,0.04537219064183423,0.9956243361791681,0.0048419152451375,0.0060460603970784,0.9999144543093832,0.03932613024475583,Random forest tuned
68,19.0,0.02200335235427144,0.03770760002087718,0.9965991834910228,0.0048419152451375,0.0060460603970784,0.9999144543093832,0.03166153962379878,Random forest tuned
68,19.0,0.02200335235427144,0.03770760002087718,0.9965991834910228,0.0031704550486594,0.0047827820759102,0.9999478637045226,0.03292481794496698,Random forest tuned
68,19.0,0.02200335235427144,0.03770760002087718,0.9965991834910228,0.0050010660372114,0.0075955099911007,0.9998727193190392,0.03011209002977648,Random forest tuned
68,19.0,0.02200335235427144,0.03770760002087718,0.9965991834910228,0.0114385339531098,0.0165179330031111,0.9994200696305534,0.021189667017766083,Random forest tuned
71,19.0,0.036981895925792076,0.06984735809348472,0.9892366223244232,0.0050010660372114,0.0075955099911007,0.9998727193190392,0.062251848102384016,Random forest tuned
71,19.0,0.036981895925792076,0.06984735809348472,0.9892366223244232,0.0114385339531098,0.0165179330031111,0.9994200696305534,0.05332942509037362,Random forest tuned
72,19.0,0.024535754501031074,0.04537219064183423,0.9956243361791681,0.0108356480486858,0.0141161873004078,0.9995146985453524,0.03125600334142643,Random forest tuned
72,19.0,0.024535754501031074,0.04537219064183423,0.9956243361791681,0.0029196594027969,0.0047861715307153,0.9999452099199296,0.040586019111118934,Random forest tuned
67,19.0,0.019097569893694603,0.03667615046864945,0.9967239972293768,0.0108356480486858,0.0141161873004078,0.9995146985453524,0.022559963168241652,Random forest tuned
67,19.0,0.019097569893694603,0.03667615046864945,0.9967239972293768,0.0029196594027969,0.0047861715307153,0.9999452099199296,0.031889978937934146,Random forest tuned
67,19.0,0.019097569893694603,0.03667615046864945,0.9967239972293768,0.0048419152451375,0.0060460603970784,0.9999144543093832,0.03063009007157105,Random forest tuned
67,19.0,0.019097569893694603,0.03667615046864945,0.9967239972293768,0.0031704550486594,0.0047827820759102,0.9999478637045226,0.03189336839273925,Random forest tuned
67,19.0,0.019097569893694603,0.03667615046864945,0.9967239972293768,0.0050010660372114,0.0075955099911007,0.9998727193190392,0.02908064047754875,Random forest tuned
67,19.0,0.019097569893694603,0.03667615046864945,0.9967239972293768,0.0114385339531098,0.0165179330031111,0.9994200696305534,0.02015821746553835,Random forest tuned
68,19.0,0.02200335235427144,0.03770760002087718,0.9965991834910228,0.0108356480486858,0.0141161873004078,0.9995146985453524,0.023591412720469385,Random forest tuned
68,19.0,0.02200335235427144,0.03770760002087718,0.9965991834910228,0.0029196594027969,0.0047861715307153,0.9999452099199296,0.032921428490161886,Random forest tuned
69,19.0,0.02096386697202615,0.0430877583322626,0.9956552881873919,0.0050010660372114,0.0075955099911007,0.9998727193190392,0.0354922483411619,Random forest tuned
69,19.0,0.02096386697202615,0.0430877583322626,0.9956552881873919,0.0114385339531098,0.0165179330031111,0.9994200696305534,0.026569825329151503,Random forest tuned
70,19.0,0.025474775287706877,0.043820192339140494,0.9956234938584172,0.0108356480486858,0.0141161873004078,0.9995146985453524,0.029704005038732696,Random forest tuned
70,19.0,0.025474775287706877,0.043820192339140494,0.9956234938584172,0.0029196594027969,0.0047861715307153,0.9999452099199296,0.03903402080842519,Random forest tuned
69,19.0,0.02096386697202615,0.0430877583322626,0.9956552881873919,0.0108356480486858,0.0141161873004078,0.9995146985453524,0.028971571031854805,Random forest tuned
69,19.0,0.02096386697202615,0.0430877583322626,0.9956552881873919,0.0029196594027969,0.0047861715307153,0.9999452099199296,0.0383015868015473,Random forest tuned
69,19.0,0.02096386697202615,0.0430877583322626,0.9956552881873919,0.0048419152451375,0.0060460603970784,0.9999144543093832,0.037041697935184206,Random forest tuned
69,19.0,0.02096386697202615,0.0430877583322626,0.9956552881873919,0.0031704550486594,0.0047827820759102,0.9999478637045226,0.0383049762563524,Random forest tuned
70,19.0,0.025474775287706877,0.043820192339140494,0.9956234938584172,0.0048419152451375,0.0060460603970784,0.9999144543093832,0.0377741319420621,Random forest tuned
70,19.0,0.025474775287706877,0.043820192339140494,0.9956234938584172,0.0031704550486594,0.0047827820759102,0.9999478637045226,0.03903741026323029,Random forest tuned
70,19.0,0.025474775287706877,0.043820192339140494,0.9956234938584172,0.0050010660372114,0.0075955099911007,0.9998727193190392,0.03622468234803979,Random forest tuned
70,19.0,0.025474775287706877,0.043820192339140494,0.9956234938584172,0.0114385339531098,0.0165179330031111,0.9994200696305534,0.027302259336029394,Random forest tuned
81,20.0,0.028544139068994123,0.044993678712187624,0.9954179862550427,0.0108642431403243,0.0119974262809018,0.9996827720981616,0.03299625243128582,Random forest tuned
81,20.0,0.028544139068994123,0.044993678712187624,0.9954179862550427,0.0087069058980965,0.0128811652179927,0.9996244535306764,0.03211251349419492,Random forest tuned
81,20.0,0.028544139068994123,0.044993678712187624,0.9954179862550427,0.0089708394597282,0.0103972991543884,0.99974974527757,0.03459637955779922,Random forest tuned
81,20.0,0.028544139068994123,0.044993678712187624,0.9954179862550427,0.0096981066212951,0.0175822489738073,0.9992705111379784,0.027411429738380323,Random forest tuned
84,20.0,0.033442765891655596,0.055522150114504044,0.993657228945242,0.0087069058980965,0.0128811652179927,0.9996244535306764,0.042640984896511344,Random forest tuned
84,20.0,0.033442765891655596,0.055522150114504044,0.993657228945242,0.0108642431403243,0.0119974262809018,0.9996827720981616,0.043524723833602244,Random forest tuned
84,20.0,0.033442765891655596,0.055522150114504044,0.993657228945242,0.0095809490249886,0.010157462500056,0.9997796010759074,0.04536468761444804,Random forest tuned
84,20.0,0.033442765891655596,0.055522150114504044,0.993657228945242,0.013913310315506,0.015057128031508,0.9995335224256082,0.040465022082996044,Random forest tuned
81,20.0,0.028544139068994123,0.044993678712187624,0.9954179862550427,0.0095809490249886,0.010157462500056,0.9997796010759074,0.03483621621213162,Random forest tuned
81,20.0,0.028544139068994123,0.044993678712187624,0.9954179862550427,0.013913310315506,0.015057128031508,0.9995335224256082,0.029936550680679623,Random forest tuned
82,20.0,0.03159394624513592,0.05098690425310349,0.9942705559003976,0.0096981066212951,0.0175822489738073,0.9992705111379784,0.03340465527929619,Random forest tuned
82,20.0,0.03159394624513592,0.05098690425310349,0.9942705559003976,0.0089708394597282,0.0103972991543884,0.99974974527757,0.04058960509871509,Random forest tuned
82,20.0,0.03159394624513592,0.05098690425310349,0.9942705559003976,0.0087069058980965,0.0128811652179927,0.9996244535306764,0.03810573903511079,Random forest tuned
82,20.0,0.03159394624513592,0.05098690425310349,0.9942705559003976,0.0108642431403243,0.0119974262809018,0.9996827720981616,0.03898947797220169,Random forest tuned
82,20.0,0.03159394624513592,0.05098690425310349,0.9942705559003976,0.0095809490249886,0.010157462500056,0.9997796010759074,0.040829441753047487,Random forest tuned
82,20.0,0.03159394624513592,0.05098690425310349,0.9942705559003976,0.013913310315506,0.015057128031508,0.9995335224256082,0.03592977622159549,Random forest tuned
83,20.0,0.028757441084869096,0.05204182515393413,0.9942144579646158,0.0096981066212951,0.0175822489738073,0.9992705111379784,0.03445957618012683,Random forest tuned
83,20.0,0.028757441084869096,0.05204182515393413,0.9942144579646158,0.0089708394597282,0.0103972991543884,0.99974974527757,0.041644525999545726,Random forest tuned
83,20.0,0.028757441084869096,0.05204182515393413,0.9942144579646158,0.0087069058980965,0.0128811652179927,0.9996244535306764,0.03916065993594143,Random forest tuned
83,20.0,0.028757441084869096,0.05204182515393413,0.9942144579646158,0.0108642431403243,0.0119974262809018,0.9996827720981616,0.04004439887303233,Random forest tuned
83,20.0,0.028757441084869096,0.05204182515393413,0.9942144579646158,0.0095809490249886,0.010157462500056,0.9997796010759074,0.04188436265387813,Random forest tuned
83,20.0,0.028757441084869096,0.05204182515393413,0.9942144579646158,0.013913310315506,0.015057128031508,0.9995335224256082,0.03698469712242613,Random forest tuned
84,20.0,0.033442765891655596,0.055522150114504044,0.993657228945242,0.0096981066212951,0.0175822489738073,0.9992705111379784,0.037939901140696744,Random forest tuned
84,20.0,0.033442765891655596,0.055522150114504044,0.993657228945242,0.0089708394597282,0.0103972991543884,0.99974974527757,0.04512485096011565,Random forest tuned
79,20.0,0.03555617655244732,0.055827055235882724,0.9926453966575122,0.0096981066212951,0.0175822489738073,0.9992705111379784,0.03824480626207542,Random forest tuned
79,20.0,0.03555617655244732,0.055827055235882724,0.9926453966575122,0.0089708394597282,0.0103972991543884,0.99974974527757,0.04542975608149433,Random forest tuned
79,20.0,0.03555617655244732,0.055827055235882724,0.9926453966575122,0.0087069058980965,0.0128811652179927,0.9996244535306764,0.04294589001789002,Random forest tuned
79,20.0,0.03555617655244732,0.055827055235882724,0.9926453966575122,0.0108642431403243,0.0119974262809018,0.9996827720981616,0.04382962895498092,Random forest tuned
79,20.0,0.03555617655244732,0.055827055235882724,0.9926453966575122,0.0095809490249886,0.010157462500056,0.9997796010759074,0.04566959273582672,Random forest tuned
79,20.0,0.03555617655244732,0.055827055235882724,0.9926453966575122,0.013913310315506,0.015057128031508,0.9995335224256082,0.04076992720437472,Random forest tuned
80,20.0,0.029154006137916428,0.05288677947209004,0.9935250645218711,0.0096981066212951,0.0175822489738073,0.9992705111379784,0.03530453049828274,Random forest tuned
80,20.0,0.029154006137916428,0.05288677947209004,0.9935250645218711,0.0089708394597282,0.0103972991543884,0.99974974527757,0.04248948031770164,Random forest tuned
80,20.0,0.029154006137916428,0.05288677947209004,0.9935250645218711,0.0087069058980965,0.0128811652179927,0.9996244535306764,0.04000561425409734,Random forest tuned
80,20.0,0.029154006137916428,0.05288677947209004,0.9935250645218711,0.0108642431403243,0.0119974262809018,0.9996827720981616,0.04088935319118824,Random forest tuned
80,20.0,0.029154006137916428,0.05288677947209004,0.9935250645218711,0.0095809490249886,0.010157462500056,0.9997796010759074,0.04272931697203404,Random forest tuned
80,20.0,0.029154006137916428,0.05288677947209004,0.9935250645218711,0.013913310315506,0.015057128031508,0.9995335224256082,0.03782965144058204,Random forest tuned
