aoa,maxcamber,maxcamberposition,thickness,fold,model,row_index,cl_true,cl_pred,cd_true,cd_pred,cl_cd_true,cl_cd_pred
5,2.0,40,12.0,1,Polynomial ridge tuned,0,0.81559,0.8181721692578461,0.0175578,0.009484441316735578,46.45171946371414,38.7911242040886
-8,1.73,74,4.5,1,Polynomial ridge tuned,9,-0.590789,-0.5413132459095005,0.0877178,0.03328735394831837,-6.735109635672577,-14.900371193026448
21,4.32,8,11.6,1,Polynomial ridge tuned,11,1.29765,1.4752010053704963,0.245441,0.21204945093348995,5.287013987068176,6.940875044336654
9,2.06,38,11.9,1,Polynomial ridge tuned,15,1.27297,1.1553875674853287,0.0309712,0.03469951984184808,41.10173322312342,36.54433528182658
3,4.32,25,18.7,1,Polynomial ridge tuned,18,0.802632,0.7975073489689554,0.0192567,0.017124793081496323,41.68066179563476,31.276313990955295
21,0.0,8,11.6,1,Polynomial ridge tuned,19,0.890022,1.2357214005052117,0.241263,0.225678408941808,3.689011576578257,9.469689822165257
5,2.27,25,16.2,1,Polynomial ridge tuned,25,0.821535,0.8023528899731376,0.0188276,0.011982772020223575,43.63461089039495,31.67316435292034
10,6.91,58,1.0,1,Polynomial ridge tuned,30,1.40036,1.5466134170702033,0.153052,0.1430332559674144,9.149570080756869,31.38715711721549
-3,1.9,28,18.8,1,Polynomial ridge tuned,33,-0.141378,-0.07119120648659738,0.0113968,0.016826526563449712,-12.405061069773971,16.229390476837146
4,1.64,42,20.0,1,Polynomial ridge tuned,39,0.636947,0.6275540702837967,0.0164947,0.01143468716268363,38.615252171909766,33.855920422525884
-1,6.55,43,21.5,1,Polynomial ridge tuned,55,0.595492,0.6220005636312924,0.0177153,0.03393057571798381,33.61455916637031,34.73482489494256
19,8.72,54,17.0,1,Polynomial ridge tuned,56,2.17469,2.1995007802579143,0.149086,0.16375050116075818,14.586815663442577,13.460806926649044
12,7.19,54,16.7,1,Polynomial ridge tuned,63,1.93696,1.9498805556960068,0.0729552,0.06740984070785119,26.549992324056408,26.85720889820845
-6,7.99,62,30.7,1,Polynomial ridge tuned,68,0.0237329,-0.10175787222946586,0.023084,0.04424413089696805,1.028110379483625,16.014858157382022
14,2.28,54,12.5,1,Polynomial ridge tuned,70,1.45351,1.482697841604641,0.079219,0.08987441522036814,18.347997323874324,29.67380892340713
5,6.24,56,16.8,1,Polynomial ridge tuned,72,1.34389,1.3374296202865226,0.0344099,0.024579301381259425,39.05533000677131,39.51704412554994
19,8.77,53,17.2,1,Polynomial ridge tuned,73,2.18618,2.1975913395671354,0.14762,0.16219192286671097,14.809510906381247,13.69786006518766
7,8.66,54,16.9,1,Polynomial ridge tuned,75,1.71069,1.7728408303112975,0.0542881,0.03707363080840962,31.51132568647641,33.09189725449845
14,5.72,25,39.8,1,Polynomial ridge tuned,76,0.841545,0.9245895800008419,0.108255,0.13433798673239455,7.773728696134127,-2.2834382652750307
-15,0.84,55,14.6,1,Polynomial ridge tuned,77,-1.09014,-1.3377937158735378,0.0832347,0.08822501647488472,-13.09718182440737,-87.96501214286415
-1,1.68,54,16.9,1,Polynomial ridge tuned,78,0.11152,0.1566027833587057,0.0104682,0.008244496730368991,10.653216407787394,28.542817832090446
13,7.1,43,19.7,1,Polynomial ridge tuned,79,1.85952,1.891116647998405,0.0783392,0.06914824262999543,23.736775458518853,22.58303755654856
14,8.72,53,17.0,1,Polynomial ridge tuned,82,2.15373,2.171240467386515,0.0975744,0.09179601831717878,22.07269529712711,21.367600744836583
3,0.0,54,16.9,1,Polynomial ridge tuned,90,0.353367,0.3045849390301455,0.0119827,0.008665243358986358,29.489764410358262,22.69757461104938
-15,2.04,47,20.0,1,Polynomial ridge tuned,93,-1.16399,-1.1457718791117553,0.0528011,0.08639654132783964,-22.04480588472589,-63.41533405793112
22,0.73,44,33.0,1,Polynomial ridge tuned,101,0.978854,1.0229336133987126,0.159458,0.1783884964267201,6.138632116293946,4.465175041643786
-15,8.72,38,17.0,1,Polynomial ridge tuned,104,-0.0949157,-0.3604883662941729,0.104468,0.16509803467334683,-0.9085624306007581,-4.3534488435909395
5,8.72,49,1.0,1,Polynomial ridge tuned,113,1.54988,1.4345878257207345,0.05007,0.06735091414959445,30.954264030357496,39.17167787114116
14,8.72,49,11.6,1,Polynomial ridge tuned,117,2.22692,2.132797685931636,0.094003,0.11345713057317086,23.68988223780092,22.756322014330642
2,8.24,54,17.0,1,Polynomial ridge tuned,137,1.22723,1.2586452591489299,0.0315588,0.02664211550348561,38.887093298858005,38.246732957069526
14,0.0,54,11.6,1,Polynomial ridge tuned,148,0.926928,1.1044532409311147,0.0959967,0.09657478166405598,9.655831919222223,18.193127102124812
17,9.19,59,24.5,1,Polynomial ridge tuned,153,2.04771,2.16337771323522,0.136752,0.1234306106148614,14.973894348894348,14.272226708407894
-1,1.68,49,11.6,1,Polynomial ridge tuned,154,0.0949111,0.17208286240728465,0.00910598,-0.0002864082041483945,10.422941847006033,30.140165960365962
14,8.72,54,11.7,1,Polynomial ridge tuned,155,2.19846,2.1590840884095717,0.0956302,0.11558941237947112,22.989181241908934,21.92109071825805
19,1.15,53,17.2,1,Polynomial ridge tuned,172,1.27202,1.3810196873988732,0.140719,0.13727578178137534,9.039433196654324,15.224178862522782
2,4.64,79,1.0,1,Polynomial ridge tuned,173,1.0491,0.8724208044289524,0.031546,0.0593771771698941,33.25619729918215,38.165009915010785
14,8.72,49,11.4,1,Polynomial ridge tuned,175,2.20461,2.1297809742369145,0.0938123,0.11473955495511132,23.500223318264236,22.74936541316044
14,8.6,59,12.4,1,Polynomial ridge tuned,180,2.2091,2.1793673702318026,0.0981575,0.11439119436707315,22.50566691286962,21.005085666387963
19,8.61,47,10.7,1,Polynomial ridge tuned,185,1.85537,2.0444930308520237,0.184209,0.2115052894527511,10.072092025905357,12.808793318722019
2,7.96,54,6.0,1,Polynomial ridge tuned,203,1.25772,1.2599283469495173,0.0263761,0.025695483896316956,47.68407763088553,43.78550709227008
-9,5.47,36,14.0,1,Polynomial ridge tuned,208,-0.394144,-0.2862537443204143,0.0205189,0.06775235343651627,-19.208826983902647,12.700876827508582
5,6.98,41,16.2,1,Polynomial ridge tuned,211,1.35979,1.3682490764702981,0.0345846,0.02444098401166095,39.31778884243276,37.465036096331204
14,7.27,55,17.7,1,Polynomial ridge tuned,218,2.07236,2.0396539093236807,0.0871938,0.0863917982926333,23.767286206129338,22.307879230698603
-11,9.5,0,40.0,1,Polynomial ridge tuned,220,-0.100843,-0.28545466698801936,0.0246185,0.021132861097768192,-4.0962284460872915,43.588992425319944
10,7.98,41,13.2,1,Polynomial ridge tuned,222,1.94019,1.8739381239043649,0.0618699,0.05560535454421486,31.359190818152285,30.97712887842592
16,5.23,82,16.3,1,Polynomial ridge tuned,234,1.98644,1.9944298113493577,0.117806,0.13653262909716943,16.86195949272533,20.852447153742602
-1,6.82,54,1.0,1,Polynomial ridge tuned,237,0.782212,0.7207825068484264,0.0149424,0.02305105325369082,52.34848484848485,44.49106298288069
-1,1.38,63,1.0,1,Polynomial ridge tuned,249,0.0976803,0.11486425560224056,0.0062776,0.007059540931650038,15.560134446285204,21.684351245403843
1,1.48,46,1.0,1,Polynomial ridge tuned,253,0.285303,0.2898885220834976,0.006848,0.009133611531216418,41.66223714953271,29.433046044414745
2,8.21,52,3.1,1,Polynomial ridge tuned,261,1.26329,1.2249903478662778,0.0254838,0.032619124005022315,49.572277289886124,43.55696583456397
10,8.77,41,11.1,1,Polynomial ridge tuned,266,2.02032,1.9574378003157522,0.065054,0.06411099775050116,31.056045746610508,31.578595722344822
7,8.45,45,12.0,1,Polynomial ridge tuned,268,1.7666,1.7543622950567368,0.0494295,0.037965638794237234,35.7397910154867,36.61839360252637
19,8.74,57,17.2,1,Polynomial ridge tuned,277,2.18886,2.2202050198230676,0.149732,0.1648474914462302,14.61851841957631,13.009344688295466
0,0.16,28,15.6,1,Polynomial ridge tuned,281,0.0177396,0.05419372357666585,0.00966373,0.004719816335171614,1.8356887040511272,14.25858039827992
0,8.38,64,1.0,1,Polynomial ridge tuned,298,1.2143,1.0658178491598411,0.0239538,0.03575202295910104,50.69341816329768,39.91589026691567
14,8.81,46,11.4,1,Polynomial ridge tuned,301,2.20735,2.123721960006269,0.0928692,0.11359466503777685,23.768375306344836,23.155154779519002
0,1.68,59,1.6,1,Polynomial ridge tuned,302,0.229933,0.25617433167918946,0.00656123,0.007673442585495335,35.04419140923272,29.3717824858061
-1,0.16,64,1.0,1,Polynomial ridge tuned,304,-0.093315,-0.06695440451176493,0.00638384,0.0050331014900101,-14.617377628511992,3.559629846304059
14,8.72,9,11.6,1,Polynomial ridge tuned,305,1.28596,1.9314372872018502,0.164682,0.10191754980549939,7.80874655396461,20.151088631306354
13,8.2,48,12.9,1,Polynomial ridge tuned,310,2.13701,2.063331349728796,0.081746,0.09078325940489701,26.14207422993174,25.03597576397393
19,8.76,53,17.2,1,Polynomial ridge tuned,311,2.18115,2.1967749577327345,0.146934,0.16214985144053823,14.844419943648168,13.684051787779984
19,8.72,53,12.9,1,Polynomial ridge tuned,320,2.02835,2.146094584710339,0.166089,0.19348697752422517,12.212428276406024,12.698030156385379
13,8.2,49,17.2,1,Polynomial ridge tuned,321,2.02539,2.0634012214776725,0.0851586,0.07739685403699775,23.783739986331383,23.54991871363805
7,8.52,45,12.3,1,Polynomial ridge tuned,322,1.76602,1.76348442900756,0.0494354,0.037632728316205975,35.72379307136182,36.47747966213895
3,8.38,89,13.5,1,Polynomial ridge tuned,323,1.3319,1.461073425339488,0.0571537,0.05797725415752153,23.303828098618286,21.267628813940537
19,7.8,40,12.9,1,Polynomial ridge tuned,332,2.00916,1.9874622627318437,0.149867,0.18144341670657477,13.40628690772485,13.543531016532901
0,0.16,64,19.1,1,Polynomial ridge tuned,334,0.0173729,0.0011530741999674632,0.010787,0.015503112244016952,1.6105404653749884,13.424148160371816
4,8.34,54,13.8,1,Polynomial ridge tuned,340,1.50346,1.5149529061019862,0.0387942,0.025851873310483234,38.75476230982982,38.972293087281166
9,7.76,39,13.0,1,Polynomial ridge tuned,349,1.85704,1.7797988701022907,0.0555142,0.04722526948401676,33.451621386960454,32.75449916860266
14,5.95,49,5.9,1,Polynomial ridge tuned,358,1.42582,1.730030872963219,0.158246,0.15269200642542963,9.010148755734743,25.95050893859748
6,7.97,54,13.3,1,Polynomial ridge tuned,375,1.65719,1.6489559428770562,0.0457587,0.03214100828547995,36.21584529280771,37.507517280268125
-3,8.18,53,5.0,1,Polynomial ridge tuned,377,0.689854,0.7807446707311947,0.0152405,0.022656567555669832,45.26452544207867,41.72466435820469
19,8.72,49,17.2,1,Polynomial ridge tuned,380,2.20068,2.1670672937373627,0.145416,0.15951536780730755,15.133685426638062,14.204331618441548
19,8.72,59,17.2,1,Polynomial ridge tuned,390,2.20871,2.230554552626861,0.151359,0.16629203450556834,14.592525056323046,12.646960939017221
14,8.72,53,33.9,1,Polynomial ridge tuned,391,1.46428,1.5636971885700268,0.120162,0.1208483683457015,12.185882392103993,9.954047785445582
3,1.68,59,6.5,1,Polynomial ridge tuned,394,0.579745,0.6023306858534118,0.0117987,0.012021142551543747,49.13634552959224,36.93609143353354
6,8.53,45,12.1,1,Polynomial ridge tuned,399,1.68451,1.6892323642223583,0.045344,0.03258960712942822,37.149567748764994,38.04859750748491
8,8.51,41,10.8,1,Polynomial ridge tuned,408,1.85287,1.8088208976970233,0.0530801,0.04707451797807451,34.907055563196,35.25073651069956
5,8.7,48,10.8,1,Polynomial ridge tuned,414,1.60437,1.6417089294843996,0.0411777,0.030065402780781667,38.96210813134294,39.659639305623166
4,8.68,47,10.7,1,Polynomial ridge tuned,415,1.49347,1.5511465243977987,0.0363878,0.02619011477805213,41.043151825611886,40.937442620688486
0,1.68,37,1.0,1,Polynomial ridge tuned,419,0.189749,0.18036204053435512,0.00627719,0.0054062852658487565,30.22833465292591,25.823422153514752
18,8.75,46,11.5,1,Polynomial ridge tuned,421,2.0619,2.1041996285307807,0.146667,0.18209569361101982,14.058377140051956,15.266198398208097
9,8.45,41,10.7,1,Polynomial ridge tuned,423,1.93643,1.8609140882564876,0.0574758,0.05552156159961042,33.691223088673844,33.483419124889465
-1,8.63,49,7.9,1,Polynomial ridge tuned,430,0.958041,1.0674459708603175,0.0199113,0.02122735703125584,48.115441985204384,43.470429555572224
2,1.28,39,1.0,1,Polynomial ridge tuned,432,0.371452,0.35273667064516767,0.00980003,0.016113762245544436,37.90314927607365,27.698859097724053
19,8.67,58,17.2,1,Polynomial ridge tuned,433,2.20069,2.220644307858399,0.148997,0.16530170641770103,14.770028926756915,12.78610182535281
18,8.22,50,12.4,1,Polynomial ridge tuned,434,2.01432,2.102380429469859,0.145122,0.1741015438726729,13.880183569686196,14.63001326190082
19,8.72,46,1.0,1,Polynomial ridge tuned,442,1.35933,1.5072904816799348,0.393559,0.37322055872555754,3.4539421027088695,3.879378320075773
15,8.39,49,10.0,1,Polynomial ridge tuned,459,2.0644,2.080826644287145,0.109775,0.14029815682391344,18.805739011614666,20.507588415568094
-3,7.12,77,15.0,1,Polynomial ridge tuned,463,0.684109,0.6429835707823585,0.0221893,0.04564069396500668,30.830580505018183,28.440748009017472
0,0.48,37,1.6,1,Polynomial ridge tuned,464,0.0551565,0.060014751913161746,0.00599848,0.0015498434242936093,9.195079420119765,14.299989092730124
9,6.83,57,34.0,1,Polynomial ridge tuned,465,1.21938,1.199431917943693,0.0613242,0.07764520592816546,19.884156662459517,15.039760781873442
0,0.0,36,1.0,1,Polynomial ridge tuned,471,0.00285041,-0.002532424692560431,0.00571472,0.002849238831915915,0.4987838424279754,7.007133099487572
1,3.57,25,6.6,1,Polynomial ridge tuned,474,0.49782,0.5222034363064268,0.0103215,0.009894508591207982,48.23136172068013,31.99560568980166
9,9.43,37,1.0,1,Polynomial ridge tuned,475,1.74245,1.6683524813486716,0.0883583,0.12174179173432714,19.720275288229857,31.66843200184612
17,4.07,46,2.6,1,Polynomial ridge tuned,477,1.11071,1.4309034134945393,0.303683,0.2578084846159578,3.657465185736443,16.992479035554954
5,2.0,40,12.0,1,Random forest tuned,0,0.81559,0.9114800324999995,0.0175578,0.021470217499999986,46.45171946371414,42.16404021248608
-8,1.73,74,4.5,1,Random forest tuned,9,-0.590789,-0.2266132408666673,0.0877178,0.056677474666666644,-6.735109635672577,-7.028613032620054
21,4.32,8,11.6,1,Random forest tuned,11,1.29765,1.5981557946666718,0.245441,0.18559107400000052,5.287013987068176,9.273905412516523
9,2.06,38,11.9,1,Random forest tuned,15,1.27297,1.2516359133333341,0.0309712,0.03719046896666665,41.10173322312342,37.786050839688656
3,4.32,25,18.7,1,Random forest tuned,18,0.802632,0.7552905513333324,0.0192567,0.019519337361111114,41.68066179563476,39.46226313595693
21,0.0,8,11.6,1,Random forest tuned,19,0.890022,1.324288913299999,0.241263,0.15739169330000047,3.689011576578257,9.120333899755988
5,2.27,25,16.2,1,Random forest tuned,25,0.821535,0.871835308555557,0.0188276,0.021312807888888872,43.63461089039495,40.57340752953074
10,6.91,58,1.0,1,Random forest tuned,30,1.40036,1.3973389216666592,0.153052,0.13649403333333332,9.149570080756869,11.086928284262429
-3,1.9,28,18.8,1,Random forest tuned,33,-0.141378,-0.16387041323333323,0.0113968,0.02053916413333338,-12.405061069773971,-5.038237093456328
4,1.64,42,20.0,1,Random forest tuned,39,0.636947,0.6432930506666644,0.0164947,0.01731321683333329,38.615252171909766,37.08758893003771
-1,6.55,43,21.5,1,Random forest tuned,55,0.595492,0.5052850856666669,0.0177153,0.017022900999999983,33.61455916637031,29.13207200188992
19,8.72,54,17.0,1,Random forest tuned,56,2.17469,2.1903186083333424,0.149086,0.1476603744999995,14.586815663442577,14.894497355297066
12,7.19,54,16.7,1,Random forest tuned,63,1.93696,1.9791688319047611,0.0729552,0.07325430583571442,26.549992324056408,27.08049314831761
-6,7.99,62,30.7,1,Random forest tuned,68,0.0237329,0.07137278714000014,0.023084,0.03472957976666669,1.028110379483625,7.753911444615184
14,2.28,54,12.5,1,Random forest tuned,70,1.45351,1.7868639933333308,0.079219,0.0935575586666667,18.347997323874324,20.477223132279445
5,6.24,56,16.8,1,Random forest tuned,72,1.34389,1.1892803472222222,0.0344099,0.03134765161111119,39.05533000677131,38.2966454266581
19,8.77,53,17.2,1,Random forest tuned,73,2.18618,2.203060575000004,0.14762,0.14592806416666626,14.809510906381247,15.126314515153773
7,8.66,54,16.9,1,Random forest tuned,75,1.71069,1.6647654944444477,0.0542881,0.0507246642777777,31.51132568647641,33.17109461534954
14,5.72,25,39.8,1,Random forest tuned,76,0.841545,1.6148703985066666,0.108255,0.08179167,7.773728696134127,20.506275292491875
-15,0.84,55,14.6,1,Random forest tuned,77,-1.09014,-0.384328337986667,0.0832347,0.032586968533333344,-13.09718182440737,-11.58526230994798
-1,1.68,54,16.9,1,Random forest tuned,78,0.11152,0.1559476653333336,0.0104682,0.010428924333333294,10.653216407787394,13.705311982510926
13,7.1,43,19.7,1,Random forest tuned,79,1.85952,1.9751050866666673,0.0783392,0.07875356133333343,23.736775458518853,25.428303892361118
14,8.72,53,17.0,1,Random forest tuned,82,2.15373,2.1379746333333407,0.0975744,0.09813177500000025,22.07269529712711,21.88888048476561
3,0.0,54,16.9,1,Random forest tuned,90,0.353367,0.3656896945333344,0.0119827,0.012909738266666703,29.489764410358262,28.561902683741035
-15,2.04,47,20.0,1,Random forest tuned,93,-1.16399,-0.7820342491666623,0.0528011,0.043541710866666715,-22.04480588472589,-18.72279059612673
22,0.73,44,33.0,1,Random forest tuned,101,0.978854,1.3400543168400008,0.159458,0.17090584143333365,6.138632116293946,8.589524496331583
-15,8.72,38,17.0,1,Random forest tuned,104,-0.0949157,-0.12594715600000006,0.104468,0.0754236346666668,-0.9085624306007581,-1.4555711708689534
5,8.72,49,1.0,1,Random forest tuned,113,1.54988,1.286586836666664,0.05007,0.04916024283333347,30.954264030357496,29.55898794512987
14,8.72,49,11.6,1,Random forest tuned,117,2.22692,2.196197000000002,0.094003,0.09422830466666658,23.68988223780092,23.329634404144073
2,8.24,54,17.0,1,Random forest tuned,137,1.22723,1.2051867305555541,0.0315588,0.03125990054166666,38.887093298858005,38.75457861331653
14,0.0,54,11.6,1,Random forest tuned,148,0.926928,1.216402715299996,0.0959967,0.09903677993333347,9.655831919222223,14.01674958327146
17,9.19,59,24.5,1,Random forest tuned,153,2.04771,1.996188866666663,0.136752,0.13512354799999984,14.973894348894348,15.394214094215442
-1,1.68,49,11.6,1,Random forest tuned,154,0.0949111,0.1695403651666668,0.00910598,0.010283291666666623,10.422941847006033,15.50797136136495
14,8.72,54,11.7,1,Random forest tuned,155,2.19846,2.198243133333338,0.0956302,0.09746739166666694,22.989181241908934,22.71105175413678
19,1.15,53,17.2,1,Random forest tuned,172,1.27202,1.3948787799999955,0.140719,0.13940341366666684,9.039433196654324,10.086149759573242
2,4.64,79,1.0,1,Random forest tuned,173,1.0491,0.9339824712222222,0.031546,0.02253445009999997,33.25619729918215,47.04924264258123
14,8.72,49,11.4,1,Random forest tuned,175,2.20461,2.197717866666666,0.0938123,0.0939971966666666,23.500223318264236,23.40222620446774
14,8.6,59,12.4,1,Random forest tuned,180,2.2091,2.1810800333333353,0.0981575,0.10016268700000008,22.50566691286962,22.53281818933658
19,8.61,47,10.7,1,Random forest tuned,185,1.85537,1.8914329666666678,0.184209,0.17781664333333316,10.072092025905357,11.65826283429247
2,7.96,54,6.0,1,Random forest tuned,203,1.25772,1.2031316927420623,0.0263761,0.024815934919047627,47.68407763088553,48.84816035913025
-9,5.47,36,14.0,1,Random forest tuned,208,-0.394144,-0.3806480449999998,0.0205189,0.055314374000000006,-19.208826983902647,-12.038221662959216
5,6.98,41,16.2,1,Random forest tuned,211,1.35979,1.353080940555558,0.0345846,0.03684678341111117,39.31778884243276,37.045188186393226
14,7.27,55,17.7,1,Random forest tuned,218,2.07236,2.080116000000004,0.0871938,0.09378765733333352,23.767286206129338,22.50727565243926
-11,9.5,0,40.0,1,Random forest tuned,220,-0.100843,-0.15012446041333355,0.0246185,0.07075843800000019,-4.0962284460872915,-3.6187435469171327
10,7.98,41,13.2,1,Random forest tuned,222,1.94019,1.9813230076190527,0.0618699,0.0637585201412698,31.359190818152285,31.183549291027532
16,5.23,82,16.3,1,Random forest tuned,234,1.98644,1.9220007400000005,0.117806,0.12097818733333317,16.86195949272533,17.084379813334348
-1,6.82,54,1.0,1,Random forest tuned,237,0.782212,0.6991686086666651,0.0149424,0.015028797800000012,52.34848484848485,47.952157725748414
-1,1.38,63,1.0,1,Random forest tuned,249,0.0976803,0.10695421016666706,0.0062776,0.006618465066666656,15.560134446285204,15.581306110264476
1,1.48,46,1.0,1,Random forest tuned,253,0.285303,0.3383892294777784,0.006848,0.013631801683333332,41.66223714953271,38.57103453729071
2,8.21,52,3.1,1,Random forest tuned,261,1.26329,1.2121753820674568,0.0254838,0.02440086072539688,49.572277289886124,49.896073402224104
10,8.77,41,11.1,1,Random forest tuned,266,2.02032,2.02669963656085,0.065054,0.06590421389603177,31.056045746610508,30.902626832727794
7,8.45,45,12.0,1,Random forest tuned,268,1.7666,1.7718061878968183,0.0494295,0.04973128661441821,35.7397910154867,35.67663590904972
19,8.74,57,17.2,1,Random forest tuned,277,2.18886,2.1782251333333402,0.149732,0.14859157666666628,14.61851841957631,14.89740900023651
0,0.16,28,15.6,1,Random forest tuned,281,0.0177396,0.0828976668199998,0.00966373,0.009187313333333351,1.8356887040511272,8.315563040668792
0,8.38,64,1.0,1,Random forest tuned,298,1.2143,1.0055567714444442,0.0239538,0.022501888088888863,50.69341816329768,47.96244024332743
14,8.81,46,11.4,1,Random forest tuned,301,2.20735,2.1557845999999943,0.0928692,0.09404478766666652,23.768375306344836,23.199474905428392
0,1.68,59,1.6,1,Random forest tuned,302,0.229933,0.2736465034999995,0.00656123,0.007640514508333335,35.04419140923272,34.91459214197855
-1,0.16,64,1.0,1,Random forest tuned,304,-0.093315,0.03321358879999993,0.00638384,0.0065915305666666936,-14.617377628511992,4.809352660989332
14,8.72,9,11.6,1,Random forest tuned,305,1.28596,2.0153976146666683,0.164682,0.09265307066666684,7.80874655396461,22.966410157768212
13,8.2,48,12.9,1,Random forest tuned,310,2.13701,2.1642149666666612,0.081746,0.08330766899999979,26.14207422993174,26.058340799704105
19,8.76,53,17.2,1,Random forest tuned,311,2.18115,2.203060575000004,0.146934,0.14592806416666626,14.844419943648168,15.126314515153773
19,8.72,53,12.9,1,Random forest tuned,320,2.02835,2.058217899999999,0.166089,0.16490383400000008,12.212428276406024,13.426622476870394
13,8.2,49,17.2,1,Random forest tuned,321,2.02539,2.1105737000000016,0.0851586,0.0840240549999999,23.783739986331383,25.2829925655788
7,8.52,45,12.3,1,Random forest tuned,322,1.76602,1.7728832276190403,0.0494354,0.04985808935330708,35.72379307136182,35.60824635724794
3,8.38,89,13.5,1,Random forest tuned,323,1.3319,1.3637772966666655,0.0571537,0.037724164794444424,23.303828098618286,37.173170687793444
19,7.8,40,12.9,1,Random forest tuned,332,2.00916,1.8210661666666692,0.149867,0.17284748799999977,13.40628690772485,11.004161781520743
0,0.16,64,19.1,1,Random forest tuned,334,0.0173729,0.053799216000000066,0.010787,0.010543168033333371,1.6105404653749884,4.4628792857772135
4,8.34,54,13.8,1,Random forest tuned,340,1.50346,1.475476314246032,0.0387942,0.03794757260793657,38.75476230982982,38.95357785927999
9,7.76,39,13.0,1,Random forest tuned,349,1.85704,1.8611749138888847,0.0555142,0.05611940866666657,33.451621386960454,33.33824280538944
14,5.95,49,5.9,1,Random forest tuned,358,1.42582,1.6439777400000004,0.158246,0.157313563666667,9.010148755734743,13.260103033443162
6,7.97,54,13.3,1,Random forest tuned,375,1.65719,1.6487747005555549,0.0457587,0.045591997530687906,36.21584529280771,36.351962923542125
-3,8.18,53,5.0,1,Random forest tuned,377,0.689854,0.5075633511333334,0.0152405,0.018734895833333366,45.26452544207867,29.748350306082035
19,8.72,49,17.2,1,Random forest tuned,380,2.20068,2.0507606333333346,0.145416,0.1486264699999996,15.133685426638062,13.95454656856046
19,8.72,59,17.2,1,Random forest tuned,390,2.20871,2.1798269000000072,0.151359,0.1489502833333328,14.592525056323046,14.860222612517289
14,8.72,53,33.9,1,Random forest tuned,391,1.46428,1.860892476666672,0.120162,0.09386681266666677,12.185882392103993,20.594647498388696
3,1.68,59,6.5,1,Random forest tuned,394,0.579745,0.5876055186666674,0.0117987,0.014125855633333332,49.13634552959224,42.819892810731
6,8.53,45,12.1,1,Random forest tuned,399,1.68451,1.6798050191666636,0.045344,0.04568634026957685,37.149567748764994,36.83647198517476
8,8.51,41,10.8,1,Random forest tuned,408,1.85287,1.860425549166666,0.0530801,0.054204913736111304,34.907055563196,34.4724109619911
5,8.7,48,10.8,1,Random forest tuned,414,1.60437,1.6018209775793617,0.0411777,0.04132436174404757,38.96210813134294,38.91498998508869
4,8.68,47,10.7,1,Random forest tuned,415,1.49347,1.4871357410714237,0.0363878,0.036388920262301665,41.043151825611886,41.01758302226929
0,1.68,37,1.0,1,Random forest tuned,419,0.189749,0.24875570533333302,0.00627719,0.007849542833333322,30.22833465292591,31.841058842619738
18,8.75,46,11.5,1,Random forest tuned,421,2.0619,1.931098733333333,0.146667,0.16533107833333305,14.058377140051956,12.848115942723242
9,8.45,41,10.7,1,Random forest tuned,423,1.93643,1.9366773361111125,0.0574758,0.05838688616666676,33.691223088673844,33.240862085836234
-1,8.63,49,7.9,1,Random forest tuned,430,0.958041,0.8667170083333332,0.0199113,0.02049889608333335,48.115441985204384,42.748627664203745
2,1.28,39,1.0,1,Random forest tuned,432,0.371452,0.3492624216666661,0.00980003,0.014452414199999982,37.90314927607365,30.75157380372122
19,8.67,58,17.2,1,Random forest tuned,433,2.20069,2.161577666666674,0.148997,0.14962204999999953,14.770028926756915,14.677440601528955
18,8.22,50,12.4,1,Random forest tuned,434,2.01432,1.9167965999999983,0.145122,0.1598133446666665,13.880183569686196,12.803723943627629
19,8.72,46,1.0,1,Random forest tuned,442,1.35933,1.3532910999999987,0.393559,0.3893782799999978,3.4539421027088695,3.5922911079669357
15,8.39,49,10.0,1,Random forest tuned,459,2.0644,2.023228180000002,0.109775,0.11607579266666662,18.805739011614666,19.382873144352516
-3,7.12,77,15.0,1,Random forest tuned,463,0.684109,0.3253977094333332,0.0221893,0.026656463199999997,30.830580505018183,18.451611767460577
0,0.48,37,1.6,1,Random forest tuned,464,0.0551565,0.0739174181200002,0.00599848,0.006815242233333334,9.195079420119765,11.221818004426597
9,6.83,57,34.0,1,Random forest tuned,465,1.21938,1.2143597333333345,0.0613242,0.057515798333333215,19.884156662459517,21.716400150651545
0,0.0,36,1.0,1,Random forest tuned,471,0.00285041,0.009800238486666711,0.00571472,0.005785285100000013,0.4987838424279754,1.6827418121451723
1,3.57,25,6.6,1,Random forest tuned,474,0.49782,0.810587302190476,0.0103215,0.015995168309523824,48.23136172068013,52.074315212477295
9,9.43,37,1.0,1,Random forest tuned,475,1.74245,1.4327790633333337,0.0883583,0.1012654088666669,19.720275288229857,18.0228718750958
17,4.07,46,2.6,1,Random forest tuned,477,1.11071,1.3021379066666692,0.303683,0.30772496466666577,3.657465185736443,4.693489615827389
5,2.0,40,12.0,1,Gradient boosting tuned,0,0.81559,0.8891846685950597,0.0175578,0.01778276926622685,46.45171946371414,42.74382723318723
-8,1.73,74,4.5,1,Gradient boosting tuned,9,-0.590789,-0.4874367088147232,0.0877178,0.05927220692005442,-6.735109635672577,-14.257990748392661
21,4.32,8,11.6,1,Gradient boosting tuned,11,1.29765,1.496412672066585,0.245441,0.18487514324336143,5.287013987068176,11.349747467296524
9,2.06,38,11.9,1,Gradient boosting tuned,15,1.27297,1.1631843457072955,0.0309712,0.04262052180395319,41.10173322312342,35.18161341587075
3,4.32,25,18.7,1,Gradient boosting tuned,18,0.802632,0.8516503162337912,0.0192567,0.015728559706028815,41.68066179563476,42.321091662610144
21,0.0,8,11.6,1,Gradient boosting tuned,19,0.890022,1.0192213620999833,0.241263,0.18237308431065666,3.689011576578257,1.8404555648092509
5,2.27,25,16.2,1,Gradient boosting tuned,25,0.821535,0.8976969505618726,0.0188276,0.019251424259742217,43.63461089039495,42.22118571719551
10,6.91,58,1.0,1,Gradient boosting tuned,30,1.40036,1.3734033854610614,0.153052,0.14818890425001147,9.149570080756869,9.428456919357957
-3,1.9,28,18.8,1,Gradient boosting tuned,33,-0.141378,-0.2227524197751479,0.0113968,0.009565658082544035,-12.405061069773971,-10.533366297544173
4,1.64,42,20.0,1,Gradient boosting tuned,39,0.636947,0.6489323755256173,0.0164947,0.01600940350032381,38.615252171909766,37.71664582898429
-1,6.55,43,21.5,1,Gradient boosting tuned,55,0.595492,0.6048874568382833,0.0177153,0.016986970484768604,33.61455916637031,32.89334801399266
19,8.72,54,17.0,1,Gradient boosting tuned,56,2.17469,2.1922985177724614,0.149086,0.1502699575567671,14.586815663442577,13.69465955224921
12,7.19,54,16.7,1,Gradient boosting tuned,63,1.93696,1.9845013740301185,0.0729552,0.07373703391514859,26.549992324056408,26.740193965806863
-6,7.99,62,30.7,1,Gradient boosting tuned,68,0.0237329,-0.11016739637085211,0.023084,0.026528531753529386,1.028110379483625,1.522095601889934
14,2.28,54,12.5,1,Gradient boosting tuned,70,1.45351,1.3686187725892827,0.079219,0.08065124147304611,18.347997323874324,22.471901842076768
5,6.24,56,16.8,1,Gradient boosting tuned,72,1.34389,1.5404472037852404,0.0344099,0.03416086144681223,39.05533000677131,39.57305256515987
19,8.77,53,17.2,1,Gradient boosting tuned,73,2.18618,2.180960297617553,0.14762,0.14757791218038602,14.809510906381247,14.094206006502667
7,8.66,54,16.9,1,Gradient boosting tuned,75,1.71069,1.7586776010416618,0.0542881,0.05203047868634104,31.51132568647641,33.5003454650128
14,5.72,25,39.8,1,Gradient boosting tuned,76,0.841545,1.3022255696915204,0.108255,0.07895670635982517,7.773728696134127,17.228704778551236
-15,0.84,55,14.6,1,Gradient boosting tuned,77,-1.09014,-0.7838939131857667,0.0832347,0.04559740084524231,-13.09718182440737,-20.481787805251944
-1,1.68,54,16.9,1,Gradient boosting tuned,78,0.11152,0.12289640188020616,0.0104682,0.00846240104255225,10.653216407787394,10.721312666658909
13,7.1,43,19.7,1,Gradient boosting tuned,79,1.85952,1.8540078368579582,0.0783392,0.08170547928545024,23.736775458518853,25.011410037056606
14,8.72,53,17.0,1,Gradient boosting tuned,82,2.15373,2.1494593314923645,0.0975744,0.09668765000365359,22.07269529712711,22.263847391358638
3,0.0,54,16.9,1,Gradient boosting tuned,90,0.353367,0.34744378231096334,0.0119827,0.01363812975543647,29.489764410358262,28.675354294679885
-15,2.04,47,20.0,1,Gradient boosting tuned,93,-1.16399,-0.981929064599477,0.0528011,0.05265268980563422,-22.04480588472589,-22.20369587979163
22,0.73,44,33.0,1,Gradient boosting tuned,101,0.978854,1.048887863230955,0.159458,0.18076118255164064,6.138632116293946,3.5588323425843855
-15,8.72,38,17.0,1,Gradient boosting tuned,104,-0.0949157,-0.16033885963278963,0.104468,0.07018610306332314,-0.9085624306007581,3.912928328730892
5,8.72,49,1.0,1,Gradient boosting tuned,113,1.54988,1.514853956390777,0.05007,0.052521942078494234,30.954264030357496,29.74663508589917
14,8.72,49,11.6,1,Gradient boosting tuned,117,2.22692,2.2113725892557583,0.094003,0.09586455496655895,23.68988223780092,23.31736750187281
2,8.24,54,17.0,1,Gradient boosting tuned,137,1.22723,1.1865059785010144,0.0315588,0.027742331595849278,38.887093298858005,40.31748420520375
14,0.0,54,11.6,1,Gradient boosting tuned,148,0.926928,1.0332254878267528,0.0959967,0.08786380566916686,9.655831919222223,13.167427803252096
17,9.19,59,24.5,1,Gradient boosting tuned,153,2.04771,2.1746731492796445,0.136752,0.12255158805413364,14.973894348894348,16.6902461065103
-1,1.68,49,11.6,1,Gradient boosting tuned,154,0.0949111,0.13237957823189236,0.00910598,0.008476155685054628,10.422941847006033,13.545326235606337
14,8.72,54,11.7,1,Gradient boosting tuned,155,2.19846,2.207907159538771,0.0956302,0.09776199096861582,22.989181241908934,22.892835208155443
19,1.15,53,17.2,1,Gradient boosting tuned,172,1.27202,1.3168172881698874,0.140719,0.13606138604217316,9.039433196654324,10.56254345404976
2,4.64,79,1.0,1,Gradient boosting tuned,173,1.0491,0.9871758176041876,0.031546,0.030585431997673423,33.25619729918215,48.319193523093006
14,8.72,49,11.4,1,Gradient boosting tuned,175,2.20461,2.2099832871146754,0.0938123,0.09635866200096077,23.500223318264236,22.074279967010778
14,8.6,59,12.4,1,Gradient boosting tuned,180,2.2091,2.1975016615177245,0.0981575,0.09645769293873573,22.50566691286962,22.536664099926117
19,8.61,47,10.7,1,Gradient boosting tuned,185,1.85537,2.0179130023513734,0.184209,0.19186072990911882,10.072092025905357,14.30811869836193
2,7.96,54,6.0,1,Gradient boosting tuned,203,1.25772,1.210110021928541,0.0263761,0.023617015233626523,47.68407763088553,49.774832590124674
-9,5.47,36,14.0,1,Gradient boosting tuned,208,-0.394144,-0.5092854699312522,0.0205189,0.028887090962931596,-19.208826983902647,-9.75549659465991
5,6.98,41,16.2,1,Gradient boosting tuned,211,1.35979,1.471646650687037,0.0345846,0.03730781426554992,39.31778884243276,38.6546027881919
14,7.27,55,17.7,1,Gradient boosting tuned,218,2.07236,2.0151880176831987,0.0871938,0.08992920096492457,23.767286206129338,22.74160638040912
-11,9.5,0,40.0,1,Gradient boosting tuned,220,-0.100843,-0.146063585267947,0.0246185,0.07895317479332906,-4.0962284460872915,-0.39205427740570375
10,7.98,41,13.2,1,Gradient boosting tuned,222,1.94019,1.902360184554254,0.0618699,0.06316758395439451,31.359190818152285,30.226651957480954
16,5.23,82,16.3,1,Gradient boosting tuned,234,1.98644,1.7339970267591898,0.117806,0.11766765164687959,16.86195949272533,17.778278640763485
-1,6.82,54,1.0,1,Gradient boosting tuned,237,0.782212,0.7428159587639197,0.0149424,0.014200747690394155,52.34848484848485,47.64119767314082
-1,1.38,63,1.0,1,Gradient boosting tuned,249,0.0976803,0.10131456591550489,0.0062776,0.005936066799701026,15.560134446285204,15.186045723551693
1,1.48,46,1.0,1,Gradient boosting tuned,253,0.285303,0.2899206663792145,0.006848,0.007421142974087959,41.66223714953271,41.979535508176646
2,8.21,52,3.1,1,Gradient boosting tuned,261,1.26329,1.235770384146514,0.0254838,0.025729564172979703,49.572277289886124,49.86247847233151
10,8.77,41,11.1,1,Gradient boosting tuned,266,2.02032,2.050001963910361,0.065054,0.06649737378336625,31.056045746610508,30.114962776412554
7,8.45,45,12.0,1,Gradient boosting tuned,268,1.7666,1.7586763215319259,0.0494295,0.04971489946595604,35.7397910154867,35.89000847209428
19,8.74,57,17.2,1,Gradient boosting tuned,277,2.18886,2.202384035552099,0.149732,0.14813303238021078,14.61851841957631,13.365046699320748
0,0.16,28,15.6,1,Gradient boosting tuned,281,0.0177396,0.025858836658721334,0.00966373,0.009168431921313653,1.8356887040511272,6.920668340469554
0,8.38,64,1.0,1,Gradient boosting tuned,298,1.2143,1.1089604705496765,0.0239538,0.026782921742895694,50.69341816329768,53.26561270760873
14,8.81,46,11.4,1,Gradient boosting tuned,301,2.20735,2.1805429496079216,0.0928692,0.09590679452400501,23.768375306344836,22.0744093638478
0,1.68,59,1.6,1,Gradient boosting tuned,302,0.229933,0.18293670586780136,0.00656123,0.006469384403276676,35.04419140923272,36.79820054619068
-1,0.16,64,1.0,1,Gradient boosting tuned,304,-0.093315,0.017473342771298698,0.00638384,0.007524310474400434,-14.617377628511992,1.7586637802433098
14,8.72,9,11.6,1,Gradient boosting tuned,305,1.28596,2.077517135967776,0.164682,0.08893807094625202,7.80874655396461,22.424326928727787
13,8.2,48,12.9,1,Gradient boosting tuned,310,2.13701,2.1465812564357463,0.081746,0.0830065339205786,26.14207422993174,25.60578455342573
19,8.76,53,17.2,1,Gradient boosting tuned,311,2.18115,2.180960297617553,0.146934,0.14757791218038602,14.844419943648168,13.816874185190033
19,8.72,53,12.9,1,Gradient boosting tuned,320,2.02835,2.0784744509974478,0.166089,0.16074426317343918,12.212428276406024,14.347211883440181
13,8.2,49,17.2,1,Gradient boosting tuned,321,2.02539,2.108946395300574,0.0851586,0.08348058715779062,23.783739986331383,24.655808713029693
7,8.52,45,12.3,1,Gradient boosting tuned,322,1.76602,1.7586763215319259,0.0494354,0.047513897798756,35.72379307136182,35.85456760207676
3,8.38,89,13.5,1,Gradient boosting tuned,323,1.3319,1.4563225877111066,0.0571537,0.048312902862450005,23.303828098618286,36.07079319284748
19,7.8,40,12.9,1,Gradient boosting tuned,332,2.00916,1.8679198169477487,0.149867,0.15458287316769925,13.40628690772485,13.168721431416122
0,0.16,64,19.1,1,Gradient boosting tuned,334,0.0173729,0.024712579647375155,0.010787,0.010519531313542815,1.6105404653749884,2.8969163276301453
4,8.34,54,13.8,1,Gradient boosting tuned,340,1.50346,1.5152229766177667,0.0387942,0.037814944062537534,38.75476230982982,39.4894524456161
9,7.76,39,13.0,1,Gradient boosting tuned,349,1.85704,1.8378441924632867,0.0555142,0.05448774786060719,33.451621386960454,33.8602140077493
14,5.95,49,5.9,1,Gradient boosting tuned,358,1.42582,1.4870795513458115,0.158246,0.1396847157032785,9.010148755734743,15.72576057942922
6,7.97,54,13.3,1,Gradient boosting tuned,375,1.65719,1.656304613027416,0.0457587,0.042230415143526705,36.21584529280771,38.08925974632119
-3,8.18,53,5.0,1,Gradient boosting tuned,377,0.689854,0.5900836437621809,0.0152405,0.01984431430308583,45.26452544207867,33.1955574642878
19,8.72,49,17.2,1,Gradient boosting tuned,380,2.20068,2.147246454676376,0.145416,0.15366165528826525,15.133685426638062,13.726626155137165
19,8.72,59,17.2,1,Gradient boosting tuned,390,2.20871,2.227496374878117,0.151359,0.14934511514358173,14.592525056323046,13.305403012049258
14,8.72,53,33.9,1,Gradient boosting tuned,391,1.46428,1.7825105139818689,0.120162,0.09909707781052657,12.185882392103993,18.1612438722359
3,1.68,59,6.5,1,Gradient boosting tuned,394,0.579745,0.529872079418748,0.0117987,0.01152354123009319,49.13634552959224,45.6886108477396
6,8.53,45,12.1,1,Gradient boosting tuned,399,1.68451,1.701310179949514,0.045344,0.042090524086417835,37.149567748764994,38.08349761296435
8,8.51,41,10.8,1,Gradient boosting tuned,408,1.85287,1.8562457062751625,0.0530801,0.053205854774799825,34.907055563196,34.475625548645105
5,8.7,48,10.8,1,Gradient boosting tuned,414,1.60437,1.6241703295222065,0.0411777,0.0423968988091624,38.96210813134294,39.017396471344426
4,8.68,47,10.7,1,Gradient boosting tuned,415,1.49347,1.5274961175320192,0.0363878,0.03707376833421004,41.043151825611886,40.54619489449813
0,1.68,37,1.0,1,Gradient boosting tuned,419,0.189749,0.13770076396720826,0.00627719,0.0054300591216114615,30.22833465292591,33.93278257698246
18,8.75,46,11.5,1,Gradient boosting tuned,421,2.0619,2.045770207924566,0.146667,0.17984103389541015,14.058377140051956,14.674325643126345
9,8.45,41,10.7,1,Gradient boosting tuned,423,1.93643,1.9395606842477806,0.0574758,0.057783294559238495,33.691223088673844,34.13796855558
-1,8.63,49,7.9,1,Gradient boosting tuned,430,0.958041,0.9236627876995236,0.0199113,0.023619938449248597,48.115441985204384,44.381904430766475
2,1.28,39,1.0,1,Gradient boosting tuned,432,0.371452,0.35225589910704846,0.00980003,0.009600430118623996,37.90314927607365,34.847937583935746
19,8.67,58,17.2,1,Gradient boosting tuned,433,2.20069,2.207767910312558,0.148997,0.14732924237356573,14.770028926756915,13.752458310575333
18,8.22,50,12.4,1,Gradient boosting tuned,434,2.01432,2.083896427672346,0.145122,0.15314018767410856,13.880183569686196,14.629650218118444
19,8.72,46,1.0,1,Gradient boosting tuned,442,1.35933,1.3189559415502916,0.393559,0.3946944577857548,3.4539421027088695,3.3092508497768183
15,8.39,49,10.0,1,Gradient boosting tuned,459,2.0644,2.1467905217477745,0.109775,0.10963802203802306,18.805739011614666,19.160617128495765
-3,7.12,77,15.0,1,Gradient boosting tuned,463,0.684109,0.6149889045011151,0.0221893,0.022309230868530976,30.830580505018183,18.850486946279446
0,0.48,37,1.6,1,Gradient boosting tuned,464,0.0551565,0.04477794532766272,0.00599848,0.006310809655998477,9.195079420119765,11.094344024517083
9,6.83,57,34.0,1,Gradient boosting tuned,465,1.21938,1.3168551779079787,0.0613242,0.06183761354466142,19.884156662459517,20.46812452824434
0,0.0,36,1.0,1,Gradient boosting tuned,471,0.00285041,-0.007099549773528966,0.00571472,0.005097928865870082,0.4987838424279754,0.45024993348760284
1,3.57,25,6.6,1,Gradient boosting tuned,474,0.49782,0.5143384848414413,0.0103215,0.009085195669950082,48.23136172068013,56.7997105580687
9,9.43,37,1.0,1,Gradient boosting tuned,475,1.74245,1.5175351256232756,0.0883583,0.11389648650331925,19.720275288229857,16.76315126035518
17,4.07,46,2.6,1,Gradient boosting tuned,477,1.11071,1.2273294605141847,0.303683,0.3293579132002127,3.657465185736443,2.748709011847277
-15,5.18,33,32.9,2,Polynomial ridge tuned,3,-0.635606,-0.669018370238919,0.03902,-0.05090384216992115,-16.289236289082524,-42.06772496218449
3,0.0,25,18.7,2,Polynomial ridge tuned,5,0.338081,0.30736114850987795,0.0122829,0.017638914956767886,27.52452596699477,14.39140000219163
10,6.91,57,1.0,2,Polynomial ridge tuned,7,1.38136,1.5449068647506752,0.145354,0.13893374077699888,9.503419238548645,31.266912967328654
25,9.5,59,1.0,2,Polynomial ridge tuned,16,1.41213,0.5681454436368818,0.601579,0.633210065404747,2.3473724980426516,-34.460423183728686
-1,4.11,41,21.6,2,Polynomial ridge tuned,17,0.330184,0.35503546828562305,0.013635,0.019209295733876926,24.215914924825814,28.301226349288005
7,8.64,0,28.9,2,Polynomial ridge tuned,22,1.1725,1.0929230537561683,0.0500521,0.0857407079876499,23.42559053466288,24.221297427862538
-1,1.68,43,19.7,2,Polynomial ridge tuned,23,0.0871575,0.1198896152916129,0.011135,0.010449860028243801,7.827346205657835,24.55204685530333
-8,3.87,11,15.4,2,Polynomial ridge tuned,24,-0.481608,-0.38914836509095396,0.0218218,0.0746404402527735,-22.07004005169143,-13.206441439749057
23,7.08,49,1.6,2,Polynomial ridge tuned,26,1.27134,1.0250985322702053,0.491058,0.5022335164168981,2.5889813423261607,-14.765728669621915
25,7.77,75,25.8,2,Polynomial ridge tuned,29,1.92007,1.898145064417357,0.27399,0.2322448206700321,7.007810504032993,12.77546854889714
14,8.72,54,1.0,2,Polynomial ridge tuned,31,1.62725,1.6712802891116647,0.270243,0.2300426960287152,6.021432562545561,13.522975833101405
5,1.58,56,17.8,2,Polynomial ridge tuned,37,0.77454,0.7502589617136534,0.0185379,0.013364965715630915,41.781431553735864,34.145803126425754
25,7.77,49,37.3,2,Polynomial ridge tuned,42,1.42885,1.2294172450124852,0.270326,0.21420889141378346,5.285655097918808,17.950155468282944
-1,5.91,43,21.5,2,Polynomial ridge tuned,45,0.53433,0.5407857597574071,0.0166119,0.02789181212309861,32.1654958192621,29.012191615839722
2,7.77,75,25.8,2,Polynomial ridge tuned,46,1.03513,0.9358860246494937,0.038257,0.04357176082403349,27.05727056486395,20.540786163134285
4,1.6,34,20.2,2,Polynomial ridge tuned,57,0.632275,0.6040773679782685,0.0166073,0.015122335248636314,38.0721128660288,28.673516850551007
22,8.49,49,16.5,2,Polynomial ridge tuned,60,1.99425,1.9676903696499353,0.20296,0.2126013819277306,9.825827749310209,6.282715838014692
5,8.72,54,17.0,2,Polynomial ridge tuned,66,1.54692,1.6214467854924581,0.0450442,0.03300404980431973,34.34226826095258,36.18241922420057
19,5.8,49,11.6,2,Polynomial ridge tuned,67,1.55542,1.8791580517978475,0.189838,0.1924531602656009,8.193407010187633,15.63735527548514
5,2.07,48,14.9,2,Polynomial ridge tuned,74,0.836503,0.8247160141551033,0.018807,0.00955535969080884,44.478279364066566,37.90891578749487
3,4.25,54,4.7,2,Polynomial ridge tuned,83,0.904181,0.8877967445008459,0.0166593,0.01969374540050864,54.2748494834717,46.400325105908024
-15,2.07,46,19.0,2,Polynomial ridge tuned,84,-1.12612,-1.0843817570651857,0.056998,0.0657140596611375,-19.757184462612724,-43.21919679870053
3,5.96,54,14.3,2,Polynomial ridge tuned,86,1.11255,1.1165238594337454,0.0253016,0.017499549165883012,43.9715274923325,41.30491482274046
7,2.28,53,12.5,2,Polynomial ridge tuned,94,1.10431,1.058116652852007,0.0250915,0.019618253721955498,44.011318574019086,39.87118665849904
13,8.61,53,17.0,2,Polynomial ridge tuned,108,2.07933,2.136969739067245,0.0892104,0.07962295050787263,23.30815689650534,25.230524740631594
11,7.19,59,17.4,2,Polynomial ridge tuned,109,1.94444,1.933244834412651,0.0696392,0.060159124301094234,27.921630346126893,29.488872078984407
-5,8.72,53,19.2,2,Polynomial ridge tuned,110,0.452712,0.5194941603108042,0.0180435,0.047121781301571714,25.090032421647685,29.42619311415556
-1,6.08,49,16.9,2,Polynomial ridge tuned,114,0.631739,0.6443861363092461,0.0160983,0.021663902902945217,39.24259083257239,35.85016841183018
5,5.8,61,17.0,2,Polynomial ridge tuned,116,1.32957,1.3021333911973416,0.0339311,0.024516416082817696,39.18440604637044,38.28955101408524
13,7.1,54,19.7,2,Polynomial ridge tuned,118,1.89884,1.9908404378696767,0.0803914,0.07203461987813677,23.619939446259178,25.361554540022595
4,3.15,31,18.4,2,Polynomial ridge tuned,124,0.807066,0.7894492568463546,0.0191064,0.017378103592846333,42.24061047607084,32.7893911701034
19,1.68,54,28.0,2,Polynomial ridge tuned,126,1.44333,1.396342168630364,0.10566,0.1289289922190154,13.660136286201022,14.607014338680353
13,8.2,49,12.9,2,Polynomial ridge tuned,131,2.1705,2.066884325619653,0.0824069,0.09095185172686161,26.33881386146063,25.79656616211631
3,2.2,58,19.0,2,Polynomial ridge tuned,132,0.628419,0.6347328072705707,0.0158514,0.012382938654949133,39.644384723115934,35.054429107084644
13,6.96,53,16.9,2,Polynomial ridge tuned,140,1.98197,1.9962359008823665,0.0778814,0.07551727223339215,25.448566666752267,26.916806909466153
5,5.8,49,7.6,2,Polynomial ridge tuned,141,1.30011,1.2637484582373228,0.0284334,0.02851353984325259,45.724746249129545,44.53802903463742
13,1.57,60,1.0,2,Polynomial ridge tuned,144,1.00664,1.1595819852880855,0.221572,0.16863406229680072,4.543173325149387,21.954772928163546
5,2.58,30,17.6,2,Polynomial ridge tuned,145,0.852244,0.826759736648419,0.0198648,0.017629078852563512,42.902219000443,32.70355042630311
2,5.95,50,5.9,2,Polynomial ridge tuned,152,0.982012,0.9783204312065426,0.0186747,0.018149597942896542,52.58515531708676,45.947345210228875
18,5.81,46,8.8,2,Polynomial ridge tuned,157,1.39108,1.8019074549850802,0.205359,0.20089005883437155,6.773893523049878,17.00432263769295
-3,5.75,45,6.6,2,Polynomial ridge tuned,165,0.353279,0.39552241052988846,0.01039,0.014291124154147836,34.00182868142445,40.02508343182088
16,6.68,53,15.1,2,Polynomial ridge tuned,168,2.10097,2.0523226843776956,0.101376,0.11749702191513628,20.724530460858585,21.846484812341092
5,5.8,49,16.9,2,Polynomial ridge tuned,176,1.25887,1.2639069597695305,0.031029,0.022272592816473757,40.57075638918431,38.28855065940172
7,6.92,60,16.3,2,Polynomial ridge tuned,181,1.61302,1.6168581164127862,0.046546,0.035437464065993254,34.654320457182145,35.640107437522694
17,1.37,38,32.7,2,Polynomial ridge tuned,182,1.04319,1.125014472758337,0.0928584,0.12006685984490512,11.234201752345507,15.24428733376199
16,8.87,36,30.1,2,Polynomial ridge tuned,192,1.55485,1.7467106826010759,0.138332,0.10338031882869225,11.239987855304628,19.358411821205063
-3,5.83,19,2.9,2,Polynomial ridge tuned,193,0.0947084,0.27364597296443927,0.0441903,0.032419454439068636,2.143194320925633,26.123991573322126
1,1.62,62,1.0,2,Polynomial ridge tuned,195,0.35687,0.35894208874936173,0.00783263,0.01683441932966056,45.56196322308088,28.683456155917476
19,8.74,53,18.4,2,Polynomial ridge tuned,199,2.19571,2.177026277464643,0.147497,0.14936007818098823,14.886472267232556,13.999848424554356
4,8.36,54,13.7,2,Polynomial ridge tuned,204,1.5009,1.519754366856965,0.0388447,0.027482681507378925,38.63847577661817,39.203043348244215
10,6.82,58,16.4,2,Polynomial ridge tuned,209,1.86448,1.8368893890285602,0.0606944,0.052023831031289866,30.719143776032052,32.321833007475725
13,8.2,69,12.9,2,Polynomial ridge tuned,210,2.18493,2.129879028070086,0.093055,0.10488517891774209,23.47998495513406,23.188969486695076
19,8.72,5,1.0,2,Polynomial ridge tuned,227,1.21524,0.9958152678358554,0.386538,0.337786497926466,3.143908231532217,-10.994700835494761
-1,1.38,64,1.0,2,Polynomial ridge tuned,228,0.0883007,0.1282070594769551,0.00629796,0.013130084910355923,14.02052410621852,21.339520624607953
12,8.74,49,11.4,2,Polynomial ridge tuned,229,2.16797,2.0662071825017327,0.0800127,0.08685826170007505,27.09532361737574,27.615567498699896
1,6.21,46,1.0,2,Polynomial ridge tuned,244,0.863749,0.8089082780791516,0.0144515,0.02476598255014536,59.768812925993835,45.234138619989835
15,1.38,64,1.0,2,Polynomial ridge tuned,248,0.996974,1.1455603496464974,0.259163,0.21765978893192034,3.8468994416641267,13.489588998109882
1,1.38,64,1.7,2,Polynomial ridge tuned,250,0.320746,0.3362451698271345,0.00745731,0.01630306429117679,43.01095167024034,26.107279562198876
7,8.45,45,12.3,2,Polynomial ridge tuned,255,1.7757,1.7600240234676647,0.0498507,0.03941750848323479,35.62036240213277,36.96871539085985
0,8.47,46,12.3,2,Polynomial ridge tuned,265,1.02449,1.1355917174599315,0.022979,0.02398439030360293,44.58375038078245,41.47363967022855
13,7.49,49,12.7,2,Polynomial ridge tuned,284,2.12753,2.0035302787594453,0.07881,0.09022692467729532,26.995685826671743,26.83162896597809
14,8.77,47,11.4,2,Polynomial ridge tuned,290,2.22332,2.1004421651035003,0.0928355,0.11225401103177439,23.949028119630963,22.740431213176887
2,4.87,69,6.3,2,Polynomial ridge tuned,297,0.997222,0.9339471745790188,0.0197228,0.025506318407710865,50.5618877644148,42.81165134287074
5,3.32,49,35.7,2,Polynomial ridge tuned,307,0.506055,0.619998774777278,0.0295031,0.039870524378636474,17.15260430259871,18.582722961590587
3,8.41,54,14.0,2,Polynomial ridge tuned,312,1.39777,1.4284981062361646,0.0352926,0.02575771875095724,39.60518635634666,39.569848919924326
2,1.32,64,1.0,2,Polynomial ridge tuned,329,0.403206,0.4209435532416491,0.0118465,0.022699619332458697,34.03587557506437,26.080609299055887
13,8.2,49,12.7,2,Polynomial ridge tuned,331,2.18206,2.0644635171516574,0.0835067,0.0918896762839033,26.130358402379688,25.79360395799174
1,3.57,46,28.5,2,Polynomial ridge tuned,335,0.407084,0.426069264181962,0.0181026,0.019946080823078492,22.487598466518623,23.96727451122895
9,3.32,61,2.5,2,Polynomial ridge tuned,352,1.08782,1.2566626267970349,0.122483,0.09056643530905109,8.881395785537585,38.49892811075003
19,1.29,53,17.2,2,Polynomial ridge tuned,356,1.31444,1.4193991933381034,0.140261,0.13833353363530684,9.371386201438748,15.608973578413037
-4,3.47,52,1.0,2,Polynomial ridge tuned,360,-0.0969782,-0.006100279359074534,0.0389484,0.008516538716512721,-2.4899148617144733,32.186055830280296
0,2.97,45,1.0,2,Polynomial ridge tuned,362,0.360038,0.352153156703108,0.00738022,0.008651036315694548,48.78418258534299,38.49934198863611
22,5.66,59,33.4,2,Polynomial ridge tuned,368,1.53001,1.6691664277425038,0.185881,0.17515810549974223,8.23112636579317,12.418477689808489
-12,9.5,56,11.7,2,Polynomial ridge tuned,371,0.0466695,0.1176949627653352,0.102868,0.08450709292593464,0.45368336120076214,18.720161508875286
-15,9.5,51,8.5,2,Polynomial ridge tuned,382,0.00310215,-0.07470421991605991,0.149869,0.11197630160466972,0.020699077194082833,6.209257260834082
1,0.0,33,1.0,2,Polynomial ridge tuned,386,0.113081,0.10082364346760442,0.00639801,0.00834332919168252,17.67440188433591,8.385489921201138
6,2.55,45,14.3,2,Polynomial ridge tuned,395,1.00719,0.981069907430711,0.0226913,0.01395598828835453,44.386615134434784,39.458889364064035
4,8.7,48,10.7,2,Polynomial ridge tuned,396,1.5148,1.5611802437976074,0.0370895,0.027711889520557302,40.84174766443333,41.34402001339953
4,2.04,44,1.1,2,Polynomial ridge tuned,400,0.669732,0.6528118164184139,0.0269713,0.02845271064759128,24.831283623703715,37.35865274897089
12,8.59,41,10.8,2,Polynomial ridge tuned,401,2.17158,2.000651671828612,0.0764029,0.08676656244248543,28.422743115771787,27.295136008483812
22,8.72,53,1.0,2,Polynomial ridge tuned,402,1.38227,1.0738861777014406,0.497824,0.4902177654114181,2.7766238670694867,-18.503733957488322
14,8.72,37,11.6,2,Polynomial ridge tuned,406,2.18676,2.038159363245126,0.0903807,0.1068403779280871,24.194988531843638,22.090982242097727
1,1.02,39,2.2,2,Polynomial ridge tuned,420,0.226367,0.23338977923116389,0.00662149,0.004757370128029903,34.18671628289101,24.48266743346059
0,5.61,51,1.0,2,Polynomial ridge tuned,422,0.706978,0.665345007060426,0.0118012,0.01963198551198827,59.9072975629597,45.11317271408049
1,7.42,60,1.4,2,Polynomial ridge tuned,426,1.12724,1.0266512429935442,0.0212281,0.033709061031478645,53.10131382460041,42.57123761306322
0,0.0,46,1.0,2,Polynomial ridge tuned,428,0.00285041,-0.005781430288835487,0.00571472,0.0016271595644443693,0.4987838424279754,8.412721146872588
7,8.6,50,11.3,2,Polynomial ridge tuned,436,1.83091,1.7925206016276714,0.0519259,0.04173213941478708,35.260053268214904,37.350918044176666
3,9.34,56,28.4,2,Polynomial ridge tuned,437,1.0742,1.0941166712936188,0.044695,0.053125209335820545,24.034008278330912,25.854095891126168
12,8.34,49,10.8,2,Polynomial ridge tuned,447,2.14523,2.0182638274324587,0.0765219,0.08930067815506926,28.03419674629093,27.839704775993393
11,8.55,46,12.3,2,Polynomial ridge tuned,448,2.0656,2.0084007230121523,0.0707471,0.07074560104433006,29.19695648302192,29.87672155242876
-1,1.8,41,1.0,2,Polynomial ridge tuned,451,0.0963159,0.10240910594230512,0.00751665,0.002579943405571286,12.813673644509189,27.16228459428877
1,2.23,46,2.7,2,Polynomial ridge tuned,452,0.388098,0.39761186878935695,0.00802423,0.006149784095653366,48.365762197743585,36.75265645448142
17,8.95,53,16.3,2,Polynomial ridge tuned,454,2.22317,2.215407158561921,0.124044,0.13084576039101556,17.922430750378897,17.311004414590585
9,9.43,25,6.6,2,Polynomial ridge tuned,457,1.97084,1.813084100009222,0.057143,0.07320726685306451,34.48961377596556,31.483005512455875
4,9.46,34,6.5,2,Polynomial ridge tuned,470,1.49718,1.5987673590883733,0.0344408,0.03382509820764554,43.47111565352721,42.33273837083034
5,4.41,43,3.1,2,Polynomial ridge tuned,473,1.06533,1.0198267426508119,0.0265486,0.03788428404928837,40.127539681941805,45.08781081766044
-15,5.18,33,32.9,2,Random forest tuned,3,-0.635606,-0.4753852384933333,0.03902,0.04440809266666677,-16.289236289082524,-12.844732557972584
3,0.0,25,18.7,2,Random forest tuned,5,0.338081,0.431105181086666,0.0122829,0.018090346433333255,27.52452596699477,27.9658992555928
10,6.91,57,1.0,2,Random forest tuned,7,1.38136,1.4208683999999951,0.145354,0.14005034966666693,9.503419238548645,11.052665289039364
25,9.5,59,1.0,2,Random forest tuned,16,1.41213,1.3413912666666703,0.601579,0.41760963333333156,2.3473724980426516,3.5260800269108925
-1,4.11,41,21.6,2,Random forest tuned,17,0.330184,0.3338336516666656,0.013635,0.01464463559999995,24.215914924825814,21.46450893745988
7,8.64,0,28.9,2,Random forest tuned,22,1.1725,1.186582411999998,0.0500521,0.048660193333333136,23.42559053466288,24.249674878535266
-1,1.68,43,19.7,2,Random forest tuned,23,0.0871575,0.14155358166666662,0.011135,0.011374911666666626,7.827346205657835,11.530174104947191
-8,3.87,11,15.4,2,Random forest tuned,24,-0.481608,-0.34819209699999976,0.0218218,0.03680762400000008,-22.07004005169143,-15.02655743664552
23,7.08,49,1.6,2,Random forest tuned,26,1.27134,1.3101796200000015,0.491058,0.385906493333332,2.5889813423261607,3.612028052459679
25,7.77,75,25.8,2,Random forest tuned,29,1.92007,1.8126477800000014,0.27399,0.2457182833333331,7.007810504032993,7.500252942663979
14,8.72,54,1.0,2,Random forest tuned,31,1.62725,1.5596398833333283,0.270243,0.22512347266666674,6.021432562545561,7.895621762700369
5,1.58,56,17.8,2,Random forest tuned,37,0.77454,0.8509145982222209,0.0185379,0.021727657199999997,41.781431553735864,39.240625274366295
25,7.77,49,37.3,2,Random forest tuned,42,1.42885,1.727219320000005,0.270326,0.2377260716666668,5.285655097918808,7.37391674440327
-1,5.91,43,21.5,2,Random forest tuned,45,0.53433,0.513957149666665,0.0166119,0.017083661333333278,32.1654958192621,29.49712870364269
2,7.77,75,25.8,2,Random forest tuned,46,1.03513,1.0628544766666697,0.038257,0.04011452166666663,27.05727056486395,27.351805407104045
4,1.6,34,20.2,2,Random forest tuned,57,0.632275,0.6768968736666646,0.0166073,0.017368790266666642,38.0721128660288,38.76149425341691
22,8.49,49,16.5,2,Random forest tuned,60,1.99425,1.9113882666666644,0.20296,0.20477131333333312,9.825827749310209,9.928642424871748
5,8.72,54,17.0,2,Random forest tuned,66,1.54692,1.5272246411111146,0.0450442,0.044126277371825534,34.34226826095258,34.89864044554524
19,5.8,49,11.6,2,Random forest tuned,67,1.55542,1.810247526666665,0.189838,0.1702508016666667,8.193407010187633,11.629257990158258
5,2.07,48,14.9,2,Random forest tuned,74,0.836503,0.9101119155555546,0.018807,0.02131376852222219,44.478279364066566,42.94519423821649
3,4.25,54,4.7,2,Random forest tuned,83,0.904181,0.917366805929054,0.0166593,0.01753406254736646,54.2748494834717,52.69378408549667
-15,2.07,46,19.0,2,Random forest tuned,84,-1.12612,-0.85131604466667,0.056998,0.04928771466666669,-19.757184462612724,-18.958340494774056
3,5.96,54,14.3,2,Random forest tuned,86,1.11255,1.1217051335079367,0.0253016,0.026708369695634896,43.9715274923325,42.70744400690759
7,2.28,53,12.5,2,Random forest tuned,94,1.10431,1.1080215150000012,0.0250915,0.025571098836111087,44.011318574019086,43.4608640044774
13,8.61,53,17.0,2,Random forest tuned,108,2.07933,2.091985166666669,0.0892104,0.0845626640000001,23.30815689650534,24.87852583612137
11,7.19,59,17.4,2,Random forest tuned,109,1.94444,1.8971724847222224,0.0696392,0.06754418611111111,27.921630346126893,28.113900807448687
-5,8.72,53,19.2,2,Random forest tuned,110,0.452712,0.2064855583333328,0.0180435,0.03354428900000004,25.090032421647685,13.31927153878941
-1,6.08,49,16.9,2,Random forest tuned,114,0.631739,0.611398637896825,0.0160983,0.017598798526190465,39.24259083257239,33.016165229017844
5,5.8,61,17.0,2,Random forest tuned,116,1.32957,1.2295658091666666,0.0339311,0.032992127013888865,39.18440604637044,38.29999093040897
13,7.1,54,19.7,2,Random forest tuned,118,1.89884,1.9243640233333323,0.0803914,0.07993731866666674,23.619939446259178,24.31409346577615
4,3.15,31,18.4,2,Random forest tuned,124,0.807066,0.7649870866666646,0.0191064,0.01874728333333332,42.24061047607084,40.442958214473144
19,1.68,54,28.0,2,Random forest tuned,126,1.44333,1.4204040233333317,0.10566,0.15388370666666668,13.660136286201022,9.82428656355993
13,8.2,49,12.9,2,Random forest tuned,131,2.1705,2.121678707500002,0.0824069,0.0826624748333332,26.33881386146063,25.69186287386059
3,2.2,58,19.0,2,Random forest tuned,132,0.628419,0.7715375891666656,0.0158514,0.020264684633333307,39.644384723115934,37.44176721199613
13,6.96,53,16.9,2,Random forest tuned,140,1.98197,2.0046962741666663,0.0778814,0.07994311816666691,25.448566666752267,25.168103268303522
5,5.8,49,7.6,2,Random forest tuned,141,1.30011,1.1967465738888876,0.0284334,0.030750715277777813,45.724746249129545,42.903701189185156
13,1.57,60,1.0,2,Random forest tuned,144,1.00664,1.333089053333333,0.221572,0.2012189083000001,4.543173325149387,8.516834938515172
5,2.58,30,17.6,2,Random forest tuned,145,0.852244,0.8477821499999982,0.0198648,0.020792344666666653,42.902219000443,40.76616870334654
2,5.95,50,5.9,2,Random forest tuned,152,0.982012,1.0147177271212964,0.0186747,0.020100752543115306,52.58515531708676,50.94107804774251
18,5.81,46,8.8,2,Random forest tuned,157,1.39108,1.770058229999998,0.205359,0.1794712069999999,6.773893523049878,10.764186931754866
-3,5.75,45,6.6,2,Random forest tuned,165,0.353279,0.2189103919666663,0.01039,0.035901916233333386,34.00182868142445,16.80083079182985
16,6.68,53,15.1,2,Random forest tuned,168,2.10097,2.009150443333336,0.101376,0.11976118211111131,20.724530460858585,17.387105119271034
5,5.8,49,16.9,2,Random forest tuned,176,1.25887,1.179868857101307,0.031029,0.03139613907058822,40.57075638918431,38.58694312370903
7,6.92,60,16.3,2,Random forest tuned,181,1.61302,1.622130942500001,0.046546,0.04793500513611123,34.654320457182145,34.63524068187101
17,1.37,38,32.7,2,Random forest tuned,182,1.04319,1.3929063833333317,0.0928584,0.14412879466666687,11.234201752345507,10.449940631418396
16,8.87,36,30.1,2,Random forest tuned,192,1.55485,1.7951638466666657,0.138332,0.13429632133333352,11.239987855304628,14.017567777221059
-3,5.83,19,2.9,2,Random forest tuned,193,0.0947084,0.18732171279999973,0.0441903,0.0417549299333333,2.143194320925633,11.90362899154954
1,1.62,62,1.0,2,Random forest tuned,195,0.35687,0.36379465748254025,0.00783263,0.008081512012301601,45.56196322308088,45.34184043271144
19,8.74,53,18.4,2,Random forest tuned,199,2.19571,2.178687354365082,0.147497,0.147863308322751,14.886472267232556,14.789976863809859
4,8.36,54,13.7,2,Random forest tuned,204,1.5009,1.4614397980457547,0.0388447,0.03741942819281038,38.63847577661817,39.12506514505042
10,6.82,58,16.4,2,Random forest tuned,209,1.86448,1.850147238095234,0.0606944,0.06216560697023799,30.719143776032052,30.195651718173625
13,8.2,69,12.9,2,Random forest tuned,210,2.18493,2.0724470041666687,0.093055,0.08240183733333334,23.47998495513406,25.252862813994206
19,8.72,5,1.0,2,Random forest tuned,227,1.21524,1.3524004699999992,0.386538,0.37896601399999896,3.143908231532217,3.725973464429325
-1,1.38,64,1.0,2,Random forest tuned,228,0.0883007,0.08995754286666686,0.00629796,0.006817408700000008,14.02052410621852,12.97809162145107
12,8.74,49,11.4,2,Random forest tuned,229,2.16797,2.1409778714285768,0.0800127,0.07866668201190498,27.09532361737574,27.316719840589847
1,6.21,46,1.0,2,Random forest tuned,244,0.863749,0.8468586712836047,0.0144515,0.015008171410876807,59.768812925993835,57.011261436638065
15,1.38,64,1.0,2,Random forest tuned,248,0.996974,1.339954397666665,0.259163,0.20727065110000004,3.8468994416641267,7.926926101331066
1,1.38,64,1.7,2,Random forest tuned,250,0.320746,0.29633792196666725,0.00745731,0.008506247666666652,43.01095167024034,36.11754313771705
7,8.45,45,12.3,2,Random forest tuned,255,1.7757,1.7569297995370392,0.0498507,0.049207413384259345,35.62036240213277,35.80773949998793
0,8.47,46,12.3,2,Random forest tuned,265,1.02449,1.1084939233333293,0.022979,0.02577577233333338,44.58375038078245,43.48803144783948
13,7.49,49,12.7,2,Random forest tuned,284,2.12753,2.0759534741666656,0.07881,0.08162526316666663,26.995685826671743,25.48174415522811
14,8.77,47,11.4,2,Random forest tuned,290,2.22332,2.182496360277783,0.0928355,0.09403491291666662,23.949028119630963,23.44640671946938
2,4.87,69,6.3,2,Random forest tuned,297,0.997222,0.9784866243305333,0.0197228,0.023426046047432248,50.5618877644148,44.09529391166809
5,3.32,49,35.7,2,Random forest tuned,307,0.506055,0.6928881639199989,0.0295031,0.032841719333333304,17.15260430259871,23.497888204365516
3,8.41,54,14.0,2,Random forest tuned,312,1.39777,1.392056905730161,0.0352926,0.035561098823412664,39.60518635634666,39.382961758577935
2,1.32,64,1.0,2,Random forest tuned,329,0.403206,0.38734655133333445,0.0118465,0.01660923153333333,34.03587557506437,34.07776605529768
13,8.2,49,12.7,2,Random forest tuned,331,2.18206,2.121643874166669,0.0835067,0.08269891383333319,26.130358402379688,25.679926350626147
1,3.57,46,28.5,2,Random forest tuned,335,0.407084,0.6395402155866649,0.0181026,0.026329158333333283,22.487598466518623,25.48019629901573
9,3.32,61,2.5,2,Random forest tuned,352,1.08782,1.3064164609523814,0.122483,0.0877099435666667,8.881395785537585,22.921298717025973
19,1.29,53,17.2,2,Random forest tuned,356,1.31444,1.3475656389999975,0.140261,0.14131215876666647,9.371386201438748,9.776173633041244
-4,3.47,52,1.0,2,Random forest tuned,360,-0.0969782,0.04544502259999999,0.0389484,0.034506641033333375,-2.4899148617144733,7.617919566265937
0,2.97,45,1.0,2,Random forest tuned,362,0.360038,0.43118742680901456,0.00738022,0.008935723245142435,48.78418258534299,46.84936565771243
22,5.66,59,33.4,2,Random forest tuned,368,1.53001,1.655657563333331,0.185881,0.20553254800000006,8.23112636579317,8.439195417517096
-12,9.5,56,11.7,2,Random forest tuned,371,0.0466695,-0.09129529766666666,0.102868,0.055278086666666774,0.45368336120076214,0.730669418902604
-15,9.5,51,8.5,2,Random forest tuned,382,0.00310215,-0.024289544333333288,0.149869,0.06504185300000011,0.020699077194082833,5.68264359696111
1,0.0,33,1.0,2,Random forest tuned,386,0.113081,0.1211723822533336,0.00639801,0.010410041833333309,17.67440188433591,9.29226332384555
6,2.55,45,14.3,2,Random forest tuned,395,1.00719,0.9885694211111119,0.0226913,0.02288564616666666,44.386615134434784,43.6012228541696
4,8.7,48,10.7,2,Random forest tuned,396,1.5148,1.484895566944445,0.0370895,0.03636792172222222,40.84174766443333,40.98933585889351
4,2.04,44,1.1,2,Random forest tuned,400,0.669732,0.5854278949999994,0.0269713,0.016263183408333323,24.831283623703715,42.6683596510947
12,8.59,41,10.8,2,Random forest tuned,401,2.17158,2.091301000000002,0.0764029,0.0759425593333334,28.422743115771787,28.095880026981565
22,8.72,53,1.0,2,Random forest tuned,402,1.38227,1.351722539999998,0.497824,0.40090498999999835,2.7766238670694867,3.458044586531649
14,8.72,37,11.6,2,Random forest tuned,406,2.18676,2.0421324033333326,0.0903807,0.09981877460000006,24.194988531843638,21.666544655451986
1,1.02,39,2.2,2,Random forest tuned,420,0.226367,0.20236235829999982,0.00662149,0.010638307233333335,34.18671628289101,24.452972012387693
0,5.61,51,1.0,2,Random forest tuned,422,0.706978,0.7299088672744691,0.0118012,0.012995729114796973,59.9072975629597,56.17162854390167
1,7.42,60,1.4,2,Random forest tuned,426,1.12724,1.0875127535076596,0.0212281,0.0220847593012683,53.10131382460041,51.39489065981863
0,0.0,46,1.0,2,Random forest tuned,428,0.00285041,0.0142767976200001,0.00571472,0.008000707866666667,0.4987838424279754,1.3843078688229071
7,8.6,50,11.3,2,Random forest tuned,436,1.83091,1.7745003290873036,0.0519259,0.049841769596428755,35.260053268214904,35.72127282292123
3,9.34,56,28.4,2,Random forest tuned,437,1.0742,1.027193420000001,0.044695,0.03720482286666661,24.034008278330912,28.021784341553204
12,8.34,49,10.8,2,Random forest tuned,447,2.14523,2.1258864414285723,0.0765219,0.07870407001190496,28.03419674629093,27.37051525437085
11,8.55,46,12.3,2,Random forest tuned,448,2.0656,2.073521425873011,0.0707471,0.07040151604523821,29.19695648302192,29.479440038679556
-1,1.8,41,1.0,2,Random forest tuned,451,0.0963159,0.13407159766666638,0.00751665,0.0077342476333333125,12.813673644509189,17.913353370836123
1,2.23,46,2.7,2,Random forest tuned,452,0.388098,0.44554852581746,0.00802423,0.009016170809047642,48.365762197743585,49.11820336532585
17,8.95,53,16.3,2,Random forest tuned,454,2.22317,2.15983680666667,0.124044,0.13476333811111102,17.922430750378897,16.67376342282888
9,9.43,25,6.6,2,Random forest tuned,457,1.97084,1.8760853288888866,0.057143,0.058429418999999976,34.48961377596556,33.20845229100348
4,9.46,34,6.5,2,Random forest tuned,470,1.49718,1.2351251366666676,0.0344408,0.029843198833333275,43.47111565352721,43.51744944159145
5,4.41,43,3.1,2,Random forest tuned,473,1.06533,1.106551956058198,0.0265486,0.028869127485714376,40.127539681941805,44.366356896927314
-15,5.18,33,32.9,2,Gradient boosting tuned,3,-0.635606,-0.7813093417562513,0.03902,0.07662834130376828,-16.289236289082524,-19.62898814276886
3,0.0,25,18.7,2,Gradient boosting tuned,5,0.338081,0.3284636629012568,0.0122829,0.013473834239692555,27.52452596699477,30.60683404617754
10,6.91,57,1.0,2,Gradient boosting tuned,7,1.38136,1.4445810032364381,0.145354,0.15173710484588962,9.503419238548645,9.534805709173115
25,9.5,59,1.0,2,Gradient boosting tuned,16,1.41213,1.2628719479218535,0.601579,0.48972257420989035,2.3473724980426516,0.10018324244485326
-1,4.11,41,21.6,2,Gradient boosting tuned,17,0.330184,0.4708229409419761,0.013635,0.010939146198588231,24.215914924825814,26.976033609620803
7,8.64,0,28.9,2,Gradient boosting tuned,22,1.1725,1.126775259671328,0.0500521,0.05222688616947624,23.42559053466288,23.992262320603515
-1,1.68,43,19.7,2,Gradient boosting tuned,23,0.0871575,0.08793222055316954,0.011135,0.009296790015878367,7.827346205657835,5.832412098446888
-8,3.87,11,15.4,2,Gradient boosting tuned,24,-0.481608,-0.6138520168182809,0.0218218,0.04845783241838839,-22.07004005169143,-24.76690885275594
23,7.08,49,1.6,2,Gradient boosting tuned,26,1.27134,1.181634761631787,0.491058,0.41686967400033287,2.5889813423261607,-1.2611492980904169
25,7.77,75,25.8,2,Gradient boosting tuned,29,1.92007,1.9410024642363437,0.27399,0.24612334480532627,7.007810504032993,6.6500524783392
14,8.72,54,1.0,2,Gradient boosting tuned,31,1.62725,1.5069252050973265,0.270243,0.2364103998210763,6.021432562545561,5.306162805704471
5,1.58,56,17.8,2,Gradient boosting tuned,37,0.77454,0.6689821924572565,0.0185379,0.017827246000772158,41.781431553735864,42.063591548940316
25,7.77,49,37.3,2,Gradient boosting tuned,42,1.42885,1.2180159968315047,0.270326,0.2493173535673861,5.285655097918808,1.8421112619571232
-1,5.91,43,21.5,2,Gradient boosting tuned,45,0.53433,0.5871423744793577,0.0166119,0.019461938558918482,32.1654958192621,32.95320148313566
2,7.77,75,25.8,2,Gradient boosting tuned,46,1.03513,1.3165150002859485,0.038257,0.03468607777611414,27.05727056486395,23.192720556347826
4,1.6,34,20.2,2,Gradient boosting tuned,57,0.632275,0.6337455060569934,0.0166073,0.016733911251467802,38.0721128660288,38.98702378906439
22,8.49,49,16.5,2,Gradient boosting tuned,60,1.99425,2.077450634438829,0.20296,0.22588832752226434,9.825827749310209,10.356070005185021
5,8.72,54,17.0,2,Gradient boosting tuned,66,1.54692,1.5641984642371294,0.0450442,0.04485949127160888,34.34226826095258,34.93066876443198
19,5.8,49,11.6,2,Gradient boosting tuned,67,1.55542,1.6267416880749321,0.189838,0.16226104669884636,8.193407010187633,12.593234514280766
5,2.07,48,14.9,2,Gradient boosting tuned,74,0.836503,0.8787689512385737,0.018807,0.0184296891717717,44.478279364066566,43.49824378014094
3,4.25,54,4.7,2,Gradient boosting tuned,83,0.904181,0.9226673467117855,0.0166593,0.01664662594285004,54.2748494834717,52.9314311719535
-15,2.07,46,19.0,2,Gradient boosting tuned,84,-1.12612,-1.0700743481609334,0.056998,0.0680996802314442,-19.757184462612724,-23.192463967601853
3,5.96,54,14.3,2,Gradient boosting tuned,86,1.11255,0.9785380784731897,0.0253016,0.026090919306155452,43.9715274923325,42.34110964144658
7,2.28,53,12.5,2,Gradient boosting tuned,94,1.10431,1.143655975988856,0.0250915,0.02741301741930312,44.011318574019086,41.14083961093567
13,8.61,53,17.0,2,Gradient boosting tuned,108,2.07933,2.1380456028290356,0.0892104,0.08562391489133432,23.30815689650534,24.47772724675031
11,7.19,59,17.4,2,Gradient boosting tuned,109,1.94444,1.8921624870552591,0.0696392,0.06793081993468932,27.921630346126893,28.210664889811902
-5,8.72,53,19.2,2,Gradient boosting tuned,110,0.452712,0.4893127673193739,0.0180435,0.023496786121692027,25.090032421647685,16.979570374865116
-1,6.08,49,16.9,2,Gradient boosting tuned,114,0.631739,0.6516858024068615,0.0160983,0.017744482218297945,39.24259083257239,38.42888315213845
5,5.8,61,17.0,2,Gradient boosting tuned,116,1.32957,1.2499496395053313,0.0339311,0.03302301830186234,39.18440604637044,39.96691675473026
13,7.1,54,19.7,2,Gradient boosting tuned,118,1.89884,1.9141220896003663,0.0803914,0.08104277848706992,23.619939446259178,23.23506501286615
4,3.15,31,18.4,2,Gradient boosting tuned,124,0.807066,0.7692148124695831,0.0191064,0.015887998985747095,42.24061047607084,43.798942924217286
19,1.68,54,28.0,2,Gradient boosting tuned,126,1.44333,1.289304315399413,0.10566,0.13170734912963528,13.660136286201022,8.901543252920323
13,8.2,49,12.9,2,Gradient boosting tuned,131,2.1705,2.1093135929703823,0.0824069,0.08287926716380377,26.33881386146063,25.160525579505663
3,2.2,58,19.0,2,Gradient boosting tuned,132,0.628419,0.5031890791051309,0.0158514,0.014239470089927526,39.644384723115934,39.28539303021177
13,6.96,53,16.9,2,Gradient boosting tuned,140,1.98197,1.9632744386509817,0.0778814,0.08076619463028795,25.448566666752267,24.183196086911632
5,5.8,49,7.6,2,Gradient boosting tuned,141,1.30011,1.267208557737181,0.0284334,0.03339127289299202,45.724746249129545,44.95892278602172
13,1.57,60,1.0,2,Gradient boosting tuned,144,1.00664,1.0352023932096541,0.221572,0.22752069431668803,4.543173325149387,4.026687849164292
5,2.58,30,17.6,2,Gradient boosting tuned,145,0.852244,0.8149800401492086,0.0198648,0.018634105640907454,42.902219000443,41.03516371617036
2,5.95,50,5.9,2,Gradient boosting tuned,152,0.982012,0.9356480445836948,0.0186747,0.020405562623197437,52.58515531708676,50.448255792197685
18,5.81,46,8.8,2,Gradient boosting tuned,157,1.39108,1.4995761497061042,0.205359,0.15604090321838696,6.773893523049878,9.75993506228509
-3,5.75,45,6.6,2,Gradient boosting tuned,165,0.353279,0.2769107921572312,0.01039,0.015549904305564305,34.00182868142445,23.257071626376593
16,6.68,53,15.1,2,Gradient boosting tuned,168,2.10097,2.009809657192932,0.101376,0.1194762209426717,20.724530460858585,17.440436445611446
5,5.8,49,16.9,2,Gradient boosting tuned,176,1.25887,1.2426035442812937,0.031029,0.032046088387421096,40.57075638918431,39.144706889366326
7,6.92,60,16.3,2,Gradient boosting tuned,181,1.61302,1.6812275534956411,0.046546,0.050327787770759816,34.654320457182145,35.674952808088804
17,1.37,38,32.7,2,Gradient boosting tuned,182,1.04319,1.0760983523010463,0.0928584,0.11738877109385713,11.234201752345507,9.126376170799547
16,8.87,36,30.1,2,Gradient boosting tuned,192,1.55485,1.6607544320584187,0.138332,0.13373426116767145,11.239987855304628,10.712842104517458
-3,5.83,19,2.9,2,Gradient boosting tuned,193,0.0947084,0.37307683638494266,0.0441903,0.040177709448586944,2.143194320925633,9.427384266477466
1,1.62,62,1.0,2,Gradient boosting tuned,195,0.35687,0.36634068697268724,0.00783263,0.0068315818235694025,45.56196322308088,46.32548262275065
19,8.74,53,18.4,2,Gradient boosting tuned,199,2.19571,2.153625691940821,0.147497,0.14802885561051857,14.886472267232556,14.528068564810907
4,8.36,54,13.7,2,Gradient boosting tuned,204,1.5009,1.526135552136884,0.0388447,0.0371333299892878,38.63847577661817,39.1589496421603
10,6.82,58,16.4,2,Gradient boosting tuned,209,1.86448,1.9462068925246923,0.0606944,0.06425237059583624,30.719143776032052,30.651063324080752
13,8.2,69,12.9,2,Gradient boosting tuned,210,2.18493,2.202980548964877,0.093055,0.08436304482237245,23.47998495513406,24.37226103702876
19,8.72,5,1.0,2,Gradient boosting tuned,227,1.21524,0.9983572859373483,0.386538,0.4064958662422326,3.143908231532217,-3.936198478195657
-1,1.38,64,1.0,2,Gradient boosting tuned,228,0.0883007,0.08808996044185827,0.00629796,0.006802993930117387,14.02052410621852,12.529922777001348
12,8.74,49,11.4,2,Gradient boosting tuned,229,2.16797,2.172615414114968,0.0800127,0.07479937930947739,27.09532361737574,27.809914910449244
1,6.21,46,1.0,2,Gradient boosting tuned,244,0.863749,0.8427081453662015,0.0144515,0.01647777904667039,59.768812925993835,56.98602573744212
15,1.38,64,1.0,2,Gradient boosting tuned,248,0.996974,1.0347629324110224,0.259163,0.2327101551313762,3.8468994416641267,3.1004344265773685
1,1.38,64,1.7,2,Gradient boosting tuned,250,0.320746,0.32532455048832154,0.00745731,0.008739306553688117,43.01095167024034,41.33696385835308
7,8.45,45,12.3,2,Gradient boosting tuned,255,1.7757,1.7607849402914355,0.0498507,0.05094150433980404,35.62036240213277,36.0850606566027
0,8.47,46,12.3,2,Gradient boosting tuned,265,1.02449,1.0214813187534846,0.022979,0.024767762866070363,44.58375038078245,43.530394528237004
13,7.49,49,12.7,2,Gradient boosting tuned,284,2.12753,1.9923006304827493,0.07881,0.0815080972403727,26.995685826671743,25.140089930163096
14,8.77,47,11.4,2,Gradient boosting tuned,290,2.22332,2.1059846084664495,0.0928355,0.09585215964335349,23.949028119630963,22.62406534794286
2,4.87,69,6.3,2,Gradient boosting tuned,297,0.997222,1.0910052592083461,0.0197228,0.02092982920236969,50.5618877644148,45.960416074429354
5,3.32,49,35.7,2,Gradient boosting tuned,307,0.506055,0.6358067692090466,0.0295031,0.033362087252410424,17.15260430259871,28.47927371790427
3,8.41,54,14.0,2,Gradient boosting tuned,312,1.39777,1.3049640843450514,0.0352926,0.0340544327671898,39.60518635634666,39.004004712967074
2,1.32,64,1.0,2,Gradient boosting tuned,329,0.403206,0.4312511683116067,0.0118465,0.013695027463335351,34.03587557506437,34.131438085639545
13,8.2,49,12.7,2,Gradient boosting tuned,331,2.18206,2.1093135929703823,0.0835067,0.08277239286140774,26.130358402379688,25.160525579505663
1,3.57,46,28.5,2,Gradient boosting tuned,335,0.407084,0.5036335012367663,0.0181026,0.009905703164749285,22.487598466518623,29.82611185928032
9,3.32,61,2.5,2,Gradient boosting tuned,352,1.08782,1.2578510650763535,0.122483,0.08714300637907034,8.881395785537585,31.206533850130512
19,1.29,53,17.2,2,Gradient boosting tuned,356,1.31444,1.30140932338639,0.140261,0.13081304543959338,9.371386201438748,10.711420365399862
-4,3.47,52,1.0,2,Gradient boosting tuned,360,-0.0969782,-0.17587490621771718,0.0389484,0.018446050635656713,-2.4899148617144733,2.764467520744996
0,2.97,45,1.0,2,Gradient boosting tuned,362,0.360038,0.2678060232959598,0.00738022,0.005699380460710254,48.78418258534299,47.696111358743984
22,5.66,59,33.4,2,Gradient boosting tuned,368,1.53001,1.2523701632995519,0.185881,0.17367459276084962,8.23112636579317,3.3987672986141986
-12,9.5,56,11.7,2,Gradient boosting tuned,371,0.0466695,-0.06660665721587643,0.102868,0.09013212054546083,0.45368336120076214,-2.0939292000832923
-15,9.5,51,8.5,2,Gradient boosting tuned,382,0.00310215,-0.05479892496691728,0.149869,0.12597851127774692,0.020699077194082833,6.568586172925642
1,0.0,33,1.0,2,Gradient boosting tuned,386,0.113081,0.20362580684369408,0.00639801,0.007012638165450863,17.67440188433591,14.224744680206246
6,2.55,45,14.3,2,Gradient boosting tuned,395,1.00719,1.0478113649108436,0.0226913,0.020791842114713174,44.386615134434784,41.20109546031153
4,8.7,48,10.7,2,Gradient boosting tuned,396,1.5148,1.54029790666228,0.0370895,0.03587644220818216,40.84174766443333,41.354687809291676
4,2.04,44,1.1,2,Gradient boosting tuned,400,0.669732,0.779175952491383,0.0269713,0.01658834776316085,24.831283623703715,41.488955798064815
12,8.59,41,10.8,2,Gradient boosting tuned,401,2.17158,2.0925378213694135,0.0764029,0.07730264597600464,28.422743115771787,28.633785127122653
22,8.72,53,1.0,2,Gradient boosting tuned,402,1.38227,1.3201385853791554,0.497824,0.43684945237984374,2.7766238670694867,2.303922220799276
14,8.72,37,11.6,2,Gradient boosting tuned,406,2.18676,2.0553775556543203,0.0903807,0.09621980605566434,24.194988531843638,22.31608335832418
1,1.02,39,2.2,2,Gradient boosting tuned,420,0.226367,0.2555295319368083,0.00662149,0.007601596601766416,34.18671628289101,30.323009951550425
0,5.61,51,1.0,2,Gradient boosting tuned,422,0.706978,0.6453245883917181,0.0118012,0.015694393920012387,59.9072975629597,53.16972292623842
1,7.42,60,1.4,2,Gradient boosting tuned,426,1.12724,1.0808250716194951,0.0212281,0.023542732628540036,53.10131382460041,52.542702429921604
0,0.0,46,1.0,2,Gradient boosting tuned,428,0.00285041,0.009178752471441462,0.00571472,0.006849706093740134,0.4987838424279754,0.7584094475755198
7,8.6,50,11.3,2,Gradient boosting tuned,436,1.83091,1.803582282200552,0.0519259,0.05103942155776628,35.260053268214904,36.65688234013032
3,9.34,56,28.4,2,Gradient boosting tuned,437,1.0742,1.0722958976461787,0.044695,0.04053318869968913,24.034008278330912,28.027640179820423
12,8.34,49,10.8,2,Gradient boosting tuned,447,2.14523,2.1158603386081323,0.0765219,0.07741494856488415,28.03419674629093,28.13102009116557
11,8.55,46,12.3,2,Gradient boosting tuned,448,2.0656,2.078877196247699,0.0707471,0.06663157838688358,29.19695648302192,29.903134677495903
-1,1.8,41,1.0,2,Gradient boosting tuned,451,0.0963159,0.10848734649552856,0.00751665,0.006716130393311824,12.813673644509189,11.286678595601943
1,2.23,46,2.7,2,Gradient boosting tuned,452,0.388098,0.35485743801059655,0.00802423,0.007873677565193669,48.365762197743585,49.23167405104162
17,8.95,53,16.3,2,Gradient boosting tuned,454,2.22317,2.1856894494070933,0.124044,0.13024933362675223,17.922430750378897,16.872180104070512
9,9.43,25,6.6,2,Gradient boosting tuned,457,1.97084,1.9699584812008542,0.057143,0.05278479479259458,34.48961377596556,34.945823281091144
4,9.46,34,6.5,2,Gradient boosting tuned,470,1.49718,1.530370624606346,0.0344408,0.032504075047558416,43.47111565352721,45.04958199192543
5,4.41,43,3.1,2,Gradient boosting tuned,473,1.06533,1.0651403747747088,0.0265486,0.022585404859884195,40.127539681941805,47.636233170199944
-11,6.05,16,8.1,3,Polynomial ridge tuned,2,-0.31553,-0.550522363645376,0.135045,0.04973615578912269,-2.336480432448443,-21.687729336153378
18,0.86,82,15.2,3,Polynomial ridge tuned,6,1.21799,1.2659954040730064,0.148159,0.14944827548430367,8.220830324178753,6.01677124098164
7,8.64,0,29.4,3,Polynomial ridge tuned,10,1.19124,1.0657266204210771,0.0494381,0.07559888939208595,24.095586197689638,21.655660582528455
12,4.06,36,24.3,3,Polynomial ridge tuned,36,1.44887,1.415210460655828,0.0564505,0.057842597463405476,25.666203133718923,24.036690522631066
-1,6.08,49,1.0,3,Polynomial ridge tuned,38,0.632449,0.6137407381609367,0.0139275,0.013076101486447278,45.41008795548375,44.531125149993365
13,7.1,54,16.9,3,Polynomial ridge tuned,59,2.01453,1.9791350133513155,0.0790566,0.07594067700264473,25.48212293470754,25.884972964788805
5,1.58,37,18.5,3,Polynomial ridge tuned,69,0.736913,0.6984780922675485,0.0179447,0.016041892890629295,41.06577429547443,30.086951302687503
-1,1.68,54,17.0,3,Polynomial ridge tuned,81,0.106537,0.16999368693761452,0.0104838,0.009251956387961419,10.162059558557013,30.77567874381731
7,2.28,54,17.0,3,Polynomial ridge tuned,89,1.09185,1.02530307684734,0.0264336,0.02043518909318856,41.305384056655164,36.265752465487154
19,8.72,53,17.2,3,Polynomial ridge tuned,92,2.22954,2.186485145021458,0.145194,0.15666618959757006,15.355593206330841,13.868241976191367
5,5.99,51,1.0,3,Polynomial ridge tuned,96,1.26039,1.1423470053551281,0.0485936,0.061951698705956564,25.93736623752922,42.865680347012955
12,6.87,59,17.3,3,Polynomial ridge tuned,97,1.94743,1.9295934998275222,0.072967,0.06623184822433549,26.689188263187468,27.70427222966317
19,8.72,53,15.8,3,Polynomial ridge tuned,103,2.14333,2.178116983643627,0.151896,0.1652574572369091,14.110509822510139,13.606700073439441
10,8.4,48,18.4,3,Polynomial ridge tuned,111,1.8644,1.9148412512988195,0.0674953,0.051261575657946076,27.622664096611175,28.854045049037932
-7,5.35,49,2.8,3,Polynomial ridge tuned,112,-0.290722,-0.08223240301990908,0.088697,0.006323262447953865,-3.2776982310562928,31.465524862968195
2,6.76,30,30.6,3,Polynomial ridge tuned,119,0.689777,0.67553830730252,0.0266676,0.04982425886413282,25.86573219937302,22.37224172258376
11,6.46,58,15.2,3,Polynomial ridge tuned,122,1.89031,1.8393649614475605,0.0633584,0.06004508991908878,29.83519154524104,31.326622843953487
11,6.9,58,17.0,3,Polynomial ridge tuned,123,1.92031,1.8755087183929156,0.0666119,0.057590905035399195,28.828332475128317,29.612356918199087
14,3.09,23,11.6,3,Polynomial ridge tuned,125,1.70104,1.408430810284815,0.0671136,0.10844854590487132,25.34568254422353,23.429042594454508
5,1.68,54,19.7,3,Polynomial ridge tuned,129,0.784465,0.7440098564480507,0.019412,0.015644350809406453,40.41134349886668,33.32276524740185
-2,4.55,0,38.9,3,Polynomial ridge tuned,139,-0.0474308,-0.06216763439205275,0.0217894,-0.03191287970508415,-2.176783206513259,1.8290825900350463
5,7.98,43,19.5,3,Polynomial ridge tuned,143,1.39832,1.4521725649906898,0.0397875,0.033045833340829445,35.144706251963555,33.63654967085042
1,1.67,61,1.0,3,Polynomial ridge tuned,146,0.361967,0.3496559422514791,0.00784669,0.01710115709437724,46.129896809992495,28.770184399590406
5,5.87,65,40.0,3,Polynomial ridge tuned,147,0.653923,0.49515464463435166,0.0412321,0.06093768894312222,15.859560876113514,6.850396866308422
5,7.98,44,19.7,3,Polynomial ridge tuned,150,1.40045,1.4513158729528828,0.0403556,0.03302498304871401,34.70274261812487,33.58498936575239
5,8.72,49,17.0,3,Polynomial ridge tuned,158,1.54304,1.6099786125648041,0.0444714,0.029936377594721147,34.69735605355352,35.6346113476594
19,8.72,53,1.0,3,Polynomial ridge tuned,163,1.37573,1.55220506770557,0.405075,0.37409066807562885,3.3962352650743686,1.224736569593457
9,1.67,56,17.4,3,Polynomial ridge tuned,167,1.21899,1.0893991615835867,0.0317839,0.030965041716689082,38.352436296363884,32.006428925643775
13,7.1,54,7.6,3,Polynomial ridge tuned,177,1.71674,1.875105812018354,0.107421,0.12738062276887396,15.981418903193974,26.88327932287913
1,1.63,63,1.0,3,Polynomial ridge tuned,179,0.365259,0.35026023266924255,0.00794303,0.01914035517459909,45.98484457442563,27.569728669163496
18,8.19,51,13.0,3,Polynomial ridge tuned,183,2.05001,2.106138449397157,0.142094,0.167016247187972,14.427139780708545,14.905626193712067
23,7.1,54,16.9,3,Polynomial ridge tuned,184,1.77813,1.9142077858551874,0.232768,0.23421924667763983,7.639065507286225,7.151904749410981
3,8.0,49,6.5,3,Polynomial ridge tuned,194,1.33366,1.3404072383292753,0.0287811,0.02660132243664974,46.338048233041825,43.01712582232396
1,7.38,55,1.8,3,Polynomial ridge tuned,196,1.06742,1.0151480547184644,0.0195294,0.029264804113901456,54.65708111872357,44.61842261183008
12,5.69,54,1.0,3,Polynomial ridge tuned,198,1.33814,1.482026523425138,0.222802,0.1782294695010983,6.005960449188069,28.204578082937076
-1,1.68,50,1.0,3,Polynomial ridge tuned,202,0.103316,0.1192458694666676,0.00669152,-0.0013594642554484587,15.439840275453111,27.808974358563155
-6,5.69,56,1.2,3,Polynomial ridge tuned,219,-0.176641,0.09557896547873845,0.0742364,0.00877194492303962,-2.3794391969438173,36.12009669467755
9,1.68,56,17.4,3,Polynomial ridge tuned,223,1.22834,1.0910273886559065,0.0318721,0.030964655801351285,38.53966321641812,32.04782325965659
11,7.19,56,17.4,3,Polynomial ridge tuned,225,1.8924,1.8930061326790582,0.0677456,0.05725575153442485,27.933917479511585,28.995617244830772
-1,6.01,54,1.0,3,Polynomial ridge tuned,231,0.647259,0.6351047739491209,0.0128966,0.015447436767945182,50.18834421475428,44.89186288199634
-7,5.43,84,2.1,3,Polynomial ridge tuned,238,-0.109599,0.17331630266319464,0.0746541,0.06474043085852355,-1.4680908349307005,16.842409509185842
-1,8.72,49,1.0,3,Polynomial ridge tuned,239,0.936499,0.9777820319228951,0.021891,0.021995764890367385,42.780092275364304,43.24313147656902
1,3.57,46,1.0,3,Polynomial ridge tuned,245,0.542874,0.5170646907299076,0.0092116,0.013974434681358797,58.93373572452125,41.22866604989811
1,4.07,46,2.6,3,Polynomial ridge tuned,246,0.609832,0.598740748694784,0.0107334,0.011445106013457398,56.816293066502695,43.290667788275705
0,0.16,64,1.0,3,Polynomial ridge tuned,247,0.0240871,0.03367298346909142,0.00572623,0.01396086014853297,4.206449967954484,8.131671042969487
10,8.91,53,17.1,3,Polynomial ridge tuned,262,1.92439,2.007010396561239,0.0715763,0.05242761571171477,26.88585467536042,29.189892606347613
5,8.72,49,11.6,3,Polynomial ridge tuned,271,1.62307,1.6503668181827609,0.042448,0.02920788575353668,38.23666603844704,38.89071189494998
-1,6.02,37,7.0,3,Polynomial ridge tuned,272,0.572343,0.6323854879253804,0.011996,0.00915995416263167,47.71115371790597,39.694592824764015
7,0.16,64,1.0,3,Polynomial ridge tuned,274,0.767614,0.5857206542337323,0.0924369,0.07451975847064746,8.304194537030126,11.321624888486957
0,8.45,45,12.3,3,Polynomial ridge tuned,275,1.02401,1.1418572730598981,0.0228073,0.02123139851236823,44.89834395127876,40.286166142373624
3,8.38,53,13.5,3,Polynomial ridge tuned,278,1.38984,1.4333721616738657,0.0342858,0.022261555850618883,40.536898657753355,39.64632876503275
14,8.72,49,14.2,3,Polynomial ridge tuned,280,2.17834,2.145653196439522,0.093559,0.09710798097855976,23.283062025032333,23.32879925133768
4,2.95,58,14.3,3,Polynomial ridge tuned,286,0.862012,0.8738842191001834,0.0188201,0.010420674739582664,45.80273218527,41.007625522075806
-1,5.34,37,1.1,3,Polynomial ridge tuned,287,0.468117,0.45548824222279083,0.0163943,0.009185401526817141,28.553643644437397,39.51124075667278
11,8.43,45,12.4,3,Polynomial ridge tuned,289,2.035,1.9823463887029105,0.0694566,0.07005923203588332,29.298871525528178,29.57404167151647
4,4.98,25,10.7,3,Polynomial ridge tuned,291,1.00229,0.9602014830066741,0.0206466,0.025875398479170295,48.545038892602165,33.11374276105575
11,8.45,44,12.4,3,Polynomial ridge tuned,294,2.06862,1.9794484968666626,0.069641,0.07007698940156948,29.704053646558783,29.503857940386506
10,8.38,41,11.1,3,Polynomial ridge tuned,296,2.00976,1.8969290552510032,0.0629168,0.06541339434889182,31.943137603946802,31.366026636566993
12,8.32,47,9.8,3,Polynomial ridge tuned,299,2.15028,1.9854606210681485,0.0773936,0.09471793638290282,27.783692708441006,27.94261193209059
5,9.13,55,15.2,3,Polynomial ridge tuned,316,1.61212,1.699596806308527,0.0472547,0.028923727414789824,34.115548294666986,36.18136422052285
8,0.0,45,28.3,3,Polynomial ridge tuned,317,0.727358,0.6177604892415371,0.0251962,0.043244123376364615,28.867765774204045,16.23906901643958
19,6.3,53,17.2,3,Polynomial ridge tuned,318,1.96614,1.9975412838765343,0.13821,0.1528769175371482,14.225743433904928,15.08379299713993
4,8.46,49,12.3,3,Polynomial ridge tuned,324,1.49808,1.529764462410912,0.0372626,0.02474351192741618,40.203313778426626,39.65253365931115
9,8.72,53,17.2,3,Polynomial ridge tuned,333,1.84746,1.9219037563762373,0.065125,0.04575581237286516,28.367907869481765,30.666724075871677
10,7.27,90,11.3,3,Polynomial ridge tuned,338,1.98539,1.903228226048696,0.0843419,0.10678566459184859,23.53978271772393,18.906547529442555
1,1.68,45,1.0,3,Polynomial ridge tuned,341,0.318486,0.30616003933421676,0.00707071,0.00871748394094872,45.043001339328015,30.363450891100165
1,2.18,46,11.6,3,Polynomial ridge tuned,342,0.387712,0.4367615237401955,0.0106701,0.0010555386923506854,36.336304252068864,36.53071586499956
0,0.07,64,1.0,3,Polynomial ridge tuned,347,0.0206861,0.018392679522701183,0.00574796,0.01402209427319863,3.5988594214295158,6.77168790587768
2,5.69,51,5.6,3,Polynomial ridge tuned,351,0.956874,0.9531809922042997,0.0180586,0.016832897838757035,52.98716401049915,46.07365354865766
0,0.0,37,1.0,3,Polynomial ridge tuned,353,0.00285041,-0.001172168802291429,0.00571472,0.0022741387011836894,0.4987838424279754,8.135008008367627
0,0.16,64,19.4,3,Polynomial ridge tuned,354,0.0171194,0.03795980503528473,0.0108651,0.020744494991069812,1.5756320696542139,17.884507685214498
0,6.76,52,1.0,3,Polynomial ridge tuned,355,0.863589,0.8105121868628526,0.0147527,0.022075649395510134,58.537691405641006,45.13097783658998
5,0.61,13,27.0,3,Polynomial ridge tuned,361,0.544561,0.43674377570461287,0.0187531,0.02341858835974439,29.038452309218204,9.161420265333966
6,8.71,45,12.1,3,Polynomial ridge tuned,364,1.67407,1.7141315375608324,0.0456178,0.033723812019043606,36.69773640991016,37.390991703574024
1,5.66,46,32.5,3,Polynomial ridge tuned,367,0.483748,0.4741574504218603,0.0241595,0.03771988235704898,20.023096504480637,22.716519440321697
0,2.6,37,1.0,3,Polynomial ridge tuned,369,0.297198,0.2768638843228163,0.00703467,0.004972788862021335,42.247610762125305,32.32829896208464
0,8.72,59,17.2,3,Polynomial ridge tuned,370,1.08581,1.1332341038320015,0.0286967,0.028798909720139536,37.83745169305181,35.85581492235825
7,3.57,45,12.3,3,Polynomial ridge tuned,378,1.24481,1.1743469993525304,0.0288748,0.0263202606526343,43.110601631872775,39.8689708741641
1,8.72,46,1.0,3,Polynomial ridge tuned,379,1.16119,1.1372438864672516,0.0217549,0.031418612119574356,53.37602103434168,43.063825226319494
14,8.72,53,11.6,3,Polynomial ridge tuned,381,2.20276,2.1369612650400196,0.0964722,0.11312269456869925,22.833106324930913,23.152022610425433
1,5.66,68,1.0,3,Polynomial ridge tuned,383,0.976284,0.8607272063058709,0.0191364,0.040149963589741426,51.01711920737443,41.521947529548825
2,7.24,49,3.3,3,Polynomial ridge tuned,392,1.12264,1.09174027266892,0.0214532,0.0273847071647512,52.32972237241997,44.67422302507175
1,3.57,46,17.2,3,Polynomial ridge tuned,403,0.552258,0.5930911148037048,0.0142752,0.008935561343192386,38.686533288500335,38.427949006103006
3,8.0,53,6.5,3,Polynomial ridge tuned,405,1.36958,1.356139360302166,0.0301766,0.02745907491804181,45.38549737213602,43.056075120156905
3,3.8,38,2.2,3,Polynomial ridge tuned,410,0.764129,0.7157184738895267,0.0134837,0.027174264070661064,56.6705726173083,40.505716320983154
10,8.59,60,9.4,3,Polynomial ridge tuned,412,2.10371,1.976049965737293,0.0712649,0.0783791555038073,29.519581168289015,30.584812931910044
5,3.57,47,10.8,3,Polynomial ridge tuned,416,1.03852,1.006995915703302,0.0220583,0.016522728426148152,47.080690715059646,42.294765449702446
0,0.0,59,1.6,3,Polynomial ridge tuned,418,-0.00100541,0.004542779462821223,0.00592577,0.007771095765399555,-0.1696674018735118,9.02418601316096
4,3.24,54,12.7,3,Polynomial ridge tuned,425,0.900461,0.9020438209841689,0.0192792,0.010204824574588212,46.7063467363791,42.34842993731807
9,8.59,41,10.8,3,Polynomial ridge tuned,427,1.95082,1.8685950828207059,0.0588007,0.05745396572648716,33.17681592225943,33.10365177393636
13,8.32,41,11.3,3,Polynomial ridge tuned,445,2.17876,2.00461882534738,0.0808691,0.09812898533663943,26.941810901815405,25.40708185423026
3,0.72,40,12.7,3,Polynomial ridge tuned,446,0.435125,0.42138889885032915,0.0115819,0.007201678900125366,37.569397076472775,26.856981164820468
13,8.21,49,12.7,3,Polynomial ridge tuned,449,2.12671,2.0558454737768193,0.0820433,0.09159250128186303,25.92179983008972,25.767698648448494
17,8.59,51,16.3,3,Polynomial ridge tuned,450,2.23508,2.1839076851491113,0.120836,0.1287967504796611,18.496805587738752,17.32611104643142
8,9.38,24,6.2,3,Polynomial ridge tuned,469,1.87144,1.7398884120261202,0.0513038,0.07551039557531114,36.47760984566445,30.75135027048227
-1,6.58,42,16.3,3,Polynomial ridge tuned,478,0.659134,0.7304679330838637,0.0165447,0.021919971892006354,39.83958609101404,36.98905915012383
-11,6.05,16,8.1,3,Random forest tuned,2,-0.31553,-0.16593920616666688,0.135045,0.057802670333333465,-2.336480432448443,-5.023391393111231
18,0.86,82,15.2,3,Random forest tuned,6,1.21799,1.321140981666664,0.148159,0.1376581241333333,8.220830324178753,10.258776023657203
7,8.64,0,29.4,3,Random forest tuned,10,1.19124,1.1551325680000062,0.0494381,0.051697501666666756,24.095586197689638,22.635874830438922
12,4.06,36,24.3,3,Random forest tuned,36,1.44887,1.544137460000003,0.0564505,0.06326273033333327,25.666203133718923,25.47281404696292
-1,6.08,49,1.0,3,Random forest tuned,38,0.632449,0.6572861483333321,0.0139275,0.01575538589444444,45.41008795548375,42.95893444703699
13,7.1,54,16.9,3,Random forest tuned,59,2.01453,1.9967319000000001,0.0790566,0.07959244400000016,25.48212293470754,25.119671942574602
5,1.58,37,18.5,3,Random forest tuned,69,0.736913,0.7020830813333332,0.0179447,0.018174158950000015,41.06577429547443,39.5933033582725
-1,1.68,54,17.0,3,Random forest tuned,81,0.106537,0.12144672566666624,0.0104838,0.010385199633333344,10.162059558557013,11.486122659269476
7,2.28,54,17.0,3,Random forest tuned,89,1.09185,1.0843102623333336,0.0264336,0.027546245100000023,41.305384056655164,40.58120886034715
19,8.72,53,17.2,3,Random forest tuned,92,2.22954,2.1855040478282906,0.145194,0.1474344551233764,15.355593206330841,14.838374652804605
5,5.99,51,1.0,3,Random forest tuned,96,1.26039,1.2342511877272713,0.0485936,0.039862563068181825,25.93736623752922,34.82770080372866
12,6.87,59,17.3,3,Random forest tuned,97,1.94743,1.9400788166666696,0.072967,0.07200427483333323,26.689188263187468,27.063974124873244
19,8.72,53,15.8,3,Random forest tuned,103,2.14333,2.1604325689394,0.151896,0.1471342726868683,14.110509822510139,14.760603068362734
10,8.4,48,18.4,3,Random forest tuned,111,1.8644,1.8440322333333359,0.0674953,0.06238552899999996,27.622664096611175,29.732040420285248
-7,5.35,49,2.8,3,Random forest tuned,112,-0.290722,-0.3208740006333332,0.088697,0.0398918951000001,-3.2776982310562928,-15.190186914776564
2,6.76,30,30.6,3,Random forest tuned,119,0.689777,0.9188391796666675,0.0266676,0.03870113333333339,25.86573219937302,25.24401270042761
11,6.46,58,15.2,3,Random forest tuned,122,1.89031,1.909148305555555,0.0633584,0.06816815707142848,29.83519154524104,28.492180089291256
11,6.9,58,17.0,3,Random forest tuned,123,1.92031,1.9089363833333342,0.0666119,0.06843787773809516,28.828332475128317,28.03549206331419
14,3.09,23,11.6,3,Random forest tuned,125,1.70104,1.2633352533333293,0.0671136,0.11444000066666651,25.34568254422353,12.220974229068648
5,1.68,54,19.7,3,Random forest tuned,129,0.784465,0.6847683587222214,0.019412,0.01921613503888887,40.41134349886668,35.5521374362528
-2,4.55,0,38.9,3,Random forest tuned,139,-0.0474308,0.06897136017333322,0.0217894,0.02876176606666667,-2.176783206513259,1.0669812863460089
5,7.98,43,19.5,3,Random forest tuned,143,1.39832,1.3519799466111089,0.0397875,0.040386330159722324,35.144706251963555,33.49195489035849
1,1.67,61,1.0,3,Random forest tuned,146,0.361967,0.3992831997777787,0.00784669,0.00907581638055556,46.129896809992495,43.98370124656094
5,5.87,65,40.0,3,Random forest tuned,147,0.653923,0.8331222362666668,0.0412321,0.04107493316666659,15.859560876113514,20.952225681158904
5,7.98,44,19.7,3,Random forest tuned,150,1.40045,1.3634476469444423,0.0403556,0.040685395159722325,34.70274261812487,33.70656940507024
5,8.72,49,17.0,3,Random forest tuned,158,1.54304,1.5111503254440493,0.0444714,0.042382400526290095,34.69735605355352,35.90526531955842
19,8.72,53,1.0,3,Random forest tuned,163,1.37573,1.3482952133333383,0.405075,0.39720109999999814,3.3962352650743686,3.440246203196792
9,1.67,56,17.4,3,Random forest tuned,167,1.21899,1.2394725026666666,0.0317839,0.040373089333333244,38.352436296363884,36.71991206885103
13,7.1,54,7.6,3,Random forest tuned,177,1.71674,1.791911603333329,0.107421,0.11024986000000013,15.981418903193974,19.655393937256328
1,1.63,63,1.0,3,Random forest tuned,179,0.365259,0.3628246700000002,0.00794303,0.009336454469444417,45.98484457442563,44.35842946636307
18,8.19,51,13.0,3,Random forest tuned,183,2.05001,2.004128133333332,0.142094,0.14773311233333353,14.427139780708545,13.737914577424174
23,7.1,54,16.9,3,Random forest tuned,184,1.77813,1.8402649333333319,0.232768,0.2103766866666663,7.639065507286225,9.211562030072779
3,8.0,49,6.5,3,Random forest tuned,194,1.33366,1.2271847718725717,0.0287811,0.027177603414221707,46.338048233041825,46.49287578838293
1,7.38,55,1.8,3,Random forest tuned,196,1.06742,1.0714849248229066,0.0195294,0.020842172175797605,54.65708111872357,52.09622644139694
12,5.69,54,1.0,3,Random forest tuned,198,1.33814,1.3897705799999975,0.222802,0.17672609333333342,6.005960449188069,10.02965665525697
-1,1.68,50,1.0,3,Random forest tuned,202,0.103316,0.11480761833333362,0.00669152,0.007244736033333322,15.439840275453111,16.29670850473275
-6,5.69,56,1.2,3,Random forest tuned,219,-0.176641,-0.0890828445,0.0742364,0.0568332807666667,-2.3794391969438173,0.4561894134888931
9,1.68,56,17.4,3,Random forest tuned,223,1.22834,1.2294122093333335,0.0318721,0.03983245179999991,38.53966321641812,36.952430958784284
11,7.19,56,17.4,3,Random forest tuned,225,1.8924,1.9294767999999964,0.0677456,0.06931635507142864,27.933917479511585,27.88124529311911
-1,6.01,54,1.0,3,Random forest tuned,231,0.647259,0.6460591546666641,0.0128966,0.013702492750000005,50.18834421475428,48.0727292619477
-7,5.43,84,2.1,3,Random forest tuned,238,-0.109599,-0.25636085710000023,0.0746541,0.06873335189999996,-1.4680908349307005,-6.3168141587116065
-1,8.72,49,1.0,3,Random forest tuned,239,0.936499,0.867726449074075,0.021891,0.02034915992592589,42.780092275364304,43.98710394714759
1,3.57,46,1.0,3,Random forest tuned,245,0.542874,0.5665847583238333,0.0092116,0.010351459007773582,58.93373572452125,54.37913572842942
1,4.07,46,2.6,3,Random forest tuned,246,0.609832,0.6274222646233767,0.0107334,0.012355897600683645,56.816293066502695,50.76411151280515
0,0.16,64,1.0,3,Random forest tuned,247,0.0240871,0.009873587319999943,0.00572623,0.007087115733333347,4.206449967954484,0.7129907849459654
10,8.91,53,17.1,3,Random forest tuned,262,1.92439,1.8440581666666684,0.0715763,0.06184558466666654,26.88585467536042,30.11726102799295
5,8.72,49,11.6,3,Random forest tuned,271,1.62307,1.5847955881249791,0.042448,0.04184550578232848,38.23666603844704,38.038040819095556
-1,6.02,37,7.0,3,Random forest tuned,272,0.572343,0.5428715266666669,0.011996,0.017225022433333317,47.71115371790597,32.94802253547716
7,0.16,64,1.0,3,Random forest tuned,274,0.767614,0.4672127130000004,0.0924369,0.03830824313333334,8.304194537030126,17.537863791139454
0,8.45,45,12.3,3,Random forest tuned,275,1.02401,1.056368186468252,0.0228073,0.024762244522222285,44.89834395127876,42.99442287900265
3,8.38,53,13.5,3,Random forest tuned,278,1.38984,1.3945510349046828,0.0342858,0.03601681964372829,40.536898657753355,39.160900235989324
14,8.72,49,14.2,3,Random forest tuned,280,2.17834,2.1874933111111066,0.093559,0.09440574844444447,23.283062025032333,23.199902583447372
4,2.95,58,14.3,3,Random forest tuned,286,0.862012,1.0030319186560848,0.0188201,0.023549930116931173,45.80273218527,42.90427672658957
-1,5.34,37,1.1,3,Random forest tuned,287,0.468117,0.4915185873333334,0.0163943,0.016898744299999966,28.553643644437397,31.118254519260184
11,8.43,45,12.4,3,Random forest tuned,289,2.035,2.0830786444444396,0.0694566,0.07051123290476215,29.298871525528178,29.54959220529227
4,4.98,25,10.7,3,Random forest tuned,291,1.00229,1.0047101928253959,0.0206466,0.023727710238095202,48.545038892602165,43.74150762739866
11,8.45,44,12.4,3,Random forest tuned,294,2.06862,2.0812214777777753,0.069641,0.07075205590476223,29.704053646558783,29.42053325057587
10,8.38,41,11.1,3,Random forest tuned,296,2.00976,1.9918832416666654,0.0629168,0.06341806199999997,31.943137603946802,31.50824646231952
12,8.32,47,9.8,3,Random forest tuned,299,2.15028,2.0479891666666687,0.0773936,0.07985611799999978,27.783692708441006,26.424147805482463
5,9.13,55,15.2,3,Random forest tuned,316,1.61212,1.5214431347396973,0.0472547,0.042581029802819144,34.115548294666986,36.03684934919038
8,0.0,45,28.3,3,Random forest tuned,317,0.727358,0.613956503466666,0.0251962,0.037459809166666656,28.867765774204045,23.819900961352868
19,6.3,53,17.2,3,Random forest tuned,318,1.96614,1.7874316811111135,0.13821,0.14442444055555542,14.225743433904928,12.6439963350654
4,8.46,49,12.3,3,Random forest tuned,324,1.49808,1.4599945536456629,0.0372626,0.03684547958107795,40.203313778426626,39.80767239402735
9,8.72,53,17.2,3,Random forest tuned,333,1.84746,1.7941154833333368,0.065125,0.058641186500000005,28.367907869481765,30.70062135784064
10,7.27,90,11.3,3,Random forest tuned,338,1.98539,1.856015760000001,0.0843419,0.06704241066666662,23.53978271772393,29.913513191945366
1,1.68,45,1.0,3,Random forest tuned,341,0.318486,0.3497935777777786,0.00707071,0.008470054088888908,45.043001339328015,41.913726303800566
1,2.18,46,11.6,3,Random forest tuned,342,0.387712,0.8095001321428558,0.0106701,0.0185384731285714,36.336304252068864,43.81434418788293
0,0.07,64,1.0,3,Random forest tuned,347,0.0206861,0.013557524726666598,0.00574796,0.006621511900000022,3.5988594214295158,1.3314397343062778
2,5.69,51,5.6,3,Random forest tuned,351,0.956874,0.9516954325554707,0.0180586,0.018206519086948984,52.98716401049915,52.60912979099412
0,0.0,37,1.0,3,Random forest tuned,353,0.00285041,0.01096373374666672,0.00571472,0.005979042133333347,0.4987838424279754,1.8741926178365165
0,0.16,64,19.4,3,Random forest tuned,354,0.0171194,0.03790479196666653,0.0108651,0.01021048193333337,1.5756320696542139,2.740786778905566
0,6.76,52,1.0,3,Random forest tuned,355,0.863589,0.8596107625621687,0.0147527,0.01623180986412037,58.537691405641006,54.79871180290735
5,0.61,13,27.0,3,Random forest tuned,361,0.544561,0.5164735216800005,0.0187531,0.029662652033333313,29.038452309218204,25.627491846405956
6,8.71,45,12.1,3,Random forest tuned,364,1.67407,1.6777142673931578,0.0456178,0.0454701117263126,36.69773640991016,36.96638932632406
1,5.66,46,32.5,3,Random forest tuned,367,0.483748,0.7350628275866657,0.0241595,0.033019598666666684,20.023096504480637,23.345576978633503
0,2.6,37,1.0,3,Random forest tuned,369,0.297198,0.3898983807738107,0.00703467,0.009179190350892858,42.247610762125305,44.353392377340185
0,8.72,59,17.2,3,Random forest tuned,370,1.08581,1.096156486158729,0.0286967,0.02857414267460323,37.83745169305181,38.53559323670974
7,3.57,45,12.3,3,Random forest tuned,378,1.24481,1.13951724871693,0.0288748,0.027651045230555563,43.110601631872775,42.59103262649723
1,8.72,46,1.0,3,Random forest tuned,379,1.16119,1.1107847547619067,0.0217549,0.02233021902857144,53.37602103434168,51.31364545349348
14,8.72,53,11.6,3,Random forest tuned,381,2.20276,2.195889216666666,0.0964722,0.09638370166666674,22.833106324930913,22.800575984092927
1,5.66,68,1.0,3,Random forest tuned,383,0.976284,0.9422209120598843,0.0191364,0.020761173979393897,51.01711920737443,49.03574356294448
2,7.24,49,3.3,3,Random forest tuned,392,1.12264,1.1133757671652609,0.0214532,0.0223279933827162,52.32972237241997,50.34849528297773
1,3.57,46,17.2,3,Random forest tuned,403,0.552258,0.682576490277778,0.0142752,0.017142682872222172,38.686533288500335,39.77748124905952
3,8.0,53,6.5,3,Random forest tuned,405,1.36958,1.2264080754836832,0.0301766,0.027183873109777247,45.38549737213602,46.585037684279534
3,3.8,38,2.2,3,Random forest tuned,410,0.764129,0.7824100054527394,0.0134837,0.017720981260028856,56.6705726173083,46.99685875620007
10,8.59,60,9.4,3,Random forest tuned,412,2.10371,1.873955433333333,0.0712649,0.06836917899999997,29.519581168289015,29.57532910438727
5,3.57,47,10.8,3,Random forest tuned,416,1.03852,1.0573063678095243,0.0220583,0.024363620820634882,47.080690715059646,43.82531090457777
0,0.0,59,1.6,3,Random forest tuned,418,-0.00100541,0.02548077545333328,0.00592577,0.0073947239000000135,-0.1696674018735118,2.9049449960316687
4,3.24,54,12.7,3,Random forest tuned,425,0.900461,1.0436514583783072,0.0192792,0.02447702268082008,46.7063467363791,43.47650967397288
9,8.59,41,10.8,3,Random forest tuned,427,1.95082,1.9292310814102487,0.0588007,0.05777348869230778,33.17681592225943,33.47068152970119
13,8.32,41,11.3,3,Random forest tuned,445,2.17876,2.1364373599999955,0.0808691,0.08405634333333345,26.941810901815405,25.720096040164158
3,0.72,40,12.7,3,Random forest tuned,446,0.435125,0.4369820166666678,0.0115819,0.016809481366666632,37.569397076472775,30.83642391988534
13,8.21,49,12.7,3,Random forest tuned,449,2.12671,2.1746418499999907,0.0820433,0.08307507350000005,25.92179983008972,26.1864305243736
17,8.59,51,16.3,3,Random forest tuned,450,2.23508,2.1259156000000012,0.120836,0.12964617666666658,18.496805587738752,16.627920026138046
8,9.38,24,6.2,3,Random forest tuned,469,1.87144,1.8440715899999993,0.0513038,0.05662275483333343,36.47760984566445,33.33805782846174
-1,6.58,42,16.3,3,Random forest tuned,478,0.659134,0.6167667933333337,0.0165447,0.01830812339999998,39.83958609101404,33.70817220612597
-11,6.05,16,8.1,3,Gradient boosting tuned,2,-0.31553,-0.3781744867199261,0.135045,0.06186916075297145,-2.336480432448443,-13.702778210960908
18,0.86,82,15.2,3,Gradient boosting tuned,6,1.21799,1.2554141192100892,0.148159,0.13590771759175127,8.220830324178753,11.938600917350488
7,8.64,0,29.4,3,Gradient boosting tuned,10,1.19124,1.1640641627287298,0.0494381,0.05311948014796581,24.095586197689638,23.10354266088585
12,4.06,36,24.3,3,Gradient boosting tuned,36,1.44887,1.395920151889407,0.0564505,0.06671254645029469,25.666203133718923,26.612807087978684
-1,6.08,49,1.0,3,Gradient boosting tuned,38,0.632449,0.6141702440428729,0.0139275,0.01513982024682949,45.41008795548375,41.79683373845355
13,7.1,54,16.9,3,Gradient boosting tuned,59,2.01453,1.9789688681224642,0.0790566,0.08082012785870013,25.48212293470754,24.525180627597003
5,1.58,37,18.5,3,Gradient boosting tuned,69,0.736913,0.7982508588566358,0.0179447,0.01601133171455429,41.06577429547443,41.61190866930705
-1,1.68,54,17.0,3,Gradient boosting tuned,81,0.106537,0.11844564484765387,0.0104838,0.009057094074906328,10.162059558557013,10.55907575412678
7,2.28,54,17.0,3,Gradient boosting tuned,89,1.09185,1.1630049327096377,0.0264336,0.026091661631010694,41.305384056655164,39.26135568634952
19,8.72,53,17.2,3,Gradient boosting tuned,92,2.22954,2.162644032587217,0.145194,0.14785068926166553,15.355593206330841,14.096117043399024
5,5.99,51,1.0,3,Gradient boosting tuned,96,1.26039,1.2986460483877111,0.0485936,0.045102653666050235,25.93736623752922,36.258702662109016
12,6.87,59,17.3,3,Gradient boosting tuned,97,1.94743,1.9589464139138526,0.072967,0.0726665256134365,26.689188263187468,26.967599330344957
19,8.72,53,15.8,3,Gradient boosting tuned,103,2.14333,2.1658665955312144,0.151896,0.14906949820607904,14.110509822510139,14.60622923348748
10,8.4,48,18.4,3,Gradient boosting tuned,111,1.8644,1.9626205978788456,0.0674953,0.0656264220750194,27.622664096611175,29.262887276458017
-7,5.35,49,2.8,3,Gradient boosting tuned,112,-0.290722,-0.23743474589891556,0.088697,0.03005735674898178,-3.2776982310562928,-13.086382874996591
2,6.76,30,30.6,3,Gradient boosting tuned,119,0.689777,0.8801534974357906,0.0266676,0.016731161378281397,25.86573219937302,29.055128818845894
11,6.46,58,15.2,3,Gradient boosting tuned,122,1.89031,1.932507698670982,0.0633584,0.06667372818416667,29.83519154524104,30.91173165541061
11,6.9,58,17.0,3,Gradient boosting tuned,123,1.92031,1.9095939528608163,0.0666119,0.06736731135856797,28.828332475128317,27.903107511345603
14,3.09,23,11.6,3,Gradient boosting tuned,125,1.70104,1.2184391850197964,0.0671136,0.11559126851790878,25.34568254422353,17.110762737542146
5,1.68,54,19.7,3,Gradient boosting tuned,129,0.784465,0.7870948683449837,0.019412,0.018474480921723095,40.41134349886668,36.26423818969546
-2,4.55,0,38.9,3,Gradient boosting tuned,139,-0.0474308,0.2594539660229633,0.0217894,0.013757121617221611,-2.176783206513259,-0.4342348446165064
5,7.98,43,19.5,3,Gradient boosting tuned,143,1.39832,1.4122443382168561,0.0397875,0.03938549207854232,35.144706251963555,32.48156968185268
1,1.67,61,1.0,3,Gradient boosting tuned,146,0.361967,0.3576131220878072,0.00784669,0.007144829378643984,46.129896809992495,46.32192571984829
5,5.87,65,40.0,3,Gradient boosting tuned,147,0.653923,1.1302567423950851,0.0412321,0.036129670073494054,15.859560876113514,23.130228731280273
5,7.98,44,19.7,3,Gradient boosting tuned,150,1.40045,1.4122443382168561,0.0403556,0.03938549207854232,34.70274261812487,32.21665002316679
5,8.72,49,17.0,3,Gradient boosting tuned,158,1.54304,1.5873121779302302,0.0444714,0.043724317525814016,34.69735605355352,36.178014821271155
19,8.72,53,1.0,3,Gradient boosting tuned,163,1.37573,1.419122706022826,0.405075,0.4024965703480799,3.3962352650743686,3.4317119983090287
9,1.67,56,17.4,3,Gradient boosting tuned,167,1.21899,1.2572496749607815,0.0317839,0.04305201283295728,38.352436296363884,34.54917091445157
13,7.1,54,7.6,3,Gradient boosting tuned,177,1.71674,1.8534710828004406,0.107421,0.10330347206018917,15.981418903193974,20.456727136186885
1,1.63,63,1.0,3,Gradient boosting tuned,179,0.365259,0.35616927952192473,0.00794303,0.007144829378643984,45.98484457442563,46.35028749079895
18,8.19,51,13.0,3,Gradient boosting tuned,183,2.05001,2.079977720450445,0.142094,0.14346755551059645,14.427139780708545,14.462159964388409
23,7.1,54,16.9,3,Gradient boosting tuned,184,1.77813,1.8470541363336508,0.232768,0.2039616028020498,7.639065507286225,10.663514548767527
3,8.0,49,6.5,3,Gradient boosting tuned,194,1.33366,1.2714324367073027,0.0287811,0.030279787421074848,46.338048233041825,47.75063227576381
1,7.38,55,1.8,3,Gradient boosting tuned,196,1.06742,1.0980387483515825,0.0195294,0.022080936022969653,54.65708111872357,52.985062892632186
12,5.69,54,1.0,3,Gradient boosting tuned,198,1.33814,1.3400324199125062,0.222802,0.2173633700086762,6.005960449188069,12.767238221290917
-1,1.68,50,1.0,3,Gradient boosting tuned,202,0.103316,0.11006724154291378,0.00669152,0.00711814074197354,15.439840275453111,11.950099614906076
-6,5.69,56,1.2,3,Gradient boosting tuned,219,-0.176641,-0.0612795989793797,0.0742364,0.020655215275092,-2.3794391969438173,2.3077042528169107
9,1.68,56,17.4,3,Gradient boosting tuned,223,1.22834,1.3086074654109718,0.0318721,0.04305201283295728,38.53966321641812,34.39956792284872
11,7.19,56,17.4,3,Gradient boosting tuned,225,1.8924,1.9147464563738743,0.0677456,0.06684583984091197,27.933917479511585,28.011550612496002
-1,6.01,54,1.0,3,Gradient boosting tuned,231,0.647259,0.6268106979364472,0.0128966,0.014497902983121733,50.18834421475428,46.68611143736333
-7,5.43,84,2.1,3,Gradient boosting tuned,238,-0.109599,-0.19451373258216198,0.0746541,0.0479913349324348,-1.4680908349307005,-10.451906928848457
-1,8.72,49,1.0,3,Gradient boosting tuned,239,0.936499,0.9156461295060266,0.021891,0.02336982491130953,42.780092275364304,42.91424939242051
1,3.57,46,1.0,3,Gradient boosting tuned,245,0.542874,0.4754195705588579,0.0092116,0.011349030737215436,58.93373572452125,55.24943068910625
1,4.07,46,2.6,3,Gradient boosting tuned,246,0.609832,0.6138677452757167,0.0107334,0.010954558488845018,56.816293066502695,51.60694549172945
0,0.16,64,1.0,3,Gradient boosting tuned,247,0.0240871,-0.0011057805516748698,0.00572623,0.0064278990310676016,4.206449967954484,-2.557106437872575
10,8.91,53,17.1,3,Gradient boosting tuned,262,1.92439,2.004711944084281,0.0715763,0.06778564222775692,26.88585467536042,28.79249865433842
5,8.72,49,11.6,3,Gradient boosting tuned,271,1.62307,1.6663304269525774,0.042448,0.04219944035813958,38.23666603844704,38.40409768972396
-1,6.02,37,7.0,3,Gradient boosting tuned,272,0.572343,0.49686483451500746,0.011996,0.013126818472964867,47.71115371790597,38.787588627238435
7,0.16,64,1.0,3,Gradient boosting tuned,274,0.767614,0.8123127934243396,0.0924369,0.0748120608685595,8.304194537030126,3.725161540250953
0,8.45,45,12.3,3,Gradient boosting tuned,275,1.02401,1.0290615517323074,0.0228073,0.025156479114610514,44.89834395127876,43.605825589471756
3,8.38,53,13.5,3,Gradient boosting tuned,278,1.38984,1.2930437909183803,0.0342858,0.035881542187072096,40.536898657753355,39.381532414880915
14,8.72,49,14.2,3,Gradient boosting tuned,280,2.17834,2.1767873185817055,0.093559,0.09812672501944707,23.283062025032333,22.648301556877108
4,2.95,58,14.3,3,Gradient boosting tuned,286,0.862012,0.7844613289827214,0.0188201,0.01870042816374259,45.80273218527,44.64045291517607
-1,5.34,37,1.1,3,Gradient boosting tuned,287,0.468117,0.45702499918348904,0.0163943,0.01019397549665535,28.553643644437397,28.91646230489328
11,8.43,45,12.4,3,Gradient boosting tuned,289,2.035,2.0738781639790944,0.0694566,0.0688720333489181,29.298871525528178,29.319257679746546
4,4.98,25,10.7,3,Gradient boosting tuned,291,1.00229,1.000821884646197,0.0206466,0.023717553901131838,48.545038892602165,41.847350132204696
11,8.45,44,12.4,3,Gradient boosting tuned,294,2.06862,2.0738781639790944,0.069641,0.0688720333489181,29.704053646558783,29.130330079164537
10,8.38,41,11.1,3,Gradient boosting tuned,296,2.00976,1.9891655552119363,0.0629168,0.06326038055046694,31.943137603946802,30.464757769534135
12,8.32,47,9.8,3,Gradient boosting tuned,299,2.15028,2.0229919016399873,0.0773936,0.07338109023606015,27.783692708441006,27.113848279272045
5,9.13,55,15.2,3,Gradient boosting tuned,316,1.61212,1.6251819636147447,0.0472547,0.044574265181444375,34.115548294666986,37.588651418423446
8,0.0,45,28.3,3,Gradient boosting tuned,317,0.727358,1.000473377407185,0.0251962,0.035569472188446735,28.867765774204045,24.389826348722668
19,6.3,53,17.2,3,Gradient boosting tuned,318,1.96614,1.8005458353140937,0.13821,0.14134527132061123,14.225743433904928,13.645948225557708
4,8.46,49,12.3,3,Gradient boosting tuned,324,1.49808,1.542103698197869,0.0372626,0.03703292871218118,40.203313778426626,39.02347772400846
9,8.72,53,17.2,3,Gradient boosting tuned,333,1.84746,1.926074653631322,0.065125,0.06147161260961409,28.367907869481765,31.303484078165006
10,7.27,90,11.3,3,Gradient boosting tuned,338,1.98539,1.951047925631399,0.0843419,0.0822518147594928,23.53978271772393,18.541859956789335
1,1.68,45,1.0,3,Gradient boosting tuned,341,0.318486,0.3438101988621832,0.00707071,0.007223717708463733,45.043001339328015,44.37895720454958
1,2.18,46,11.6,3,Gradient boosting tuned,342,0.387712,0.4035270265749383,0.0106701,0.009918347072034516,36.336304252068864,42.891972143254364
0,0.07,64,1.0,3,Gradient boosting tuned,347,0.0206861,0.004502063952875097,0.00574796,0.0064278990310676016,3.5988594214295158,-0.3649067828974504
2,5.69,51,5.6,3,Gradient boosting tuned,351,0.956874,0.9163253934742505,0.0180586,0.017863584882240716,52.98716401049915,54.61816547760936
0,0.0,37,1.0,3,Gradient boosting tuned,353,0.00285041,0.008625649296484007,0.00571472,0.0052223345372940325,0.4987838424279754,1.2634073378325401
0,0.16,64,19.4,3,Gradient boosting tuned,354,0.0171194,0.026048513414918657,0.0108651,0.010238947151052408,1.5756320696542139,2.2523516448567977
0,6.76,52,1.0,3,Gradient boosting tuned,355,0.863589,0.9400915817020745,0.0147527,0.015142341294667742,58.537691405641006,57.014446794669716
5,0.61,13,27.0,3,Gradient boosting tuned,361,0.544561,0.5896091732588934,0.0187531,0.022521918076732452,29.038452309218204,24.198786235968626
6,8.71,45,12.1,3,Gradient boosting tuned,364,1.67407,1.7180027724409117,0.0456178,0.04759301618659334,36.69773640991016,37.28529740233858
1,5.66,46,32.5,3,Gradient boosting tuned,367,0.483748,0.7343653800321728,0.0241595,0.013259639441989452,20.023096504480637,28.158072368959207
0,2.6,37,1.0,3,Gradient boosting tuned,369,0.297198,0.2663383792672279,0.00703467,0.006069402371743507,42.247610762125305,45.860677350692015
0,8.72,59,17.2,3,Gradient boosting tuned,370,1.08581,1.0876268009047358,0.0286967,0.031023177587599135,37.83745169305181,39.12445878423489
7,3.57,45,12.3,3,Gradient boosting tuned,378,1.24481,1.122443690238732,0.0288748,0.029687216391486557,43.110601631872775,38.3608026208301
1,8.72,46,1.0,3,Gradient boosting tuned,379,1.16119,1.1484220831916208,0.0217549,0.023480057308181417,53.37602103434168,52.316662768299494
14,8.72,53,11.6,3,Gradient boosting tuned,381,2.20276,2.1742966134018493,0.0964722,0.09715599374734836,22.833106324930913,22.386120920998202
1,5.66,68,1.0,3,Gradient boosting tuned,383,0.976284,0.9448595252029662,0.0191364,0.019781999309047622,51.01711920737443,53.9976245631362
2,7.24,49,3.3,3,Gradient boosting tuned,392,1.12264,1.1138600048879617,0.0214532,0.025396138829122537,52.32972237241997,49.527000696656856
1,3.57,46,17.2,3,Gradient boosting tuned,403,0.552258,0.4701006161600183,0.0142752,0.012975461167996206,38.686533288500335,38.96493471208033
3,8.0,53,6.5,3,Gradient boosting tuned,405,1.36958,1.2591113370831872,0.0301766,0.030492984698930463,45.38549737213602,47.5533523658913
3,3.8,38,2.2,3,Gradient boosting tuned,410,0.764129,0.6925212756135798,0.0134837,0.016677114845658196,56.6705726173083,48.65822519773447
10,8.59,60,9.4,3,Gradient boosting tuned,412,2.10371,1.9829777994440547,0.0712649,0.07156924200329501,29.519581168289015,25.99554575337924
5,3.57,47,10.8,3,Gradient boosting tuned,416,1.03852,0.8051841483184813,0.0220583,0.02467649207832183,47.080690715059646,40.922326644142785
0,0.0,59,1.6,3,Gradient boosting tuned,418,-0.00100541,0.015219242619392228,0.00592577,0.006878195987056134,-0.1696674018735118,3.0143314136836317
4,3.24,54,12.7,3,Gradient boosting tuned,425,0.900461,0.7531360897919351,0.0192792,0.021771312667277904,46.7063467363791,42.351626926206606
9,8.59,41,10.8,3,Gradient boosting tuned,427,1.95082,1.9462034007973528,0.0588007,0.05782124071982441,33.17681592225943,33.18610161343981
13,8.32,41,11.3,3,Gradient boosting tuned,445,2.17876,2.0959410525871496,0.0808691,0.08074572038358986,26.941810901815405,26.10667701525938
3,0.72,40,12.7,3,Gradient boosting tuned,446,0.435125,0.3626258109805151,0.0115819,0.013094370766319866,37.569397076472775,31.67312315343494
13,8.21,49,12.7,3,Gradient boosting tuned,449,2.12671,2.160603763016053,0.0820433,0.08324170886390932,25.92179983008972,25.646333855008915
17,8.59,51,16.3,3,Gradient boosting tuned,450,2.23508,2.140803210924625,0.120836,0.12259799102808508,18.496805587738752,17.230467523221336
8,9.38,24,6.2,3,Gradient boosting tuned,469,1.87144,1.9340886562185093,0.0513038,0.05484463943449441,36.47760984566445,36.31194203035456
-1,6.58,42,16.3,3,Gradient boosting tuned,478,0.659134,0.6263327555922709,0.0165447,0.016892393366344433,39.83958609101404,37.305428397086786
0,9.5,65,22.3,4,Polynomial ridge tuned,4,1.0478,1.0168667839259398,0.0355619,0.04286716415579031,29.464117496534215,26.8466764528433
-4,3.45,90,36.5,4,Polynomial ridge tuned,8,-0.266586,0.0017739410001900158,0.0235167,-0.09853757976602903,-11.336029289823825,3.2680414190996174
20,0.0,27,19.1,4,Polynomial ridge tuned,12,1.16955,1.0504335985937112,0.147499,0.139980526252761,7.929206299703728,10.466909572269474
10,7.24,54,1.0,4,Polynomial ridge tuned,14,1.41907,1.5834911024533398,0.142302,0.13943078818494525,9.97224213292856,31.496544941457838
4,1.6,43,20.2,4,Polynomial ridge tuned,27,0.64647,0.6359720019109926,0.0169162,0.012504687495967566,38.21602960475757,33.69506912303608
10,7.24,54,30.1,4,Polynomial ridge tuned,28,1.43954,1.4628267721662134,0.0684059,0.07618231216998128,21.044091226049215,17.747227925657555
25,3.35,59,1.0,4,Polynomial ridge tuned,32,1.17158,0.4037441816661326,0.52345,0.6155811507525634,2.2381889387716116,-26.55167886644008
-1,1.68,43,21.5,4,Polynomial ridge tuned,35,0.0713197,0.12269502455335868,0.0117426,0.014481845128719951,6.073586769539966,28.17018664337254
-2,6.17,50,1.0,4,Polynomial ridge tuned,40,0.500473,0.5155074449381771,0.020005,0.01919740227145273,25.017395651087227,42.774680106848706
25,1.6,75,25.8,4,Polynomial ridge tuned,41,1.33041,1.133646384930589,0.217506,0.22005687527924633,6.116658850790324,3.4717781789246693
25,3.84,35,25.8,4,Polynomial ridge tuned,44,1.42184,1.2662738914686165,0.225636,0.18797367875403934,6.301476714708645,7.278996759017623
14,8.72,54,17.0,4,Polynomial ridge tuned,47,2.10572,2.1856239526053205,0.0992494,0.08839145717243654,21.216450678795034,22.808508041315292
-7,2.7,48,12.5,4,Polynomial ridge tuned,51,-0.472624,-0.3850381309491495,0.0141378,0.028219977303808097,-33.4298122763089,21.72630941085899
11,6.91,58,17.3,4,Polynomial ridge tuned,61,1.90015,1.8734272578583324,0.0668822,0.059483209414606476,28.410399179452828,29.050272595098704
21,7.27,50,17.4,4,Polynomial ridge tuned,62,1.94854,1.9803664570197284,0.1755,0.1852388583836148,11.102792022792023,8.530830690384892
3,0.0,54,17.0,4,Polynomial ridge tuned,64,0.345927,0.33443566938882574,0.011953,0.008610577455850144,28.940600686020243,22.296848958103528
19,8.72,25,18.7,4,Polynomial ridge tuned,65,1.91661,1.965020850385466,0.160625,0.12106838295580208,11.93220233463035,14.795362073292155
7,1.67,61,12.0,4,Polynomial ridge tuned,85,1.05349,0.9780946829941245,0.0236589,0.024609381525027202,44.52827477186175,35.36478798684786
14,8.72,61,17.0,4,Polynomial ridge tuned,95,2.18513,2.215759955041463,0.0991395,0.09366771679350203,22.040962482158978,22.34279480834322
12,6.82,58,17.2,4,Polynomial ridge tuned,98,1.96537,1.9215455320441275,0.0727065,0.06798731579266203,27.031558388864823,27.52798678916808
11,6.91,58,35.9,4,Polynomial ridge tuned,100,1.26245,1.2533109674478105,0.0768925,0.10559223177003028,16.41837630458107,10.252860423530393
-1,2.2,29,19.1,4,Polynomial ridge tuned,107,0.123358,0.16886770429047782,0.011217,0.016460018718996494,10.997414638495142,25.400953489318425
-1,1.68,54,1.0,4,Polynomial ridge tuned,115,0.0986723,0.12426241009139205,0.00666377,0.004130568178522434,14.80727876262236,28.74200074245292
3,6.17,65,1.0,4,Polynomial ridge tuned,120,1.21764,1.063381703483056,0.0366934,0.05588032536336701,33.18416936015741,41.31382560853099
3,0.0,54,1.0,4,Polynomial ridge tuned,127,0.331779,0.30040768302590637,0.0181091,0.023394829545758895,18.32112032072273,14.192331631960178
-1,8.72,43,1.0,4,Polynomial ridge tuned,128,0.789883,0.9741379375401147,0.0272748,0.026260444096701356,28.96017569331398,43.48140227913143
10,7.34,46,18.3,4,Polynomial ridge tuned,133,1.78802,1.7898972738180823,0.0614021,0.04846657020855299,29.119850949723215,28.97131803959984
6,8.17,60,12.6,4,Polynomial ridge tuned,135,1.7211,1.6830644701478594,0.0483679,0.036697044229544395,35.58351716737754,36.77997832220445
3,0.0,53,17.2,4,Polynomial ridge tuned,136,0.352274,0.3319628572792367,0.0119171,0.009022590837189495,29.56037962255918,22.385408687605477
2,7.96,50,6.0,4,Polynomial ridge tuned,138,1.21713,1.241667742563555,0.0250246,0.026168663865441255,48.637340856597106,43.728409994543064
19,8.72,54,17.2,4,Polynomial ridge tuned,142,2.20807,2.2123763583014435,0.146175,0.1550197469225823,15.105661022746709,13.79207320085978
8,8.8,23,17.6,4,Polynomial ridge tuned,156,1.72376,1.7104966350786848,0.0540317,0.0424469496314779,31.90275338366181,29.027103263803877
14,8.72,54,11.6,4,Polynomial ridge tuned,159,2.20809,2.1751179676530583,0.096937,0.11057560953082314,22.778608787150418,23.990653196956504
-1,1.68,54,17.2,4,Polynomial ridge tuned,162,0.0997206,0.17204967665340032,0.0105611,0.007346795313390539,9.442255068127373,32.379600192387535
-1,8.72,54,1.0,4,Polynomial ridge tuned,164,0.978696,1.0224875589036964,0.0205945,0.028987231614855613,47.522202529801646,43.44322152715832
16,8.4,54,4.2,4,Polynomial ridge tuned,170,1.62867,1.9148226973175646,0.266891,0.22516163256976343,6.102378873772439,15.76620432435455
-5,8.27,61,6.1,4,Polynomial ridge tuned,171,0.542528,0.6125029461890441,0.0153641,0.037593659605366654,35.31140776225096,35.655529892285166
13,7.1,54,25.2,4,Polynomial ridge tuned,178,1.75159,1.8341600263040265,0.0841026,0.07763081438859831,20.826823427575366,19.677505495485224
-1,5.69,54,1.0,4,Polynomial ridge tuned,186,0.62302,0.5775721765878031,0.0121196,0.02167043513351987,51.40598699627051,43.845863072925084
-1,1.68,52,1.0,4,Polynomial ridge tuned,197,0.109556,0.11755200787607678,0.0066183,0.002787188541683014,16.553495610655304,29.00010340597968
2,8.21,50,3.1,4,Polynomial ridge tuned,200,1.23402,1.236234633752068,0.0245832,0.03270626758241158,50.19769598750366,44.0589948818734
2,6.22,57,1.0,4,Polynomial ridge tuned,206,1.05519,0.9469933672649199,0.0216607,0.04013524665581988,48.714492144759866,44.25733672972923
1,1.63,63,1.8,4,Polynomial ridge tuned,213,0.348338,0.3593431095757905,0.00762858,0.01808734160424004,45.6622333383146,28.917227166350212
12,5.81,61,25.3,4,Polynomial ridge tuned,215,1.67189,1.7155578234479645,0.0695401,0.06606053635482483,24.042099450532863,23.72580888011193
20,8.49,35,17.3,4,Polynomial ridge tuned,216,1.87813,2.0133782210879274,0.17841,0.1518848073236299,10.527044448181156,11.53984346161929
11,8.45,30,12.3,4,Polynomial ridge tuned,221,2.01132,1.91223036459365,0.0674765,0.06492151047051498,29.807710832660263,28.07401897597782
9,7.18,59,17.4,4,Polynomial ridge tuned,224,1.77969,1.767949239156065,0.057389,0.046503479563328606,31.010995138441164,31.527979235601634
-1,4.82,77,7.9,4,Polynomial ridge tuned,226,0.74269,0.6450575870211932,0.015682,0.029732101138643142,47.359392934574664,35.62068156314843
9,6.92,63,16.2,4,Polynomial ridge tuned,230,1.82771,1.7666361833982038,0.0589714,0.04839074119968807,30.99315939591056,32.45408262884569
1,7.18,61,17.2,4,Polynomial ridge tuned,232,1.05387,1.0186468786203569,0.0262557,0.02567260652960609,40.138712736662896,36.92309621179676
19,9.5,53,1.0,4,Polynomial ridge tuned,233,1.40356,1.7056037170737828,0.407671,0.3627529417801214,3.4428742785236133,4.647938194700242
0,5.81,52,1.0,4,Polynomial ridge tuned,240,0.727518,0.6833650825828531,0.0121709,0.024272112631850938,59.77520150522969,44.65759993594901
-4,7.89,36,8.1,4,Polynomial ridge tuned,242,0.42612,0.5910206969957557,0.0142798,0.032514155506789516,29.840754072185884,35.00543554324645
9,7.8,40,12.9,4,Polynomial ridge tuned,254,1.87131,1.7846982068191712,0.0560841,0.047227498940323215,33.366141205796296,32.68965962762805
0,1.94,64,1.5,4,Polynomial ridge tuned,256,0.28612,0.29971498436291255,0.0068949,0.016607355021927422,41.497338612597716,29.643290564109698
-4,8.1,84,3.7,4,Polynomial ridge tuned,258,0.689372,0.7458516130893493,0.0294113,0.06681711891785491,23.439018336489713,17.98990971447703
5,2.76,32,15.5,4,Polynomial ridge tuned,260,0.893705,0.8771568657932922,0.0201757,0.012426012910069707,44.29610868520051,36.57639485228032
5,7.2,60,1.4,4,Polynomial ridge tuned,267,1.42017,1.3403430162294618,0.055471,0.06897697049540859,25.602026284004253,40.38468139766883
3,4.0,46,1.8,4,Polynomial ridge tuned,279,0.812086,0.760579891755713,0.0166023,0.02905436928631621,48.91406612336845,43.85185657268411
11,8.45,44,12.3,4,Polynomial ridge tuned,282,2.08341,1.9953752903930422,0.0709136,0.06649027616818895,29.37955483856412,29.931532486436016
0,0.16,36,1.0,4,Polynomial ridge tuned,283,0.0221941,0.019880347481898264,0.00574039,-0.0006639120750125266,3.866305251036951,12.047261006674141
19,8.03,44,10.4,4,Polynomial ridge tuned,285,1.78865,1.9690756112608385,0.183358,0.2043999361217579,9.754960241712935,10.661392519440968
4,8.39,55,13.8,4,Polynomial ridge tuned,288,1.50033,1.509209215473236,0.0391947,0.027935512729485724,38.27889995331002,38.28240681681097
0,0.13,67,1.0,4,Polynomial ridge tuned,292,0.0171637,0.061994340974186324,0.00572996,0.016070438550960207,2.995431032677366,4.8591240210470446
8,0.72,19,1.0,4,Polynomial ridge tuned,300,0.856368,0.8119805950278829,0.110389,0.08857479196333953,7.75772948391597,18.803168920595528
2,7.4,64,28.3,4,Polynomial ridge tuned,314,0.911239,0.8253711127345708,0.0330158,0.03949684785382261,27.60008844250329,22.882795554137495
6,8.61,51,12.0,4,Polynomial ridge tuned,325,1.72468,1.7173681793249265,0.0472606,0.03411690345109257,36.49297723685269,37.965904168914605
8,7.81,39,12.9,4,Polynomial ridge tuned,326,1.75065,1.7136532970209477,0.0500126,0.0408124040574402,35.004178946905384,34.00522379641462
1,2.39,42,16.8,4,Polynomial ridge tuned,327,0.410181,0.4465820828401974,0.0121753,0.007532589453031174,33.68960107759152,36.70980175761072
-2,1.27,61,1.3,4,Polynomial ridge tuned,336,-0.0359703,-0.0025682314675636864,0.00910022,0.006413291864913226,-3.9526846603708483,20.504347004445357
5,4.44,42,4.0,4,Polynomial ridge tuned,337,1.08032,1.012441163907526,0.0218078,0.03747536725489366,49.53823861187281,43.13215997078897
6,8.45,45,12.3,4,Polynomial ridge tuned,346,1.66291,1.672750696514794,0.0448073,0.032701656273142414,37.11247943973415,37.65885694428203
2,7.44,53,14.3,4,Polynomial ridge tuned,357,1.16759,1.1778397478831253,0.0273572,0.023071573486496487,42.67944087845247,39.816201628645075
4,8.57,45,11.8,4,Polynomial ridge tuned,365,1.47513,1.5205613809215561,0.0362361,0.0266456063870014,40.7088511180839,39.799542466304146
-1,4.84,43,1.0,4,Polynomial ridge tuned,373,0.452395,0.4243994279274945,0.0125509,0.01298865283996848,36.04482547068338,41.79729298795543
0,4.16,80,11.7,4,Polynomial ridge tuned,374,0.763388,0.6927635969216287,0.0171329,0.021871449951553046,44.55684676849803,34.43880283179545
14,8.48,50,11.2,4,Polynomial ridge tuned,376,2.19315,2.1212147401210233,0.0938939,0.11062940847674219,23.35774741490129,23.94589177556255
7,8.46,52,11.4,4,Polynomial ridge tuned,384,1.81011,1.7798527957464498,0.0513214,0.040411586534175356,35.27008226587739,37.00544390924585
0,0.1,37,1.0,4,Polynomial ridge tuned,388,0.0215662,0.013252488925469041,0.00571571,-0.0007430049174326908,3.7731445437224775,11.559832181732467
1,5.66,53,1.0,4,Polynomial ridge tuned,393,0.846933,0.7678324852760265,0.0141658,0.029037588109083037,59.7871634499993,44.99774483596358
16,8.73,49,17.6,4,Polynomial ridge tuned,397,2.08528,2.1979303982234946,0.118106,0.10609198700012368,17.65600392867424,19.17731924555511
2,5.41,39,8.1,4,Polynomial ridge tuned,398,0.863299,0.8834062693169786,0.0166435,0.01502936631026576,51.870039354703046,42.75298340157964
19,3.94,49,17.2,4,Polynomial ridge tuned,404,1.66966,1.7020887867794134,0.132308,0.144938853306593,12.6194939081537,16.522735575604827
-2,2.07,90,38.9,4,Polynomial ridge tuned,407,-0.153932,0.1745626135977959,0.0224664,-0.1153182543084729,-6.851654025567069,2.2127883143503517
4,8.64,53,9.6,4,Polynomial ridge tuned,409,1.55751,1.5593181782656345,0.0384698,0.029245295796262248,40.48656348616317,41.002380868575976
8,8.13,46,11.8,4,Polynomial ridge tuned,411,1.8339,1.785810029068218,0.0531205,0.04404693125850313,34.52339492286406,35.37155853114464
1,8.68,46,1.0,4,Polynomial ridge tuned,417,1.1517,1.1611345657102923,0.0214688,0.03309897295976054,53.645289909077356,44.333042074188484
1,3.57,37,1.0,4,Polynomial ridge tuned,429,0.51411,0.4733024615686089,0.00882626,0.015253805343367906,58.2477742554604,39.14624518802167
0,8.72,53,17.2,4,Polynomial ridge tuned,431,1.05685,1.0887974917319179,0.0266874,0.03284288745325685,39.601085156290985,36.01064447542394
19,8.72,53,2.6,4,Polynomial ridge tuned,440,1.32096,1.7250958693697234,0.38962,0.334118439725147,3.390380370617524,4.699249266856569
1,4.07,46,17.2,4,Polynomial ridge tuned,441,0.604444,0.6459891704866383,0.0150896,0.011839782700812485,40.05699289576927,40.422720988973744
0,6.33,46,1.0,4,Polynomial ridge tuned,444,0.753674,0.7189410411575513,0.0130831,0.023765651292334676,57.60668343129686,44.01078597232585
0,0.73,37,1.6,4,Polynomial ridge tuned,455,0.0839934,0.08922753705312059,0.006065,-0.0006391417174336778,13.848870568837592,19.932979444232643
12,8.68,48,11.9,4,Polynomial ridge tuned,456,2.15947,2.085223474290765,0.0784157,0.07983940937975854,27.538745429805505,28.362284091222914
24,8.85,56,12.3,4,Polynomial ridge tuned,461,1.59524,1.8306745226488914,0.340131,0.3143546219018175,4.690075294518876,1.8599074877262431
13,8.54,37,1.0,4,Polynomial ridge tuned,467,1.42758,1.7006411001172603,0.178919,0.19310288681488427,7.978917834327266,22.633504967074018
0,9.5,65,22.3,4,Random forest tuned,4,1.0478,0.8519128602533348,0.0355619,0.031357782100000044,29.464117496534215,27.09560407897888
-4,3.45,90,36.5,4,Random forest tuned,8,-0.266586,-0.08097860426000002,0.0235167,0.0323572583,-11.336029289823825,0.624859998437107
20,0.0,27,19.1,4,Random forest tuned,12,1.16955,1.1149223460333304,0.147499,0.13241106440000006,7.929206299703728,10.565562378798711
10,7.24,54,1.0,4,Random forest tuned,14,1.41907,1.4425099999999966,0.142302,0.13355650566666674,9.97224213292856,12.272803061901357
4,1.6,43,20.2,4,Random forest tuned,27,0.64647,0.634250435,0.0169162,0.018360633866666715,38.21602960475757,36.541870098671524
10,7.24,54,30.1,4,Random forest tuned,28,1.43954,1.3536727533333328,0.0684059,0.05744142466666655,21.044091226049215,23.96671100565584
25,3.35,59,1.0,4,Random forest tuned,32,1.17158,1.2731510666666677,0.52345,0.47437366,2.2381889387716116,2.8109947844332948
-1,1.68,43,21.5,4,Random forest tuned,35,0.0713197,0.20505428300000028,0.0117426,0.01274811759999995,6.073586769539966,14.758604456224283
-2,6.17,50,1.0,4,Random forest tuned,40,0.500473,0.3949327970119048,0.020005,0.023368031869047633,25.017395651087227,28.382404906818575
25,1.6,75,25.8,4,Random forest tuned,41,1.33041,1.6022847800000029,0.217506,0.21974609233333345,6.116658850790324,7.544623878865474
25,3.84,35,25.8,4,Random forest tuned,44,1.42184,1.445188453333339,0.225636,0.21638539366666756,6.301476714708645,6.9868280109881775
14,8.72,54,17.0,4,Random forest tuned,47,2.10572,2.1475900377777766,0.0992494,0.0970225945555552,21.216450678795034,22.270359298611528
-7,2.7,48,12.5,4,Random forest tuned,51,-0.472624,-0.5325734002666661,0.0141378,0.05579370363333337,-33.4298122763089,-11.743068526625555
11,6.91,58,17.3,4,Random forest tuned,61,1.90015,1.914406287142851,0.0668822,0.06790784527301591,28.410399179452828,28.309421097146355
21,7.27,50,17.4,4,Random forest tuned,62,1.94854,1.7812062866666656,0.1755,0.20946821266666651,11.102792022792023,9.039239006431849
3,0.0,54,17.0,4,Random forest tuned,64,0.345927,0.3832399858200016,0.011953,0.014853260466666629,28.940600686020243,28.19504045606866
19,8.72,25,18.7,4,Random forest tuned,65,1.91661,2.077422965219418,0.160625,0.14804345904575159,11.93220233463035,14.27753178986853
7,1.67,61,12.0,4,Random forest tuned,85,1.05349,0.9769448953333335,0.0236589,0.023473674266666668,44.52827477186175,42.491079929124695
14,8.72,61,17.0,4,Random forest tuned,95,2.18513,2.1561894194444435,0.0991395,0.09685204413888857,22.040962482158978,22.41535307471304
12,6.82,58,17.2,4,Random forest tuned,98,1.96537,1.933966822222224,0.0727065,0.07304310955555551,27.031558388864823,26.694186001168347
11,6.91,58,35.9,4,Random forest tuned,100,1.26245,1.3059043577777778,0.0768925,0.05982420099999988,16.41837630458107,21.873835081841488
-1,2.2,29,19.1,4,Random forest tuned,107,0.123358,0.2906935813333333,0.011217,0.013013786633333324,10.997414638495142,19.607632083155128
-1,1.68,54,1.0,4,Random forest tuned,115,0.0986723,0.14209412433333304,0.00666377,0.007367556633333311,14.80727876262236,18.83022885933509
3,6.17,65,1.0,4,Random forest tuned,120,1.21764,0.9627483623257395,0.0366934,0.023338217269857412,33.18416936015741,47.92000267024931
3,0.0,54,1.0,4,Random forest tuned,127,0.331779,0.3372033230866672,0.0181091,0.018958767799999922,18.32112032072273,20.888586387753065
-1,8.72,43,1.0,4,Random forest tuned,128,0.789883,0.7852851936666664,0.0272748,0.01952852193333338,28.96017569331398,41.245690676169204
10,7.34,46,18.3,4,Random forest tuned,133,1.78802,1.8719006543650794,0.0614021,0.06582519580952373,29.119850949723215,28.571614912361788
6,8.17,60,12.6,4,Random forest tuned,135,1.7211,1.610884644197932,0.0483679,0.04463576441958884,35.58351716737754,36.43003827333111
3,0.0,53,17.2,4,Random forest tuned,136,0.352274,0.3863907726600014,0.0119171,0.015393402133333295,29.56037962255918,27.92579046325412
2,7.96,50,6.0,4,Random forest tuned,138,1.21713,1.2305022471891474,0.0250246,0.025469585631646693,48.637340856597106,48.526173979287634
19,8.72,54,17.2,4,Random forest tuned,142,2.20807,2.1963814252326523,0.146175,0.1476277667468094,15.105661022746709,14.885663881143067
8,8.8,23,17.6,4,Random forest tuned,156,1.72376,1.696531936388891,0.0540317,0.05406409124206353,31.90275338366181,31.883581633791255
14,8.72,54,11.6,4,Random forest tuned,159,2.20809,2.179577091111112,0.096937,0.0967185858888888,22.778608787150418,22.684818826278804
-1,1.68,54,17.2,4,Random forest tuned,162,0.0997206,0.13673552033333333,0.0105611,0.01066992203333331,9.442255068127373,11.896214055131052
-1,8.72,54,1.0,4,Random forest tuned,164,0.978696,0.8287448106547586,0.0205945,0.017804576285714267,47.522202529801646,47.89424395566412
16,8.4,54,4.2,4,Random forest tuned,170,1.62867,1.4025679799999997,0.266891,0.30156394666666614,6.102378873772439,5.549960477123805
-5,8.27,61,6.1,4,Random forest tuned,171,0.542528,0.29776422969999966,0.0153641,0.03660896036666673,35.31140776225096,20.990890229620483
13,7.1,54,25.2,4,Random forest tuned,178,1.75159,1.7859413769841266,0.0841026,0.08246644819841266,20.826823427575366,22.800194634333405
-1,5.69,54,1.0,4,Random forest tuned,186,0.62302,0.6002894294761889,0.0121196,0.012908353434920597,51.40598699627051,46.29416913049504
-1,1.68,52,1.0,4,Random forest tuned,197,0.109556,0.13560568566666645,0.0066183,0.007180880333333304,16.553495610655304,18.660529363950992
2,8.21,50,3.1,4,Random forest tuned,200,1.23402,1.238009191572984,0.0245832,0.02503001984174768,50.19769598750366,49.59886898063143
2,6.22,57,1.0,4,Random forest tuned,206,1.05519,0.9556987805223389,0.0216607,0.01834390961231219,48.714492144759866,53.54599030242117
1,1.63,63,1.8,4,Random forest tuned,213,0.348338,0.38059925923232274,0.00762858,0.009587031467320796,45.6622333383146,44.76629218161764
12,5.81,61,25.3,4,Random forest tuned,215,1.67189,1.5942068055555554,0.0695401,0.0710598322222222,24.042099450532863,24.159006859337925
20,8.49,35,17.3,4,Random forest tuned,216,1.87813,2.061185533333334,0.17841,0.15721571599999984,10.527044448181156,13.359086167160191
11,8.45,30,12.3,4,Random forest tuned,221,2.01132,2.0066292744444443,0.0674765,0.06643385705555568,29.807710832660263,30.40930389389215
9,7.18,59,17.4,4,Random forest tuned,224,1.77969,1.7679387710317531,0.057389,0.05834929098412675,31.010995138441164,30.566459979947208
-1,4.82,77,7.9,4,Random forest tuned,226,0.74269,0.5773220179666662,0.015682,0.017078998833333327,47.359392934574664,34.210927048368994
9,6.92,63,16.2,4,Random forest tuned,230,1.82771,1.7686867905555559,0.0589714,0.0602959749222221,30.99315939591056,30.689151341723786
1,7.18,61,17.2,4,Random forest tuned,232,1.05387,1.1316575357896814,0.0262557,0.030188815230952327,40.138712736662896,38.22440288948939
19,9.5,53,1.0,4,Random forest tuned,233,1.40356,1.3902997666666628,0.407671,0.413299452999998,3.4428742785236133,3.7463068233110692
0,5.81,52,1.0,4,Random forest tuned,240,0.727518,0.7817117645592446,0.0121709,0.013940130521031234,59.77520150522969,56.16625403536544
-4,7.89,36,8.1,4,Random forest tuned,242,0.42612,0.30739786816666664,0.0142798,0.035855456000000036,29.840754072185884,21.000203545769132
9,7.8,40,12.9,4,Random forest tuned,254,1.87131,1.8773845477777713,0.0560841,0.056567855194444336,33.366141205796296,33.26200885255593
0,1.94,64,1.5,4,Random forest tuned,256,0.28612,0.2817816108888895,0.0068949,0.007852241944444428,41.497338612597716,35.15780543522271
-4,8.1,84,3.7,4,Random forest tuned,258,0.689372,0.3763068566333331,0.0294113,0.03577285106666676,23.439018336489713,23.146073996505343
5,2.76,32,15.5,4,Random forest tuned,260,0.893705,0.9003681326944455,0.0201757,0.020797395419444375,44.29610868520051,43.37996221015181
5,7.2,60,1.4,4,Random forest tuned,267,1.42017,1.257389863876675,0.055471,0.04813332936599523,25.602026284004253,30.169933330953384
3,4.0,46,1.8,4,Random forest tuned,279,0.812086,0.7419643149157278,0.0166023,0.014905908371912788,48.91406612336845,53.184035341101485
11,8.45,44,12.3,4,Random forest tuned,282,2.08341,2.0696527982539683,0.0709136,0.06985394928730182,29.37955483856412,29.637476371366677
0,0.16,36,1.0,4,Random forest tuned,283,0.0221941,0.018644213886666636,0.00574039,0.006973916000000017,3.866305251036951,2.4077552950840673
19,8.03,44,10.4,4,Random forest tuned,285,1.78865,1.9113276333333302,0.183358,0.16979522200000047,9.754960241712935,11.776084452202454
4,8.39,55,13.8,4,Random forest tuned,288,1.50033,1.4590130666044827,0.0391947,0.03760375100119565,38.27889995331002,38.955195330235895
0,0.13,67,1.0,4,Random forest tuned,292,0.0171637,0.02565320533333332,0.00572996,0.006772060600000031,2.995431032677366,3.251471048674729
8,0.72,19,1.0,4,Random forest tuned,300,0.856368,0.8822067096666666,0.110389,0.0673605251,7.75772948391597,21.07312011219628
2,7.4,64,28.3,4,Random forest tuned,314,0.911239,0.9490874933333339,0.0330158,0.0381384584333333,27.60008844250329,25.47441252801246
6,8.61,51,12.0,4,Random forest tuned,325,1.72468,1.6649748609968706,0.0472606,0.04502282227117612,36.49297723685269,37.07534942300839
8,7.81,39,12.9,4,Random forest tuned,326,1.75065,1.8069136834259218,0.0500126,0.05222808398095245,35.004178946905384,34.782854979759435
1,2.39,42,16.8,4,Random forest tuned,327,0.410181,0.6806215933333313,0.0121753,0.017221649700000004,33.68960107759152,38.926464867879275
-2,1.27,61,1.3,4,Random forest tuned,336,-0.0359703,-0.011857205499999975,0.00910022,0.015006262899999971,-3.9526846603708483,2.9078339547699725
5,4.44,42,4.0,4,Random forest tuned,337,1.08032,1.0849271798333335,0.0218078,0.029230451891666606,49.53823861187281,39.81708816850342
6,8.45,45,12.3,4,Random forest tuned,346,1.66291,1.6389510793301996,0.0448073,0.044175772420382446,37.11247943973415,37.34563597815129
2,7.44,53,14.3,4,Random forest tuned,357,1.16759,1.2180708494776473,0.0273572,0.030482437738289375,42.67944087845247,40.51370074322711
4,8.57,45,11.8,4,Random forest tuned,365,1.47513,1.4078022517647035,0.0362361,0.03462610220695899,40.7088511180839,41.021848707319094
-1,4.84,43,1.0,4,Random forest tuned,373,0.452395,0.4475943947777783,0.0125509,0.013509475811111091,36.04482547068338,34.17575124830614
0,4.16,80,11.7,4,Random forest tuned,374,0.763388,0.8366328936666659,0.0171329,0.02539988303333326,44.55684676849803,35.21338977294877
14,8.48,50,11.2,4,Random forest tuned,376,2.19315,2.191811776666666,0.0938939,0.0929807928333331,23.35774741490129,23.64639850779916
7,8.46,52,11.4,4,Random forest tuned,384,1.81011,1.7740119456389902,0.0513214,0.05020511907263952,35.27008226587739,35.480394431713165
0,0.1,37,1.0,4,Random forest tuned,388,0.0215662,0.01859161671999995,0.00571571,0.00652984416666669,3.7731445437224775,2.430207140964676
1,5.66,53,1.0,4,Random forest tuned,393,0.846933,0.8861018018573635,0.0141658,0.015931882858794412,59.7871634499993,56.32543285697358
16,8.73,49,17.6,4,Random forest tuned,397,2.08528,2.143752366666667,0.118106,0.1164380836666665,17.65600392867424,18.804713277679745
2,5.41,39,8.1,4,Random forest tuned,398,0.863299,0.822951006303871,0.0166435,0.01668971849027777,51.870039354703046,49.79869815124436
19,3.94,49,17.2,4,Random forest tuned,404,1.66966,1.6417019400000024,0.132308,0.15229923066666715,12.6194939081537,11.274788112160696
-2,2.07,90,38.9,4,Random forest tuned,407,-0.153932,-0.026379180320000004,0.0224664,0.023662765500000026,-6.851654025567069,2.0057425047332567
4,8.64,53,9.6,4,Random forest tuned,409,1.55751,1.4608914398447697,0.0384698,0.0363357214937909,40.48656348616317,40.48424424964302
8,8.13,46,11.8,4,Random forest tuned,411,1.8339,1.8335623222222202,0.0531205,0.053620212830952585,34.52339492286406,34.37186858554264
1,8.68,46,1.0,4,Random forest tuned,417,1.1517,1.1224065185191643,0.0214688,0.021546486545402813,53.645289909077356,52.835713315191725
1,3.57,37,1.0,4,Random forest tuned,429,0.51411,0.5030748305606061,0.00882626,0.009736309526010088,58.2477742554604,51.30628879590026
0,8.72,53,17.2,4,Random forest tuned,431,1.05685,1.04403167611111,0.0266874,0.0274826684,39.601085156290985,38.16331070250686
19,8.72,53,2.6,4,Random forest tuned,440,1.32096,1.3639473999999967,0.38962,0.3993443799999981,3.390380370617524,3.575847630639834
1,4.07,46,17.2,4,Random forest tuned,441,0.604444,0.6732538938888863,0.0150896,0.01714969173333339,40.05699289576927,39.10389268307932
0,6.33,46,1.0,4,Random forest tuned,444,0.753674,0.77867466865208,0.0130831,0.014031955148400171,57.60668343129686,55.82522852688566
0,0.73,37,1.6,4,Random forest tuned,455,0.0839934,0.10524137660000012,0.006065,0.0072117416000000165,13.848870568837592,15.321191570914861
12,8.68,48,11.9,4,Random forest tuned,456,2.15947,2.148063173333335,0.0784157,0.07881589141666659,27.538745429805505,27.31319425411298
24,8.85,56,12.3,4,Random forest tuned,461,1.59524,1.9054089799999994,0.340131,0.23651299999999997,4.690075294518876,8.983874395807554
13,8.54,37,1.0,4,Random forest tuned,467,1.42758,1.5323359,0.178919,0.1870325440000006,7.978917834327266,11.040128943287774
0,9.5,65,22.3,4,Gradient boosting tuned,4,1.0478,1.061732316118718,0.0355619,0.03937771127795273,29.464117496534215,28.343757149741144
-4,3.45,90,36.5,4,Gradient boosting tuned,8,-0.266586,-0.018581008432596628,0.0235167,0.043072717849757976,-11.336029289823825,-13.479396900760308
20,0.0,27,19.1,4,Gradient boosting tuned,12,1.16955,0.9769339817256835,0.147499,0.15654371874774853,7.929206299703728,8.942255087155225
10,7.24,54,1.0,4,Gradient boosting tuned,14,1.41907,1.4502679795056073,0.142302,0.15483124909119525,9.97224213292856,10.436667917064934
4,1.6,43,20.2,4,Gradient boosting tuned,27,0.64647,0.6130227793881466,0.0169162,0.014517003917168207,38.21602960475757,38.17066143271314
10,7.24,54,30.1,4,Gradient boosting tuned,28,1.43954,1.580601409716756,0.0684059,0.06616581833851216,21.044091226049215,22.893346592238377
25,3.35,59,1.0,4,Gradient boosting tuned,32,1.17158,1.0885365714537591,0.52345,0.49973739119261573,2.2381889387716116,-0.5529673296070577
-1,1.68,43,21.5,4,Gradient boosting tuned,35,0.0713197,0.0754084095537086,0.0117426,0.008431653458473054,6.073586769539966,10.399962080907544
-2,6.17,50,1.0,4,Gradient boosting tuned,40,0.500473,0.5492631788530997,0.020005,0.016063372801351686,25.017395651087227,38.192077666672176
25,1.6,75,25.8,4,Gradient boosting tuned,41,1.33041,1.2936227290801903,0.217506,0.24860439652052593,6.116658850790324,8.15995481567991
25,3.84,35,25.8,4,Gradient boosting tuned,44,1.42184,1.3667668259789985,0.225636,0.23466588037410685,6.301476714708645,5.891603985150776
14,8.72,54,17.0,4,Gradient boosting tuned,47,2.10572,2.159243074978979,0.0992494,0.0997327534268578,21.216450678795034,21.091560392169402
-7,2.7,48,12.5,4,Gradient boosting tuned,51,-0.472624,-0.5783140283006937,0.0141378,0.03413945412954035,-33.4298122763089,-15.646045925078706
11,6.91,58,17.3,4,Gradient boosting tuned,61,1.90015,1.903883365207913,0.0668822,0.06682688938555342,28.410399179452828,28.76383704808985
21,7.27,50,17.4,4,Gradient boosting tuned,62,1.94854,2.0037574759802594,0.1755,0.19139923361394734,11.102792022792023,10.257064801143382
3,0.0,54,17.0,4,Gradient boosting tuned,64,0.345927,0.3315864419393167,0.011953,0.015598318300273804,28.940600686020243,28.668279118723753
19,8.72,25,18.7,4,Gradient boosting tuned,65,1.91661,1.9745792347590583,0.160625,0.15980856218037962,11.93220233463035,14.037212776685088
7,1.67,61,12.0,4,Gradient boosting tuned,85,1.05349,1.1104875544417618,0.0236589,0.027341079863423327,44.52827477186175,41.03761265347838
14,8.72,61,17.0,4,Gradient boosting tuned,95,2.18513,2.1949111086471156,0.0991395,0.10208493942445479,22.040962482158978,20.48650469313309
12,6.82,58,17.2,4,Gradient boosting tuned,98,1.96537,1.9697256466814062,0.0727065,0.07253459416457175,27.031558388864823,27.105595088409654
11,6.91,58,35.9,4,Gradient boosting tuned,100,1.26245,1.3641260444388934,0.0768925,0.07555733185011894,16.41837630458107,19.07719272734539
-1,2.2,29,19.1,4,Gradient boosting tuned,107,0.123358,0.13630946783343822,0.011217,0.008811355832099703,10.997414638495142,18.915302952835148
-1,1.68,54,1.0,4,Gradient boosting tuned,115,0.0986723,0.12753674494925218,0.00666377,0.0075987692742926286,14.80727876262236,14.329329871328369
3,6.17,65,1.0,4,Gradient boosting tuned,120,1.21764,1.062880117464688,0.0366934,0.0319637408396972,33.18416936015741,45.40684495027373
3,0.0,54,1.0,4,Gradient boosting tuned,127,0.331779,0.31139825504707086,0.0181091,0.017918586051165593,18.32112032072273,18.076785511117244
-1,8.72,43,1.0,4,Gradient boosting tuned,128,0.789883,0.9121723995151009,0.0272748,0.023996913486845392,28.96017569331398,43.3545538889009
10,7.34,46,18.3,4,Gradient boosting tuned,133,1.78802,1.8855574218319733,0.0614021,0.06545292239497355,29.119850949723215,29.278946892888445
6,8.17,60,12.6,4,Gradient boosting tuned,135,1.7211,1.7089995784624663,0.0483679,0.043717389834357696,35.58351716737754,37.12625170466329
3,0.0,53,17.2,4,Gradient boosting tuned,136,0.352274,0.33091505740246524,0.0119171,0.01553991802529442,29.56037962255918,28.46932440868958
2,7.96,50,6.0,4,Gradient boosting tuned,138,1.21713,1.2438567683742217,0.0250246,0.025150342366341703,48.637340856597106,49.49254025064777
19,8.72,54,17.2,4,Gradient boosting tuned,142,2.20807,2.170766675960165,0.146175,0.14841882034485482,15.105661022746709,14.34560477638143
8,8.8,23,17.6,4,Gradient boosting tuned,156,1.72376,1.7902035627685327,0.0540317,0.05358283958305951,31.90275338366181,31.23193064430964
14,8.72,54,11.6,4,Gradient boosting tuned,159,2.20809,2.190113044878516,0.096937,0.09880150041865052,22.778608787150418,22.396785129832537
-1,1.68,54,17.2,4,Gradient boosting tuned,162,0.0997206,0.11568738904752396,0.0105611,0.008398257862544608,9.442255068127373,11.782998778816811
-1,8.72,54,1.0,4,Gradient boosting tuned,164,0.978696,0.9601494835613474,0.0205945,0.023817623627522756,47.522202529801646,48.602910582205304
16,8.4,54,4.2,4,Gradient boosting tuned,170,1.62867,1.8972518643389835,0.266891,0.26953316773885505,6.102378873772439,5.953313306286523
-5,8.27,61,6.1,4,Gradient boosting tuned,171,0.542528,0.4720368482891583,0.0153641,0.02997731622806483,35.31140776225096,28.98016378477984
13,7.1,54,25.2,4,Gradient boosting tuned,178,1.75159,1.8722828519122185,0.0841026,0.077740702253222,20.826823427575366,22.808619929550968
-1,5.69,54,1.0,4,Gradient boosting tuned,186,0.62302,0.4967821058574812,0.0121196,0.0157528932630161,51.40598699627051,36.89757408250264
-1,1.68,52,1.0,4,Gradient boosting tuned,197,0.109556,0.12039401871288731,0.0066183,0.0075793649843017286,16.553495610655304,13.882079921538162
2,8.21,50,3.1,4,Gradient boosting tuned,200,1.23402,1.2682106915729532,0.0245832,0.02515274899129768,50.19769598750366,49.79897447581686
2,6.22,57,1.0,4,Gradient boosting tuned,206,1.05519,1.0092845451488366,0.0216607,0.01951936005292116,48.714492144759866,50.41546280158265
1,1.63,63,1.8,4,Gradient boosting tuned,213,0.348338,0.35725753479867456,0.00762858,0.00779352452993374,45.6622333383146,45.47909951548125
12,5.81,61,25.3,4,Gradient boosting tuned,215,1.67189,1.5689106405979498,0.0695401,0.0671762021984106,24.042099450532863,24.35830924740605
20,8.49,35,17.3,4,Gradient boosting tuned,216,1.87813,1.979635109348315,0.17841,0.16662140689914576,10.527044448181156,11.725098390960344
11,8.45,30,12.3,4,Gradient boosting tuned,221,2.01132,1.9998601143169148,0.0674765,0.06947581390019059,29.807710832660263,30.49171967393826
9,7.18,59,17.4,4,Gradient boosting tuned,224,1.77969,1.7737816406364162,0.057389,0.056022256642931575,31.010995138441164,31.180990843997368
-1,4.82,77,7.9,4,Gradient boosting tuned,226,0.74269,0.5057166665705509,0.015682,0.026393540642556758,47.359392934574664,34.18354666848026
9,6.92,63,16.2,4,Gradient boosting tuned,230,1.82771,1.7463320872004084,0.0589714,0.058426374934191616,30.99315939591056,32.28731530508256
1,7.18,61,17.2,4,Gradient boosting tuned,232,1.05387,1.0762668943616485,0.0262557,0.02002246638048206,40.138712736662896,39.39110366098241
19,9.5,53,1.0,4,Gradient boosting tuned,233,1.40356,1.4567925109760511,0.407671,0.4203446213065418,3.4428742785236133,3.425696313153499
0,5.81,52,1.0,4,Gradient boosting tuned,240,0.727518,0.6477801950715836,0.0121709,0.016323157550107013,59.77520150522969,54.689858267863805
-4,7.89,36,8.1,4,Gradient boosting tuned,242,0.42612,0.332201082880757,0.0142798,0.032702750802219446,29.840754072185884,25.156043806142037
9,7.8,40,12.9,4,Gradient boosting tuned,254,1.87131,1.8824439204431747,0.0560841,0.05403014606403181,33.366141205796296,33.162305529595535
0,1.94,64,1.5,4,Gradient boosting tuned,256,0.28612,0.2169781608984133,0.0068949,0.008209314959389447,41.497338612597716,40.417342254371555
-4,8.1,84,3.7,4,Gradient boosting tuned,258,0.689372,0.5074610967933847,0.0294113,0.047845912722701424,23.439018336489713,24.80962629611974
5,2.76,32,15.5,4,Gradient boosting tuned,260,0.893705,0.9006599442070194,0.0201757,0.019011641000762167,44.29610868520051,44.18743539175048
5,7.2,60,1.4,4,Gradient boosting tuned,267,1.42017,1.458081557978951,0.055471,0.044449047973071816,25.602026284004253,29.1604368155112
3,4.0,46,1.8,4,Gradient boosting tuned,279,0.812086,0.74425668070403,0.0166023,0.018834932532862017,48.91406612336845,52.58368975440657
11,8.45,44,12.3,4,Gradient boosting tuned,282,2.08341,2.053010790442945,0.0709136,0.06688605607340117,29.37955483856412,30.35455797076735
0,0.16,36,1.0,4,Gradient boosting tuned,283,0.0221941,0.0148854895013472,0.00574039,0.005990616053732389,3.866305251036951,-0.9752759365004156
19,8.03,44,10.4,4,Gradient boosting tuned,285,1.78865,1.908139822513596,0.183358,0.1824502973780419,9.754960241712935,13.296845437652033
4,8.39,55,13.8,4,Gradient boosting tuned,288,1.50033,1.521490518971754,0.0391947,0.037514457336730714,38.27889995331002,38.69231653981225
0,0.13,67,1.0,4,Gradient boosting tuned,292,0.0171637,0.03000863124697625,0.00572996,0.011593788787152145,2.995431032677366,1.1885323666073042
8,0.72,19,1.0,4,Gradient boosting tuned,300,0.856368,0.9456468451652571,0.110389,0.10844127283099632,7.75772948391597,5.269755487344791
2,7.4,64,28.3,4,Gradient boosting tuned,314,0.911239,0.9533458808160213,0.0330158,0.021391770839964686,27.60008844250329,28.638711521915884
6,8.61,51,12.0,4,Gradient boosting tuned,325,1.72468,1.7257040352360886,0.0472606,0.04603564396435792,36.49297723685269,37.19145676756426
8,7.81,39,12.9,4,Gradient boosting tuned,326,1.75065,1.815851081129151,0.0500126,0.052904145774632094,35.004178946905384,33.29991211300713
1,2.39,42,16.8,4,Gradient boosting tuned,327,0.410181,0.44277655411592565,0.0121753,0.008306207250546907,33.68960107759152,41.191525786738694
-2,1.27,61,1.3,4,Gradient boosting tuned,336,-0.0359703,-0.05116448436707868,0.00910022,0.009466395563957501,-3.9526846603708483,0.5784837905961213
5,4.44,42,4.0,4,Gradient boosting tuned,337,1.08032,1.0813733492800448,0.0218078,0.026318523356694993,49.53823861187281,45.30212037249636
6,8.45,45,12.3,4,Gradient boosting tuned,346,1.66291,1.6977010537212545,0.0448073,0.044999408991675205,37.11247943973415,37.82068095906416
2,7.44,53,14.3,4,Gradient boosting tuned,357,1.16759,1.1364327990164769,0.0273572,0.022043313149142645,42.67944087845247,42.122536195824196
4,8.57,45,11.8,4,Gradient boosting tuned,365,1.47513,1.5070127930608064,0.0362361,0.03642003016418911,40.7088511180839,40.3978089213138
-1,4.84,43,1.0,4,Gradient boosting tuned,373,0.452395,0.39435998610633555,0.0125509,0.012334462610917038,36.04482547068338,34.658117525704384
0,4.16,80,11.7,4,Gradient boosting tuned,374,0.763388,0.5417249942480057,0.0171329,0.025812138920312915,44.55684676849803,34.90810044688392
14,8.48,50,11.2,4,Gradient boosting tuned,376,2.19315,2.1734326623017353,0.0938939,0.09363510800908179,23.35774741490129,22.891790326621337
7,8.46,52,11.4,4,Gradient boosting tuned,384,1.81011,1.7991070716110786,0.0513214,0.05147594474068576,35.27008226587739,35.350670248398686
0,0.1,37,1.0,4,Gradient boosting tuned,388,0.0215662,0.02008137448033286,0.00571571,0.00586173150053272,3.7731445437224775,0.2504176871463019
1,5.66,53,1.0,4,Gradient boosting tuned,393,0.846933,0.8575044438643286,0.0141658,0.016886052337499676,59.7871634499993,54.84135687505956
16,8.73,49,17.6,4,Gradient boosting tuned,397,2.08528,2.146223769903123,0.118106,0.11521690216435078,17.65600392867424,18.613466221384076
2,5.41,39,8.1,4,Gradient boosting tuned,398,0.863299,0.9145262384892882,0.0166435,0.018605024517398205,51.870039354703046,52.71714277241369
19,3.94,49,17.2,4,Gradient boosting tuned,404,1.66966,1.5692075558107272,0.132308,0.1375887786712113,12.6194939081537,13.43837828765891
-2,2.07,90,38.9,4,Gradient boosting tuned,407,-0.153932,0.026636751287840755,0.0224664,0.03414738782770449,-6.851654025567069,-6.607116787765282
4,8.64,53,9.6,4,Gradient boosting tuned,409,1.55751,1.5267679211168792,0.0384698,0.03712131686574023,40.48656348616317,40.14093812695724
8,8.13,46,11.8,4,Gradient boosting tuned,411,1.8339,1.855717660586626,0.0531205,0.052611241325198815,34.52339492286406,33.02849442461905
1,8.68,46,1.0,4,Gradient boosting tuned,417,1.1517,1.1852086710610286,0.0214688,0.024379438641180834,53.645289909077356,54.2832919221586
1,3.57,37,1.0,4,Gradient boosting tuned,429,0.51411,0.5458947472972071,0.00882626,0.008436821100094447,58.2477742554604,52.28461597094136
0,8.72,53,17.2,4,Gradient boosting tuned,431,1.05685,1.03239541134027,0.0266874,0.027066712200575622,39.601085156290985,39.1699341488358
19,8.72,53,2.6,4,Gradient boosting tuned,440,1.32096,1.405097460310253,0.38962,0.35511624359485267,3.390380370617524,2.1640712134529583
1,4.07,46,17.2,4,Gradient boosting tuned,441,0.604444,0.59154707740294,0.0150896,0.010905317210468005,40.05699289576927,42.18767776841408
0,6.33,46,1.0,4,Gradient boosting tuned,444,0.753674,0.7844558457250179,0.0130831,0.016125420737984654,57.60668343129686,56.258494403703736
0,0.73,37,1.6,4,Gradient boosting tuned,455,0.0839934,0.09058474877887357,0.006065,0.006688767812081575,13.848870568837592,16.572942415992753
12,8.68,48,11.9,4,Gradient boosting tuned,456,2.15947,2.1475043054783685,0.0784157,0.07552962001917939,27.538745429805505,26.748274821020566
24,8.85,56,12.3,4,Gradient boosting tuned,461,1.59524,1.9124981756628396,0.340131,0.2756132967065692,4.690075294518876,10.049588966305299
13,8.54,37,1.0,4,Gradient boosting tuned,467,1.42758,1.5598638131940334,0.178919,0.21573886370064382,7.978917834327266,9.861818885305649
25,7.77,49,25.8,5,Polynomial ridge tuned,1,1.80218,1.7016033830152109,0.250152,0.21874218793947175,7.204339761425054,5.9621183441980286
17,7.23,49,1.0,5,Polynomial ridge tuned,13,1.32407,1.5501118264410894,0.343719,0.3054618393453049,3.8521873972634624,11.095108189017855
2,9.5,66,23.8,5,Polynomial ridge tuned,20,1.18986,1.2105908766680058,0.0436753,0.04250875204789375,27.243316016146423,26.675577567471024
18,0.31,53,15.2,5,Polynomial ridge tuned,21,1.11019,1.1974290001739993,0.140492,0.1344145377056466,7.902158130000284,10.00781311472736
25,3.84,49,25.8,5,Polynomial ridge tuned,34,1.45589,1.4595863155899165,0.227898,0.199261531294896,6.388340397897305,7.120089440603039
-1,3.23,42,21.8,5,Polynomial ridge tuned,43,0.246704,0.2854369187191952,0.0129411,0.016001665054274708,19.063603557657387,31.268274385665695
-2,2.03,25,15.1,5,Polynomial ridge tuned,48,-0.0188396,0.06549695847632009,0.0100144,0.011284977892958167,-1.881250998562071,20.4359571594145
7,2.28,61,12.5,5,Polynomial ridge tuned,49,1.12776,1.0693173087933412,0.0257087,0.028714943963114914,43.866862190620296,37.505720457804436
5,5.8,49,11.6,5,Polynomial ridge tuned,50,1.2961,1.2814745185620158,0.0294538,0.023093271157525526,44.004508756085805,42.42717959054909
3,4.25,53,4.7,5,Polynomial ridge tuned,52,0.905223,0.876801815109845,0.0167002,0.022332642168639297,54.204320906336456,45.311331193547566
11,4.28,27,24.3,5,Polynomial ridge tuned,53,1.44576,1.3329600733880016,0.0506677,0.04928480180112132,28.534154895525155,25.1939810670995
13,2.26,35,9.1,5,Polynomial ridge tuned,54,1.28623,1.3321422921059427,0.0865804,0.10118810093126857,14.855902721632146,28.787577520627313
24,7.31,75,23.6,5,Polynomial ridge tuned,58,1.94669,2.0194257273672074,0.248802,0.22797969389041223,7.8242538243261714,12.194161648636733
7,8.72,61,17.0,5,Polynomial ridge tuned,71,1.74583,1.7943568540558181,0.0577905,0.039729494261732154,30.209636531955944,31.89047906956015
5,8.72,43,19.7,5,Polynomial ridge tuned,80,1.47069,1.5324655970227492,0.0438094,0.03200919164614944,33.57019269837067,33.47582571527842
9,7.18,56,17.4,5,Polynomial ridge tuned,87,1.76656,1.760402573990813,0.0572127,0.04469349366907768,30.877060512788244,31.763207245620563
5,8.72,61,12.5,5,Polynomial ridge tuned,88,1.674,1.677928327718457,0.0471875,0.031665886594409345,35.47549668874172,36.94140999310992
13,7.1,54,17.0,5,Polynomial ridge tuned,91,2.0143,1.9790562630740913,0.0793491,0.07526180304842323,25.385291074504938,25.782389589964545
8,6.94,55,17.4,5,Polynomial ridge tuned,99,1.69081,1.6555870526545644,0.0514147,0.038304337835475724,32.88573112358917,33.52288299252383
7,2.03,60,11.0,5,Polynomial ridge tuned,102,1.08703,1.0289545617945157,0.0241761,0.030415105201311833,44.96300064940168,36.81302878256896
-1,6.08,12,1.0,5,Polynomial ridge tuned,105,0.343141,0.4475932640473045,0.0310872,0.033526136612272314,11.038015646311022,24.077262195775845
-1,6.21,50,1.0,5,Polynomial ridge tuned,106,0.652326,0.6149953907654143,0.014066,0.01858338511658448,46.37608417460543,43.24111085375987
4,0.37,61,17.1,5,Polynomial ridge tuned,121,0.520194,0.46741000541258126,0.0140283,0.017017742209379398,37.08175616432497,23.704334233311698
12,4.07,72,32.5,5,Polynomial ridge tuned,130,1.38015,1.3478978453858925,0.0625273,0.097507829402741,22.072758619035206,13.780997307091427
1,5.66,46,1.0,5,Polynomial ridge tuned,134,0.792062,0.7309800658111196,0.0130963,0.025445649710374073,60.4798301810435,44.20033020968207
3,8.72,49,16.9,5,Polynomial ridge tuned,149,1.32677,1.4236194606415358,0.0357484,0.02595256669195639,37.11410860346197,36.999964888721415
25,8.72,53,17.2,5,Polynomial ridge tuned,151,1.84382,1.799483012966061,0.276791,0.2756038169465016,6.661416014249018,4.470353421353696
2,6.02,27,5.3,5,Polynomial ridge tuned,160,0.874757,0.8729736074838992,0.0161241,0.025831741102765274,54.2515241160747,38.38058266445936
1,1.67,46,1.0,5,Polynomial ridge tuned,161,0.322618,0.30612040678213415,0.00709003,0.011940934057680076,45.50305146804739,29.910324755091377
1,7.18,61,1.0,5,Polynomial ridge tuned,166,1.11893,0.9886569151311589,0.0211533,0.03362918712343835,52.89623841197354,42.59230343447452
5,6.98,58,16.2,5,Polynomial ridge tuned,169,1.43804,1.4260781728968428,0.0378906,0.02755857743175072,37.95242091706122,37.2874557630122
1,6.59,45,5.2,5,Polynomial ridge tuned,174,0.913175,0.9261042876595174,0.0169531,0.01882750998205386,53.864779892762975,44.34929110506585
7,4.94,46,1.1,5,Polynomial ridge tuned,187,1.19783,1.1606684385006698,0.071414,0.08158098339142476,16.7730417005069,40.90778845024846
19,1.63,63,1.0,5,Polynomial ridge tuned,188,1.03001,1.0679463776761249,0.346346,0.3413480610636625,2.9739335808699976,-0.47427203751384184
1,8.72,53,17.2,5,Polynomial ridge tuned,189,1.16709,1.2262516718777456,0.0299441,0.027070580752033307,38.97562458046827,36.86822142421453
12,8.46,46,12.2,5,Polynomial ridge tuned,190,2.13212,2.0268914885961644,0.0769025,0.08106327671299471,27.724976431195344,27.84682886829016
-11,7.18,61,12.2,5,Polynomial ridge tuned,191,-0.257288,-0.23044320727706324,0.0520505,0.0839033561191233,-4.943045696006763,14.319444643466028
12,6.82,58,16.4,5,Polynomial ridge tuned,201,1.98633,1.9317930924272346,0.07232,0.06780980800730085,27.465846238938052,28.4552654770753
11,8.45,45,12.3,5,Polynomial ridge tuned,205,2.08709,1.981722091405907,0.0702122,0.06950719998115011,29.72546081735083,29.798838359966474
-1,3.5,52,1.0,5,Polynomial ridge tuned,207,0.32375,0.3174331604407,0.0085267,0.00921925602051913,37.96896806501929,38.58666267962684
22,1.68,52,19.7,5,Polynomial ridge tuned,212,1.30955,1.3781257182268554,0.186756,0.1703283361321864,7.012090642335454,9.593596394353721
12,8.32,42,12.3,5,Polynomial ridge tuned,214,2.12076,1.9871824007218708,0.074703,0.07974779644151898,28.389221316412996,27.593316669061046
11,7.2,58,17.4,5,Polynomial ridge tuned,217,1.91668,1.9037850531033713,0.0684149,0.05924057945676217,28.01553462769075,28.697553994946478
3,1.58,70,1.4,5,Polynomial ridge tuned,235,0.576638,0.5619090154618743,0.020623,0.03793774883851811,27.960917422295495,25.40814748836041
10,5.69,58,16.4,5,Polynomial ridge tuned,236,1.76734,1.6978985958528459,0.0540612,0.04847080031328645,32.691468187905556,33.816578522807376
-12,5.66,78,1.0,5,Polynomial ridge tuned,241,-0.247166,-0.5281960795190619,0.133142,0.07759332030844764,-1.8564089468387135,-6.347824343306293
1,5.66,46,7.7,5,Polynomial ridge tuned,243,0.820872,0.8421086215833653,0.0158309,0.013873815167610541,51.85251628144958,44.45504192444106
1,1.38,64,1.0,5,Polynomial ridge tuned,251,0.309859,0.31999331570429446,0.0074663,0.019841303566425557,41.501011210371935,24.1374138961798
9,8.26,46,12.0,5,Polynomial ridge tuned,252,1.90781,1.8612303774663288,0.0586198,0.051822628673942314,32.545488043289126,33.73481969676702
7,8.72,22,27.8,5,Polynomial ridge tuned,257,1.28728,1.3351388886496798,0.0535898,0.056129542954735545,24.020989068815332,24.641354092070316
2,8.72,49,3.1,5,Polynomial ridge tuned,259,1.2923,1.2972285455741563,0.0264514,0.031528569136499165,48.85563713073788,43.216441405278474
9,8.78,41,11.1,5,Polynomial ridge tuned,263,1.96688,1.8970535926141519,0.0597739,0.05468819783548087,32.905331591212885,33.67020532530058
8,7.31,61,1.0,5,Polynomial ridge tuned,264,1.46429,1.5401561800886192,0.107056,0.10760792713676892,13.67779479898371,35.95145355844177
-1,5.34,37,1.4,5,Polynomial ridge tuned,269,0.454719,0.4582383422061327,0.0163736,0.015711744761410587,27.771473591635317,39.70730484183239
1,7.18,61,1.3,5,Polynomial ridge tuned,270,1.10711,0.9962037235201265,0.0208101,0.03263217659091923,53.20060931951312,42.71323831073673
1,8.72,46,11.6,5,Polynomial ridge tuned,273,1.17852,1.2847924881367498,0.0266252,0.020419051667706183,44.26332947733726,41.269345181873426
3,0.12,62,1.0,5,Polynomial ridge tuned,276,0.348145,0.3166351431692753,0.018235,0.03227434279400216,19.092130518234164,11.172320208470484
19,8.72,53,17.6,5,Polynomial ridge tuned,293,2.18541,2.170551531288056,0.145798,0.15521132803953205,14.98930026474986,13.445152556280386
19,8.68,53,17.1,5,Polynomial ridge tuned,295,2.18659,2.167384382825513,0.146916,0.15764255764343632,14.883266628549647,13.420351257342949
5,8.75,49,11.5,5,Polynomial ridge tuned,303,1.63547,1.6546208113083296,0.0428454,0.028842576245811567,38.171425637291286,39.21345790364544
1,2.18,46,1.0,5,Polynomial ridge tuned,306,0.378754,0.3617619752584492,0.00754621,0.01339685552072082,50.191288077061195,33.81288814774898
1,9.5,76,9.2,5,Polynomial ridge tuned,308,1.35551,1.431897285544576,0.04386,0.03284391322908288,30.905380756953942,31.399487449680862
18,7.31,55,14.8,5,Polynomial ridge tuned,309,2.04413,2.0867107331179158,0.133081,0.15056740516462291,15.36004388304867,16.395413618661244
-2,1.56,62,1.4,5,Polynomial ridge tuned,313,0.00410119,0.02839452396171116,0.00891283,0.005879194365244103,0.46014453321784443,21.481351400389844
2,2.45,49,1.3,5,Polynomial ridge tuned,315,0.522509,0.5063386660071789,0.0106871,0.02039707187175665,48.891560853739556,37.032507344492004
17,8.46,48,11.6,5,Polynomial ridge tuned,319,2.09337,2.0873745066382505,0.129532,0.15951552833250587,16.161025846894976,16.5584196404622
9,8.5,42,17.2,5,Polynomial ridge tuned,328,1.81842,1.8457995871654904,0.0601523,0.0441602756099088,30.23026550938202,30.65324828793633
13,8.54,49,11.6,5,Polynomial ridge tuned,330,2.19955,2.078262681366909,0.0846321,0.09738931683093525,25.98954770116776,25.91421434105793
-1,1.32,61,1.1,5,Polynomial ridge tuned,339,0.0703571,0.09843961741512164,0.00627539,0.007673072006991868,11.211590036635174,21.25450945552514
14,8.72,49,1.0,5,Polynomial ridge tuned,343,1.55778,1.7309763165307432,0.258952,0.22977719027478866,6.015709475115079,18.94394621370997
14,8.45,49,11.6,5,Polynomial ridge tuned,344,2.20011,2.090358587031896,0.0926023,0.11101188149282902,23.758697138192034,23.73474470312945
7,8.72,45,12.3,5,Polynomial ridge tuned,345,1.79553,1.7880166191300377,0.0510245,0.03746398918942804,35.189565796823096,36.49317255764161
23,3.54,8,2.9,5,Polynomial ridge tuned,348,1.08024,0.7135274365333566,0.419936,0.4713968195896422,2.5723919835403493,-10.826547997770795
15,8.7,49,11.6,5,Polynomial ridge tuned,350,2.21033,2.125607331620004,0.103571,0.12666376348197972,21.341205549816067,21.34253574351087
12,4.53,86,1.0,5,Polynomial ridge tuned,359,1.32434,1.582100248730965,0.25358,0.18632630550529009,5.222572758103951,22.303902429195922
0,0.72,38,1.9,5,Polynomial ridge tuned,363,0.0808867,0.09661964629315922,0.00613283,0.001535908506651723,13.189131281969336,18.255577597885225
4,8.72,45,12.3,5,Polynomial ridge tuned,366,1.4776,1.5542356551477112,0.0368147,0.02457536759119667,40.13614126965587,39.69388430974938
7,8.72,45,12.2,5,Polynomial ridge tuned,372,1.78788,1.787997532497702,0.0505311,0.03762259691112347,35.38177478819974,36.54125822622592
2,2.59,46,1.7,5,Polynomial ridge tuned,385,0.541264,0.5177390648995418,0.0101902,0.019130585962328805,53.11613118486389,37.88836037131157
5,8.68,47,10.8,5,Polynomial ridge tuned,387,1.61863,1.6374998454600673,0.0416814,0.029331640889319416,38.83338851382151,39.609239131910726
7,8.92,46,11.9,5,Polynomial ridge tuned,389,1.81499,1.8193119582215287,0.0514246,0.03837792894912419,35.2941977186016,36.71125549348983
22,8.83,69,22.6,5,Polynomial ridge tuned,413,2.19802,2.15709822632787,0.201218,0.1999557603484245,10.923575425657745,12.10029811674602
20,8.71,54,17.3,5,Polynomial ridge tuned,424,2.15826,2.148585803120469,0.166241,0.17408532614128053,12.982717861418061,11.869628337485057
3,0.67,36,1.9,5,Polynomial ridge tuned,435,0.411105,0.3881966660583487,0.0139375,0.022635682407162183,29.496322869955158,22.394929331167774
0,2.02,49,1.0,5,Polynomial ridge tuned,438,0.253394,0.25050194629139344,0.00658393,0.007694496657937963,38.48673968283381,31.395198524076278
14,0.0,46,11.6,5,Polynomial ridge tuned,439,0.926928,1.076275751324835,0.0959967,0.09766381116756336,9.655831919222223,15.77270913800409
10,9.5,24,6.2,5,Polynomial ridge tuned,443,2.07014,1.8557379868377302,0.0631734,0.09253730506949966,32.76917183498117,31.068953454086234
0,0.0,46,39.4,5,Polynomial ridge tuned,453,0.000340576,0.01212514986629687,0.0222246,-0.04406778695830628,0.015324280302007684,10.531024658582513
15,8.47,49,11.6,5,Polynomial ridge tuned,458,2.1793,2.1039684121923443,0.10294,0.12609062665673834,21.170584806683504,21.421497914813635
14,8.25,55,15.9,5,Polynomial ridge tuned,460,2.14211,2.1316146761062233,0.094717,0.09247202537668633,22.61589788527931,23.05920568817452
0,0.52,37,1.0,5,Polynomial ridge tuned,462,0.0476311,0.06464495233666057,0.00581769,0.002819170234763857,8.187287394137536,14.642015004330252
8,8.5,55,9.8,5,Polynomial ridge tuned,466,1.93021,1.8556443861021146,0.057028,0.05272742795279088,33.84670688083047,35.757125701228134
0,0.62,35,1.2,5,Polynomial ridge tuned,468,0.0770119,0.07675480761271758,0.00588426,0.002991650290492656,13.087779941742888,15.474141735689244
9,8.37,40,11.1,5,Polynomial ridge tuned,472,1.91387,1.8386194207924302,0.0569688,0.05431694473672331,33.59505553917232,33.57004361739219
18,9.01,69,18.4,5,Polynomial ridge tuned,476,2.36007,2.30273603728261,0.141776,0.14986035350532684,16.646470488658164,15.690240291628736
3,4.91,49,7.3,5,Polynomial ridge tuned,479,0.974157,0.9653018633570076,0.019166,0.018015903209813812,50.82735051653971,45.46668111797527
25,7.77,49,25.8,5,Random forest tuned,1,1.80218,1.6351133066666697,0.250152,0.24853772199999918,7.204339761425054,6.8770919384562434
17,7.23,49,1.0,5,Random forest tuned,13,1.32407,1.3576690533333318,0.343719,0.3249091266666671,3.8521873972634624,4.774406527377461
2,9.5,66,23.8,5,Random forest tuned,20,1.18986,1.0224139566666657,0.0436753,0.036302860333333256,27.243316016146423,28.45966998102975
18,0.31,53,15.2,5,Random forest tuned,21,1.11019,1.2399668349999953,0.140492,0.1340480669333332,7.902158130000284,10.143785378845317
25,3.84,49,25.8,5,Random forest tuned,34,1.45589,1.432828749999996,0.227898,0.2265210820000003,6.388340397897305,6.643754938396882
-1,3.23,42,21.8,5,Random forest tuned,43,0.246704,0.3052488480000004,0.0129411,0.01458152916666662,19.063603557657387,21.095628842558373
-2,2.03,25,15.1,5,Random forest tuned,48,-0.0188396,0.007206102144444446,0.0100144,0.01721891564000001,-1.881250998562071,2.293353023743256
7,2.28,61,12.5,5,Random forest tuned,49,1.12776,1.0555999522560213,0.0257087,0.025541825300672692,43.866862190620296,43.45116084588972
5,5.8,49,11.6,5,Random forest tuned,50,1.2961,1.1396530770918796,0.0294538,0.026723313789977592,44.004508756085805,43.103006958056255
3,4.25,53,4.7,5,Random forest tuned,52,0.905223,0.9614539291087687,0.0167002,0.019011026468783037,54.204320906336456,51.60606123236351
11,4.28,27,24.3,5,Random forest tuned,53,1.44576,1.476098182333334,0.0506677,0.05871393666666676,28.534154895525155,26.058889491670893
13,2.26,35,9.1,5,Random forest tuned,54,1.28623,1.6801346533333312,0.0865804,0.09569568699999993,14.855902721632146,21.62214245271977
24,7.31,75,23.6,5,Random forest tuned,58,1.94669,1.7866039733333325,0.248802,0.24743186133333253,7.8242538243261714,7.590266348677863
7,8.72,61,17.0,5,Random forest tuned,71,1.74583,1.6296276361111128,0.0577905,0.049712843477777914,30.209636531955944,33.16044904018634
5,8.72,43,19.7,5,Random forest tuned,80,1.47069,1.3713095297619065,0.0438094,0.04048255582142852,33.57019269837067,33.73645262871314
9,7.18,56,17.4,5,Random forest tuned,87,1.76656,1.7566870114285753,0.0572127,0.05774427176984144,30.877060512788244,30.99179675299112
5,8.72,61,12.5,5,Random forest tuned,88,1.674,1.584414035132273,0.0471875,0.04416570301415354,35.47549668874172,36.31614501702684
13,7.1,54,17.0,5,Random forest tuned,91,2.0143,1.991317552380952,0.0793491,0.08198483614285722,25.385291074504938,24.384592783221485
8,6.94,55,17.4,5,Random forest tuned,99,1.69081,1.6583829012576354,0.0514147,0.05092976545274735,32.88573112358917,33.2816599205544
7,2.03,60,11.0,5,Random forest tuned,102,1.08703,0.9800483664226891,0.0241761,0.023743559153053605,44.96300064940168,42.712474464377735
-1,6.08,12,1.0,5,Random forest tuned,105,0.343141,0.4427692078888894,0.0310872,0.025221613588888924,11.038015646311022,29.048653973295803
-1,6.21,50,1.0,5,Random forest tuned,106,0.652326,0.6635920658253972,0.014066,0.014846418772539676,46.37608417460543,45.44641778555142
4,0.37,61,17.1,5,Random forest tuned,121,0.520194,0.39531864160000096,0.0140283,0.021547976933333355,37.08175616432497,25.68878760602475
12,4.07,72,32.5,5,Random forest tuned,130,1.38015,1.2763385933333347,0.0625273,0.07335392333333325,22.072758619035206,19.22715839802263
1,5.66,46,1.0,5,Random forest tuned,134,0.792062,0.78420144331675,0.0130963,0.013384729644755759,60.4798301810435,58.73218393838196
3,8.72,49,16.9,5,Random forest tuned,149,1.32677,1.3201235526388884,0.0357484,0.03425751834722227,37.11410860346197,39.00044805043279
25,8.72,53,17.2,5,Random forest tuned,151,1.84382,1.8480774466666647,0.276791,0.23817252999999922,6.661416014249018,8.862851713321236
2,6.02,27,5.3,5,Random forest tuned,160,0.874757,0.8861356516000469,0.0161241,0.017959324229009112,54.2515241160747,50.53727797824338
1,1.67,46,1.0,5,Random forest tuned,161,0.322618,0.34772900222222175,0.00709003,0.007909666016666676,45.50305146804739,44.01476499109125
1,7.18,61,1.0,5,Random forest tuned,166,1.11893,1.0852008953769834,0.0211533,0.02259473952420635,52.89623841197354,50.98436183390005
5,6.98,58,16.2,5,Random forest tuned,169,1.43804,1.4230692444322315,0.0378906,0.038585402097720795,37.95242091706122,37.54925152756378
1,6.59,45,5.2,5,Random forest tuned,174,0.913175,0.8135642390940451,0.0169531,0.015835537255021542,53.864779892762975,52.76795550716838
7,4.94,46,1.1,5,Random forest tuned,187,1.19783,1.1266016866666653,0.071414,0.04247539197777777,16.7730417005069,33.306938071150476
19,1.63,63,1.0,5,Random forest tuned,188,1.03001,1.238992340000001,0.346346,0.35235270999999957,2.9739335808699976,4.115175175194232
1,8.72,53,17.2,5,Random forest tuned,189,1.16709,1.1098436959722213,0.0299441,0.028295776180555617,38.97562458046827,39.61178695930892
12,8.46,46,12.2,5,Random forest tuned,190,2.13212,2.124971872222223,0.0769025,0.0759634854111112,27.724976431195344,28.035021580521317
-11,7.18,61,12.2,5,Random forest tuned,191,-0.257288,-0.08565876800000001,0.0520505,0.075552976666667,-4.943045696006763,-1.8930001505463774
12,6.82,58,16.4,5,Random forest tuned,201,1.98633,1.9595019916666694,0.07232,0.07207980547222209,27.465846238938052,27.333955564074078
11,8.45,45,12.3,5,Random forest tuned,205,2.08709,2.055966984722222,0.0702122,0.06999159948148156,29.72546081735083,29.37616226594939
-1,3.5,52,1.0,5,Random forest tuned,207,0.32375,0.45362846089316233,0.0085267,0.01240006028444443,37.96896806501929,37.83005930344577
22,1.68,52,19.7,5,Random forest tuned,212,1.30955,1.5225889433333306,0.186756,0.18475709900000023,7.012090642335454,8.706789785282494
12,8.32,42,12.3,5,Random forest tuned,214,2.12076,2.105385249999999,0.074703,0.07458327213333356,28.389221316412996,28.32837413356035
11,7.2,58,17.4,5,Random forest tuned,217,1.91668,1.91967301513227,0.0684149,0.06849748677539681,28.01553462769075,28.03700914641664
3,1.58,70,1.4,5,Random forest tuned,235,0.576638,0.5364172506666671,0.020623,0.017199712883333298,27.960917422295495,39.8763614322905
10,5.69,58,16.4,5,Random forest tuned,236,1.76734,1.7956969914285719,0.0540612,0.06393858538095208,32.691468187905556,29.996153589727953
-12,5.66,78,1.0,5,Random forest tuned,241,-0.247166,-0.18123534416666692,0.133142,0.07817803506666676,-1.8564089468387135,-2.0475890477626897
1,5.66,46,7.7,5,Random forest tuned,243,0.820872,0.7885923160742053,0.0158309,0.015455422027111464,51.85251628144958,51.45761953421906
1,1.38,64,1.0,5,Random forest tuned,251,0.309859,0.33551050070370336,0.0074663,0.01154682519259257,41.501011210371935,38.161103987791336
9,8.26,46,12.0,5,Random forest tuned,252,1.90781,1.9122491853571448,0.0586198,0.0585693834354498,32.545488043289126,32.86184881666515
7,8.72,22,27.8,5,Random forest tuned,257,1.28728,1.0955801033333359,0.0535898,0.04397080133333337,24.020989068815332,24.953084402022373
2,8.72,49,3.1,5,Random forest tuned,259,1.2923,1.1847367729907377,0.0264514,0.024344757972883647,48.85563713073788,49.09945646570021
9,8.78,41,11.1,5,Random forest tuned,263,1.96688,1.9262706506349248,0.0597739,0.058345159842857264,32.905331591212885,33.115528234779084
8,7.31,61,1.0,5,Random forest tuned,264,1.46429,1.3645254133333313,0.107056,0.0743806366666668,13.67779479898371,23.640033017167518
-1,5.34,37,1.4,5,Random forest tuned,269,0.454719,0.4956406972222241,0.0163736,0.015128812566666637,27.771473591635317,33.70077664743064
1,7.18,61,1.3,5,Random forest tuned,270,1.10711,1.0868817311375647,0.0208101,0.021852108161243392,53.20060931951312,51.11812406440979
1,8.72,46,11.6,5,Random forest tuned,273,1.17852,1.1334011833333315,0.0266252,0.027213045722222263,44.26332947733726,42.80238414440749
3,0.12,62,1.0,5,Random forest tuned,276,0.348145,0.3739344536666656,0.018235,0.031883055933333355,19.092130518234164,15.675418098377964
19,8.72,53,17.6,5,Random forest tuned,293,2.18541,2.203878963888892,0.145798,0.14616561888888843,14.98930026474986,15.088057655317268
19,8.68,53,17.1,5,Random forest tuned,295,2.18659,2.1877625166666723,0.146916,0.14750895633333297,14.883266628549647,14.852541950573832
5,8.75,49,11.5,5,Random forest tuned,303,1.63547,1.617163612954542,0.0428454,0.04298311592671972,38.171425637291286,37.75351045054485
1,2.18,46,1.0,5,Random forest tuned,306,0.378754,0.40436404177777663,0.00754621,0.008920729542962963,50.191288077061195,46.36458364520679
1,9.5,76,9.2,5,Random forest tuned,308,1.35551,1.105951078333333,0.04386,0.030119719288888878,30.905380756953942,40.618056452614006
18,7.31,55,14.8,5,Random forest tuned,309,2.04413,1.9888392999999982,0.133081,0.14361778933333347,15.36004388304867,14.14304778132611
-2,1.56,62,1.4,5,Random forest tuned,313,0.00410119,0.01847647233333336,0.00891283,0.012736731266666686,0.46014453321784443,5.90917928559079
2,2.45,49,1.3,5,Random forest tuned,315,0.522509,0.5187574151587308,0.0106871,0.012051333286296284,48.891560853739556,45.39113248707213
17,8.46,48,11.6,5,Random forest tuned,319,2.09337,1.9638964733333326,0.129532,0.1505085506666668,16.161025846894976,14.581067045460623
9,8.5,42,17.2,5,Random forest tuned,328,1.81842,1.844308111111114,0.0601523,0.05895365383333336,30.23026550938202,31.46700915017933
13,8.54,49,11.6,5,Random forest tuned,330,2.19955,2.1665272666666673,0.0846321,0.08561232300000006,25.98954770116776,25.48026982340556
-1,1.32,61,1.1,5,Random forest tuned,339,0.0703571,0.08711702466666692,0.00627539,0.00674949786666667,11.211590036635174,13.140638030991386
14,8.72,49,1.0,5,Random forest tuned,343,1.55778,1.5583376799999986,0.258952,0.2240446736666667,6.015709475115079,8.200999989401158
14,8.45,49,11.6,5,Random forest tuned,344,2.20011,2.182122522222217,0.0926023,0.09299511955555576,23.758697138192034,23.643962405338915
7,8.72,45,12.3,5,Random forest tuned,345,1.79553,1.738461607910054,0.0510245,0.04920071859947104,35.189565796823096,35.65659980269749
23,3.54,8,2.9,5,Random forest tuned,348,1.08024,1.236343449333336,0.419936,0.42946967733333213,2.5723919835403493,3.069117117968416
15,8.7,49,11.6,5,Random forest tuned,350,2.21033,2.1043006288888866,0.103571,0.11394563155555572,21.341205549816067,19.81408696602193
12,4.53,86,1.0,5,Random forest tuned,359,1.32434,1.2991046700000024,0.25358,0.18592755100000066,5.222572758103951,8.510304303467212
0,0.72,38,1.9,5,Random forest tuned,363,0.0808867,0.0843599176333335,0.00613283,0.008140452466666661,13.189131281969336,13.440785257588516
4,8.72,45,12.3,5,Random forest tuned,366,1.4776,1.4598246536507902,0.0368147,0.03681214863492069,40.13614126965587,40.36201507063846
7,8.72,45,12.2,5,Random forest tuned,372,1.78788,1.738621167910054,0.0505311,0.04920430176613771,35.38177478819974,35.65458300484197
2,2.59,46,1.7,5,Random forest tuned,385,0.541264,0.5256029926587305,0.0101902,0.011242736941058203,53.11613118486389,47.30451328040987
5,8.68,47,10.8,5,Random forest tuned,387,1.61863,1.5965952932651621,0.0416814,0.04126921831140637,38.83338851382151,38.82736346183872
7,8.92,46,11.9,5,Random forest tuned,389,1.81499,1.7418946117989431,0.0514246,0.0494143827883599,35.2941977186016,35.57656874778662
22,8.83,69,22.6,5,Random forest tuned,413,2.19802,1.8082534799999992,0.201218,0.21545735099999969,10.923575425657745,9.301466327050088
20,8.71,54,17.3,5,Random forest tuned,424,2.15826,2.0592109333333375,0.166241,0.16834868333333292,12.982717861418061,12.892727096456627
3,0.67,36,1.9,5,Random forest tuned,435,0.411105,0.37741340206666596,0.0139375,0.0229670759,29.496322869955158,25.473871892163114
0,2.02,49,1.0,5,Random forest tuned,438,0.253394,0.3277289667777776,0.00658393,0.008070768601111103,38.48673968283381,40.531606002640274
14,0.0,46,11.6,5,Random forest tuned,439,0.926928,1.1342538696999969,0.0959967,0.09478765170000013,9.655831919222223,13.391030166647791
10,9.5,24,6.2,5,Random forest tuned,443,2.07014,1.849213466666668,0.0631734,0.09584975066666669,32.76917183498117,25.219258081679822
0,0.0,46,39.4,5,Random forest tuned,453,0.000340576,0.10304904553333338,0.0222246,0.011128666399999997,0.015324280302007684,5.663807900714714
15,8.47,49,11.6,5,Random forest tuned,458,2.1793,2.0687121088888856,0.10294,0.114287912888889,21.170584806683504,19.642125324633042
14,8.25,55,15.9,5,Random forest tuned,460,2.14211,2.08755831666667,0.094717,0.09338219391666676,22.61589788527931,22.50699924728492
0,0.52,37,1.0,5,Random forest tuned,462,0.0476311,0.07735560983333344,0.00581769,0.008431672233333324,8.187287394137536,10.36704680791061
8,8.5,55,9.8,5,Random forest tuned,466,1.93021,1.7791890421010896,0.057028,0.0515802240502508,33.84670688083047,34.97566285136791
0,0.62,35,1.2,5,Random forest tuned,468,0.0770119,0.10705589896666685,0.00588426,0.009411938866666669,13.087779941742888,13.131826672860903
9,8.37,40,11.1,5,Random forest tuned,472,1.91387,1.9088736673015858,0.0569688,0.057106629509523874,33.59505553917232,33.46482967999897
18,9.01,69,18.4,5,Random forest tuned,476,2.36007,2.1336200222222184,0.141776,0.14763626222222243,16.646470488658164,14.782187534063539
3,4.91,49,7.3,5,Random forest tuned,479,0.974157,1.062777341645502,0.019166,0.022115232214417947,50.82735051653971,48.7490543350382
25,7.77,49,25.8,5,Gradient boosting tuned,1,1.80218,1.8673155441026132,0.250152,0.2700900049975204,7.204339761425054,7.332960659456327
17,7.23,49,1.0,5,Gradient boosting tuned,13,1.32407,1.347948793131914,0.343719,0.3184634372988451,3.8521873972634624,4.155543370526133
2,9.5,66,23.8,5,Gradient boosting tuned,20,1.18986,1.102154701903866,0.0436753,0.043553091446094094,27.243316016146423,26.157887537809785
18,0.31,53,15.2,5,Gradient boosting tuned,21,1.11019,1.072915444957961,0.140492,0.14372501962776987,7.902158130000284,8.90321175959869
25,3.84,49,25.8,5,Gradient boosting tuned,34,1.45589,1.4196081050728657,0.227898,0.22765107441308477,6.388340397897305,6.288113299902186
-1,3.23,42,21.8,5,Gradient boosting tuned,43,0.246704,0.17261557975570813,0.0129411,0.010881274422131474,19.063603557657387,15.040851947967862
-2,2.03,25,15.1,5,Gradient boosting tuned,48,-0.0188396,-0.13318287283249136,0.0100144,0.008768979180790682,-1.881250998562071,-7.231912056979531
7,2.28,61,12.5,5,Gradient boosting tuned,49,1.12776,1.116595095057737,0.0257087,0.02981020151720828,43.866862190620296,41.482365416759954
5,5.8,49,11.6,5,Gradient boosting tuned,50,1.2961,1.2651622130724873,0.0294538,0.031086958766268238,44.004508756085805,40.812267809961796
3,4.25,53,4.7,5,Gradient boosting tuned,52,0.905223,0.8854545322757537,0.0167002,0.017848624238561313,54.204320906336456,52.779204049628035
11,4.28,27,24.3,5,Gradient boosting tuned,53,1.44576,1.4144761911277055,0.0506677,0.05323600886746829,28.534154895525155,27.0432045493264
13,2.26,35,9.1,5,Gradient boosting tuned,54,1.28623,1.3523734136087808,0.0865804,0.07175867673634852,14.855902721632146,26.32047927473903
24,7.31,75,23.6,5,Gradient boosting tuned,58,1.94669,1.9076788910087776,0.248802,0.26401343414085154,7.8242538243261714,7.123799140978811
7,8.72,61,17.0,5,Gradient boosting tuned,71,1.74583,1.7713756963353675,0.0577905,0.0561703167307674,30.209636531955944,32.18884706484318
5,8.72,43,19.7,5,Gradient boosting tuned,80,1.47069,1.3862287133497908,0.0438094,0.042600559079148524,33.57019269837067,33.27352091217096
9,7.18,56,17.4,5,Gradient boosting tuned,87,1.76656,1.755616438563413,0.0572127,0.05676648374472771,30.877060512788244,31.810673648495374
5,8.72,61,12.5,5,Gradient boosting tuned,88,1.674,1.5840962812782942,0.0471875,0.047888350916254395,35.47549668874172,35.1640728059772
13,7.1,54,17.0,5,Gradient boosting tuned,91,2.0143,1.9601136069716247,0.0793491,0.08166258562469461,25.385291074504938,24.222459446150047
8,6.94,55,17.4,5,Gradient boosting tuned,99,1.69081,1.74268382279388,0.0514147,0.05244223878372015,32.88573112358917,32.62057375841657
7,2.03,60,11.0,5,Gradient boosting tuned,102,1.08703,1.0629613720987525,0.0241761,0.027662174564258464,44.96300064940168,41.89696185787176
-1,6.08,12,1.0,5,Gradient boosting tuned,105,0.343141,0.4507863339127614,0.0310872,0.034307669801601846,11.038015646311022,27.8060399902017
-1,6.21,50,1.0,5,Gradient boosting tuned,106,0.652326,0.6852578171804972,0.014066,0.014972488775149355,46.37608417460543,46.756525840503166
4,0.37,61,17.1,5,Gradient boosting tuned,121,0.520194,0.6309692148555041,0.0140283,0.021127891002211473,37.08175616432497,30.469056484186428
12,4.07,72,32.5,5,Gradient boosting tuned,130,1.38015,1.4126652958861874,0.0625273,0.0648180534282655,22.072758619035206,19.76719255538581
1,5.66,46,1.0,5,Gradient boosting tuned,134,0.792062,0.7600063091775076,0.0130963,0.015646687156120737,60.4798301810435,57.64663405504198
3,8.72,49,16.9,5,Gradient boosting tuned,149,1.32677,1.3051372085915076,0.0357484,0.035848600193892424,37.11410860346197,37.82182061803779
25,8.72,53,17.2,5,Gradient boosting tuned,151,1.84382,1.9423786218167067,0.276791,0.2841340499068825,6.661416014249018,10.214169631265277
2,6.02,27,5.3,5,Gradient boosting tuned,160,0.874757,0.9843745327713652,0.0161241,0.0191848170747164,54.2515241160747,51.628683286314235
1,1.67,46,1.0,5,Gradient boosting tuned,161,0.322618,0.32761790855350537,0.00709003,0.0075711619095562245,45.50305146804739,44.83722727306969
1,7.18,61,1.0,5,Gradient boosting tuned,166,1.11893,1.0922501386308179,0.0211533,0.021319755768626724,52.89623841197354,54.554381811213325
5,6.98,58,16.2,5,Gradient boosting tuned,169,1.43804,1.5114704443507776,0.0378906,0.03888965185174411,37.95242091706122,38.09578582682604
1,6.59,45,5.2,5,Gradient boosting tuned,174,0.913175,0.8585301237278674,0.0169531,0.014921598883582582,53.864779892762975,54.827603631891684
7,4.94,46,1.1,5,Gradient boosting tuned,187,1.19783,1.0811598982650457,0.071414,0.06645871308418222,16.7730417005069,29.04047279714357
19,1.63,63,1.0,5,Gradient boosting tuned,188,1.03001,1.0600270830746128,0.346346,0.3898787175373786,2.9739335808699976,3.7932786825237206
1,8.72,53,17.2,5,Gradient boosting tuned,189,1.16709,1.1052892550513471,0.0299441,0.028030717279274486,38.97562458046827,37.76551994898117
12,8.46,46,12.2,5,Gradient boosting tuned,190,2.13212,2.1192398127044396,0.0769025,0.07384970077179558,27.724976431195344,27.91866666892679
-11,7.18,61,12.2,5,Gradient boosting tuned,191,-0.257288,-0.0326302989411849,0.0520505,0.08385693578510278,-4.943045696006763,1.637365521518406
12,6.82,58,16.4,5,Gradient boosting tuned,201,1.98633,1.9935267165252681,0.07232,0.07064237001322524,27.465846238938052,28.629745482002548
11,8.45,45,12.3,5,Gradient boosting tuned,205,2.08709,2.0558058252417446,0.0702122,0.06911358929508718,29.72546081735083,29.339817367610433
-1,3.5,52,1.0,5,Gradient boosting tuned,207,0.32375,0.29469119740851624,0.0085267,0.015039125422019978,37.96896806501929,31.740988307576192
22,1.68,52,19.7,5,Gradient boosting tuned,212,1.30955,1.4121215589333862,0.186756,0.15738272962500202,7.012090642335454,11.594565117781567
12,8.32,42,12.3,5,Gradient boosting tuned,214,2.12076,2.12525068451537,0.074703,0.07369714876387108,28.389221316412996,28.00507584586022
11,7.2,58,17.4,5,Gradient boosting tuned,217,1.91668,1.8915329228036715,0.0684149,0.06768808502358194,28.01553462769075,28.077354001495813
3,1.58,70,1.4,5,Gradient boosting tuned,235,0.576638,0.5499465145919074,0.020623,0.025018103950176944,27.960917422295495,32.94779201719661
10,5.69,58,16.4,5,Gradient boosting tuned,236,1.76734,1.5224767240106583,0.0540612,0.06687842868532605,32.691468187905556,30.812489790593517
-12,5.66,78,1.0,5,Gradient boosting tuned,241,-0.247166,-0.13148756713847481,0.133142,0.1266552643317044,-1.8564089468387135,-3.472421353724942
1,5.66,46,7.7,5,Gradient boosting tuned,243,0.820872,0.7646718441816718,0.0158309,0.014940843528453346,51.85251628144958,52.86571870523441
1,1.38,64,1.0,5,Gradient boosting tuned,251,0.309859,0.3221860204001138,0.0074663,0.0060971935526255095,41.501011210371935,41.459017134573834
9,8.26,46,12.0,5,Gradient boosting tuned,252,1.90781,1.9510050606394183,0.0586198,0.056905403377933525,32.545488043289126,33.178326978349695
7,8.72,22,27.8,5,Gradient boosting tuned,257,1.28728,1.3083866308467629,0.0535898,0.052066861648156215,24.020989068815332,25.27211272343212
2,8.72,49,3.1,5,Gradient boosting tuned,259,1.2923,1.2576942147917851,0.0264514,0.0277849638080059,48.85563713073788,48.346529204403055
9,8.78,41,11.1,5,Gradient boosting tuned,263,1.96688,2.007963195478517,0.0597739,0.05085704264044514,32.905331591212885,33.617065896189025
8,7.31,61,1.0,5,Gradient boosting tuned,264,1.46429,1.4359412154231437,0.107056,0.10041469846848683,13.67779479898371,17.158222851695623
-1,5.34,37,1.4,5,Gradient boosting tuned,269,0.454719,0.46988369917800454,0.0163736,0.012111753357334307,27.771473591635317,32.2288915546282
1,7.18,61,1.3,5,Gradient boosting tuned,270,1.10711,1.0908086024826236,0.0208101,0.021342936274738013,53.20060931951312,51.62023923432872
1,8.72,46,11.6,5,Gradient boosting tuned,273,1.17852,1.1234659930373083,0.0266252,0.025004053173350645,44.26332947733726,42.73818314175998
3,0.12,62,1.0,5,Gradient boosting tuned,276,0.348145,0.3127207267611397,0.018235,0.017734448363488732,19.092130518234164,19.475141148144928
19,8.72,53,17.6,5,Gradient boosting tuned,293,2.18541,2.1462849257451246,0.145798,0.1475381219214822,14.98930026474986,14.28879783349177
19,8.68,53,17.1,5,Gradient boosting tuned,295,2.18659,2.169920225528927,0.146916,0.14942290855039664,14.883266628549647,14.28879783349177
5,8.75,49,11.5,5,Gradient boosting tuned,303,1.63547,1.6038843881251392,0.0428454,0.033081763397486016,38.171425637291286,37.43790918768055
1,2.18,46,1.0,5,Gradient boosting tuned,306,0.378754,0.3830193325262932,0.00754621,0.008495705798222328,50.191288077061195,44.8768568043859
1,9.5,76,9.2,5,Gradient boosting tuned,308,1.35551,1.248505300485295,0.04386,0.04114187138807704,30.905380756953942,44.07988746322542
18,7.31,55,14.8,5,Gradient boosting tuned,309,2.04413,2.0207342941308597,0.133081,0.1411510618871517,15.36004388304867,13.590381767354332
-2,1.56,62,1.4,5,Gradient boosting tuned,313,0.00410119,-0.029749827893712485,0.00891283,0.012690595730042597,0.46014453321784443,3.9761857822302225
2,2.45,49,1.3,5,Gradient boosting tuned,315,0.522509,0.5749436356695948,0.0106871,0.01213030569594096,48.891560853739556,42.527903265434205
17,8.46,48,11.6,5,Gradient boosting tuned,319,2.09337,2.1033180723841776,0.129532,0.149313999338195,16.161025846894976,16.79993087168099
9,8.5,42,17.2,5,Gradient boosting tuned,328,1.81842,1.9085038157872733,0.0601523,0.058011468840089175,30.23026550938202,31.17921181625765
13,8.54,49,11.6,5,Gradient boosting tuned,330,2.19955,2.13637462937875,0.0846321,0.08215276534603377,25.98954770116776,25.890648501223414
-1,1.32,61,1.1,5,Gradient boosting tuned,339,0.0703571,0.07698579123672064,0.00627539,0.006483270723036004,11.211590036635174,11.896762187225702
14,8.72,49,1.0,5,Gradient boosting tuned,343,1.55778,1.575172717188557,0.258952,0.239112156476932,6.015709475115079,5.4601980723486605
14,8.45,49,11.6,5,Gradient boosting tuned,344,2.20011,2.1661390129560325,0.0926023,0.09021549025040881,23.758697138192034,22.418476615352375
7,8.72,45,12.3,5,Gradient boosting tuned,345,1.79553,1.76630230922408,0.0510245,0.050321972182828585,35.189565796823096,35.7846250576668
23,3.54,8,2.9,5,Gradient boosting tuned,348,1.08024,1.028812736545807,0.419936,0.46892630261595003,2.5723919835403493,0.10261160991203075
15,8.7,49,11.6,5,Gradient boosting tuned,350,2.21033,2.163716200945825,0.103571,0.12451766301394551,21.341205549816067,18.04275063076411
12,4.53,86,1.0,5,Gradient boosting tuned,359,1.32434,1.358348329417712,0.25358,0.21769240541852278,5.222572758103951,-0.7748084089622203
0,0.72,38,1.9,5,Gradient boosting tuned,363,0.0808867,0.07098285703569429,0.00613283,0.006611772085121685,13.189131281969336,14.277529286829337
4,8.72,45,12.3,5,Gradient boosting tuned,366,1.4776,1.5088613521725351,0.0368147,0.03941293124321988,40.13614126965587,38.88663481714903
7,8.72,45,12.2,5,Gradient boosting tuned,372,1.78788,1.76630230922408,0.0505311,0.050321972182828585,35.38177478819974,35.7846250576668
2,2.59,46,1.7,5,Gradient boosting tuned,385,0.541264,0.6059894015552413,0.0101902,0.011744712583971103,53.11613118486389,44.74983353549459
5,8.68,47,10.8,5,Gradient boosting tuned,387,1.61863,1.5769476899078028,0.0416814,0.03966552859906708,38.83338851382151,38.704366723913175
7,8.92,46,11.9,5,Gradient boosting tuned,389,1.81499,1.7511962816092337,0.0514246,0.0456298753478321,35.2941977186016,35.6496568836821
22,8.83,69,22.6,5,Gradient boosting tuned,413,2.19802,2.034109666452235,0.201218,0.21725001741919048,10.923575425657745,9.225555542481514
20,8.71,54,17.3,5,Gradient boosting tuned,424,2.15826,2.061621504432235,0.166241,0.15806869459469827,12.982717861418061,12.134954852570782
3,0.67,36,1.9,5,Gradient boosting tuned,435,0.411105,0.3978559210160476,0.0139375,0.01184412724350335,29.496322869955158,33.48166387928284
0,2.02,49,1.0,5,Gradient boosting tuned,438,0.253394,0.1732718189150094,0.00658393,0.007838095142553186,38.48673968283381,39.85960478049317
14,0.0,46,11.6,5,Gradient boosting tuned,439,0.926928,1.0404500676972956,0.0959967,0.08382703500543111,9.655831919222223,13.026790713726665
10,9.5,24,6.2,5,Gradient boosting tuned,443,2.07014,1.8993717077068648,0.0631734,0.0968560882369896,32.76917183498117,24.892622841043824
0,0.0,46,39.4,5,Gradient boosting tuned,453,0.000340576,-0.09110198195494634,0.0222246,0.0077169402740111205,0.015324280302007684,-1.6484972046736441
15,8.47,49,11.6,5,Gradient boosting tuned,458,2.1793,2.1604143653073535,0.10294,0.11797044675524058,21.170584806683504,17.884964221982965
14,8.25,55,15.9,5,Gradient boosting tuned,460,2.14211,2.155800846046579,0.094717,0.09160550271302492,22.61589788527931,22.229056612456883
0,0.52,37,1.0,5,Gradient boosting tuned,462,0.0476311,0.05053041973785308,0.00581769,0.005843531883993492,8.187287394137536,8.606992376103113
8,8.5,55,9.8,5,Gradient boosting tuned,466,1.93021,1.8894982624907541,0.057028,0.05646990119478385,33.84670688083047,32.83356613288899
0,0.62,35,1.2,5,Gradient boosting tuned,468,0.0770119,0.04901470665436872,0.00588426,0.0063073226535187744,13.087779941742888,10.318914379053446
9,8.37,40,11.1,5,Gradient boosting tuned,472,1.91387,1.9753051898409795,0.0569688,0.05530535360268965,33.59505553917232,34.04483755966631
18,9.01,69,18.4,5,Gradient boosting tuned,476,2.36007,2.167555047924677,0.141776,0.16150169715918203,16.646470488658164,12.927815817793704
3,4.91,49,7.3,5,Gradient boosting tuned,479,0.974157,0.945678629360965,0.019166,0.01805987902256792,50.82735051653971,51.80755184718825
