aoa,maxcamber,maxcamberposition,thickness,fold,model,row_index,cl_true,cl_pred,cd_true,cd_pred,cl_cd_true,cl_cd_pred
5,2.0,40,12.0,1,Mean baseline,0,0.81559,1.1530306141302082,0.0175578,0.07082293770833334,46.45171946371414,27.141884825216085
-8,1.73,74,4.5,1,Mean baseline,9,-0.590789,1.1530306141302082,0.0877178,0.07082293770833334,-6.735109635672577,27.141884825216085
21,4.32,8,11.6,1,Mean baseline,11,1.29765,1.1530306141302082,0.245441,0.07082293770833334,5.287013987068176,27.141884825216085
9,2.06,38,11.9,1,Mean baseline,15,1.27297,1.1530306141302082,0.0309712,0.07082293770833334,41.10173322312342,27.141884825216085
3,4.32,25,18.7,1,Mean baseline,18,0.802632,1.1530306141302082,0.0192567,0.07082293770833334,41.68066179563476,27.141884825216085
21,0.0,8,11.6,1,Mean baseline,19,0.890022,1.1530306141302082,0.241263,0.07082293770833334,3.689011576578257,27.141884825216085
5,2.27,25,16.2,1,Mean baseline,25,0.821535,1.1530306141302082,0.0188276,0.07082293770833334,43.63461089039495,27.141884825216085
10,6.91,58,1.0,1,Mean baseline,30,1.40036,1.1530306141302082,0.153052,0.07082293770833334,9.149570080756869,27.141884825216085
-3,1.9,28,18.8,1,Mean baseline,33,-0.141378,1.1530306141302082,0.0113968,0.07082293770833334,-12.405061069773971,27.141884825216085
4,1.64,42,20.0,1,Mean baseline,39,0.636947,1.1530306141302082,0.0164947,0.07082293770833334,38.615252171909766,27.141884825216085
-1,6.55,43,21.5,1,Mean baseline,55,0.595492,1.1530306141302082,0.0177153,0.07082293770833334,33.61455916637031,27.141884825216085
19,8.72,54,17.0,1,Mean baseline,56,2.17469,1.1530306141302082,0.149086,0.07082293770833334,14.586815663442577,27.141884825216085
12,7.19,54,16.7,1,Mean baseline,63,1.93696,1.1530306141302082,0.0729552,0.07082293770833334,26.549992324056408,27.141884825216085
-6,7.99,62,30.7,1,Mean baseline,68,0.0237329,1.1530306141302082,0.023084,0.07082293770833334,1.028110379483625,27.141884825216085
14,2.28,54,12.5,1,Mean baseline,70,1.45351,1.1530306141302082,0.079219,0.07082293770833334,18.347997323874324,27.141884825216085
5,6.24,56,16.8,1,Mean baseline,72,1.34389,1.1530306141302082,0.0344099,0.07082293770833334,39.05533000677131,27.141884825216085
19,8.77,53,17.2,1,Mean baseline,73,2.18618,1.1530306141302082,0.14762,0.07082293770833334,14.809510906381247,27.141884825216085
7,8.66,54,16.9,1,Mean baseline,75,1.71069,1.1530306141302082,0.0542881,0.07082293770833334,31.51132568647641,27.141884825216085
14,5.72,25,39.8,1,Mean baseline,76,0.841545,1.1530306141302082,0.108255,0.07082293770833334,7.773728696134127,27.141884825216085
-15,0.84,55,14.6,1,Mean baseline,77,-1.09014,1.1530306141302082,0.0832347,0.07082293770833334,-13.09718182440737,27.141884825216085
-1,1.68,54,16.9,1,Mean baseline,78,0.11152,1.1530306141302082,0.0104682,0.07082293770833334,10.653216407787394,27.141884825216085
13,7.1,43,19.7,1,Mean baseline,79,1.85952,1.1530306141302082,0.0783392,0.07082293770833334,23.736775458518853,27.141884825216085
14,8.72,53,17.0,1,Mean baseline,82,2.15373,1.1530306141302082,0.0975744,0.07082293770833334,22.07269529712711,27.141884825216085
3,0.0,54,16.9,1,Mean baseline,90,0.353367,1.1530306141302082,0.0119827,0.07082293770833334,29.489764410358262,27.141884825216085
-15,2.04,47,20.0,1,Mean baseline,93,-1.16399,1.1530306141302082,0.0528011,0.07082293770833334,-22.04480588472589,27.141884825216085
22,0.73,44,33.0,1,Mean baseline,101,0.978854,1.1530306141302082,0.159458,0.07082293770833334,6.138632116293946,27.141884825216085
-15,8.72,38,17.0,1,Mean baseline,104,-0.0949157,1.1530306141302082,0.104468,0.07082293770833334,-0.9085624306007581,27.141884825216085
5,8.72,49,1.0,1,Mean baseline,113,1.54988,1.1530306141302082,0.05007,0.07082293770833334,30.954264030357496,27.141884825216085
14,8.72,49,11.6,1,Mean baseline,117,2.22692,1.1530306141302082,0.094003,0.07082293770833334,23.68988223780092,27.141884825216085
2,8.24,54,17.0,1,Mean baseline,137,1.22723,1.1530306141302082,0.0315588,0.07082293770833334,38.887093298858005,27.141884825216085
14,0.0,54,11.6,1,Mean baseline,148,0.926928,1.1530306141302082,0.0959967,0.07082293770833334,9.655831919222223,27.141884825216085
17,9.19,59,24.5,1,Mean baseline,153,2.04771,1.1530306141302082,0.136752,0.07082293770833334,14.973894348894348,27.141884825216085
-1,1.68,49,11.6,1,Mean baseline,154,0.0949111,1.1530306141302082,0.00910598,0.07082293770833334,10.422941847006033,27.141884825216085
14,8.72,54,11.7,1,Mean baseline,155,2.19846,1.1530306141302082,0.0956302,0.07082293770833334,22.989181241908934,27.141884825216085
19,1.15,53,17.2,1,Mean baseline,172,1.27202,1.1530306141302082,0.140719,0.07082293770833334,9.039433196654324,27.141884825216085
2,4.64,79,1.0,1,Mean baseline,173,1.0491,1.1530306141302082,0.031546,0.07082293770833334,33.25619729918215,27.141884825216085
14,8.72,49,11.4,1,Mean baseline,175,2.20461,1.1530306141302082,0.0938123,0.07082293770833334,23.500223318264236,27.141884825216085
14,8.6,59,12.4,1,Mean baseline,180,2.2091,1.1530306141302082,0.0981575,0.07082293770833334,22.50566691286962,27.141884825216085
19,8.61,47,10.7,1,Mean baseline,185,1.85537,1.1530306141302082,0.184209,0.07082293770833334,10.072092025905357,27.141884825216085
2,7.96,54,6.0,1,Mean baseline,203,1.25772,1.1530306141302082,0.0263761,0.07082293770833334,47.68407763088553,27.141884825216085
-9,5.47,36,14.0,1,Mean baseline,208,-0.394144,1.1530306141302082,0.0205189,0.07082293770833334,-19.208826983902647,27.141884825216085
5,6.98,41,16.2,1,Mean baseline,211,1.35979,1.1530306141302082,0.0345846,0.07082293770833334,39.31778884243276,27.141884825216085
14,7.27,55,17.7,1,Mean baseline,218,2.07236,1.1530306141302082,0.0871938,0.07082293770833334,23.767286206129338,27.141884825216085
-11,9.5,0,40.0,1,Mean baseline,220,-0.100843,1.1530306141302082,0.0246185,0.07082293770833334,-4.0962284460872915,27.141884825216085
10,7.98,41,13.2,1,Mean baseline,222,1.94019,1.1530306141302082,0.0618699,0.07082293770833334,31.359190818152285,27.141884825216085
16,5.23,82,16.3,1,Mean baseline,234,1.98644,1.1530306141302082,0.117806,0.07082293770833334,16.86195949272533,27.141884825216085
-1,6.82,54,1.0,1,Mean baseline,237,0.782212,1.1530306141302082,0.0149424,0.07082293770833334,52.34848484848485,27.141884825216085
-1,1.38,63,1.0,1,Mean baseline,249,0.0976803,1.1530306141302082,0.0062776,0.07082293770833334,15.560134446285204,27.141884825216085
1,1.48,46,1.0,1,Mean baseline,253,0.285303,1.1530306141302082,0.006848,0.07082293770833334,41.66223714953271,27.141884825216085
2,8.21,52,3.1,1,Mean baseline,261,1.26329,1.1530306141302082,0.0254838,0.07082293770833334,49.572277289886124,27.141884825216085
10,8.77,41,11.1,1,Mean baseline,266,2.02032,1.1530306141302082,0.065054,0.07082293770833334,31.056045746610508,27.141884825216085
7,8.45,45,12.0,1,Mean baseline,268,1.7666,1.1530306141302082,0.0494295,0.07082293770833334,35.7397910154867,27.141884825216085
19,8.74,57,17.2,1,Mean baseline,277,2.18886,1.1530306141302082,0.149732,0.07082293770833334,14.61851841957631,27.141884825216085
0,0.16,28,15.6,1,Mean baseline,281,0.0177396,1.1530306141302082,0.00966373,0.07082293770833334,1.8356887040511272,27.141884825216085
0,8.38,64,1.0,1,Mean baseline,298,1.2143,1.1530306141302082,0.0239538,0.07082293770833334,50.69341816329768,27.141884825216085
14,8.81,46,11.4,1,Mean baseline,301,2.20735,1.1530306141302082,0.0928692,0.07082293770833334,23.768375306344836,27.141884825216085
0,1.68,59,1.6,1,Mean baseline,302,0.229933,1.1530306141302082,0.00656123,0.07082293770833334,35.04419140923272,27.141884825216085
-1,0.16,64,1.0,1,Mean baseline,304,-0.093315,1.1530306141302082,0.00638384,0.07082293770833334,-14.617377628511992,27.141884825216085
14,8.72,9,11.6,1,Mean baseline,305,1.28596,1.1530306141302082,0.164682,0.07082293770833334,7.80874655396461,27.141884825216085
13,8.2,48,12.9,1,Mean baseline,310,2.13701,1.1530306141302082,0.081746,0.07082293770833334,26.14207422993174,27.141884825216085
19,8.76,53,17.2,1,Mean baseline,311,2.18115,1.1530306141302082,0.146934,0.07082293770833334,14.844419943648168,27.141884825216085
19,8.72,53,12.9,1,Mean baseline,320,2.02835,1.1530306141302082,0.166089,0.07082293770833334,12.212428276406024,27.141884825216085
13,8.2,49,17.2,1,Mean baseline,321,2.02539,1.1530306141302082,0.0851586,0.07082293770833334,23.783739986331383,27.141884825216085
7,8.52,45,12.3,1,Mean baseline,322,1.76602,1.1530306141302082,0.0494354,0.07082293770833334,35.72379307136182,27.141884825216085
3,8.38,89,13.5,1,Mean baseline,323,1.3319,1.1530306141302082,0.0571537,0.07082293770833334,23.303828098618286,27.141884825216085
19,7.8,40,12.9,1,Mean baseline,332,2.00916,1.1530306141302082,0.149867,0.07082293770833334,13.40628690772485,27.141884825216085
0,0.16,64,19.1,1,Mean baseline,334,0.0173729,1.1530306141302082,0.010787,0.07082293770833334,1.6105404653749884,27.141884825216085
4,8.34,54,13.8,1,Mean baseline,340,1.50346,1.1530306141302082,0.0387942,0.07082293770833334,38.75476230982982,27.141884825216085
9,7.76,39,13.0,1,Mean baseline,349,1.85704,1.1530306141302082,0.0555142,0.07082293770833334,33.451621386960454,27.141884825216085
14,5.95,49,5.9,1,Mean baseline,358,1.42582,1.1530306141302082,0.158246,0.07082293770833334,9.010148755734743,27.141884825216085
6,7.97,54,13.3,1,Mean baseline,375,1.65719,1.1530306141302082,0.0457587,0.07082293770833334,36.21584529280771,27.141884825216085
-3,8.18,53,5.0,1,Mean baseline,377,0.689854,1.1530306141302082,0.0152405,0.07082293770833334,45.26452544207867,27.141884825216085
19,8.72,49,17.2,1,Mean baseline,380,2.20068,1.1530306141302082,0.145416,0.07082293770833334,15.133685426638062,27.141884825216085
19,8.72,59,17.2,1,Mean baseline,390,2.20871,1.1530306141302082,0.151359,0.07082293770833334,14.592525056323046,27.141884825216085
14,8.72,53,33.9,1,Mean baseline,391,1.46428,1.1530306141302082,0.120162,0.07082293770833334,12.185882392103993,27.141884825216085
3,1.68,59,6.5,1,Mean baseline,394,0.579745,1.1530306141302082,0.0117987,0.07082293770833334,49.13634552959224,27.141884825216085
6,8.53,45,12.1,1,Mean baseline,399,1.68451,1.1530306141302082,0.045344,0.07082293770833334,37.149567748764994,27.141884825216085
8,8.51,41,10.8,1,Mean baseline,408,1.85287,1.1530306141302082,0.0530801,0.07082293770833334,34.907055563196,27.141884825216085
5,8.7,48,10.8,1,Mean baseline,414,1.60437,1.1530306141302082,0.0411777,0.07082293770833334,38.96210813134294,27.141884825216085
4,8.68,47,10.7,1,Mean baseline,415,1.49347,1.1530306141302082,0.0363878,0.07082293770833334,41.043151825611886,27.141884825216085
0,1.68,37,1.0,1,Mean baseline,419,0.189749,1.1530306141302082,0.00627719,0.07082293770833334,30.22833465292591,27.141884825216085
18,8.75,46,11.5,1,Mean baseline,421,2.0619,1.1530306141302082,0.146667,0.07082293770833334,14.058377140051956,27.141884825216085
9,8.45,41,10.7,1,Mean baseline,423,1.93643,1.1530306141302082,0.0574758,0.07082293770833334,33.691223088673844,27.141884825216085
-1,8.63,49,7.9,1,Mean baseline,430,0.958041,1.1530306141302082,0.0199113,0.07082293770833334,48.115441985204384,27.141884825216085
2,1.28,39,1.0,1,Mean baseline,432,0.371452,1.1530306141302082,0.00980003,0.07082293770833334,37.90314927607365,27.141884825216085
19,8.67,58,17.2,1,Mean baseline,433,2.20069,1.1530306141302082,0.148997,0.07082293770833334,14.770028926756915,27.141884825216085
18,8.22,50,12.4,1,Mean baseline,434,2.01432,1.1530306141302082,0.145122,0.07082293770833334,13.880183569686196,27.141884825216085
19,8.72,46,1.0,1,Mean baseline,442,1.35933,1.1530306141302082,0.393559,0.07082293770833334,3.4539421027088695,27.141884825216085
15,8.39,49,10.0,1,Mean baseline,459,2.0644,1.1530306141302082,0.109775,0.07082293770833334,18.805739011614666,27.141884825216085
-3,7.12,77,15.0,1,Mean baseline,463,0.684109,1.1530306141302082,0.0221893,0.07082293770833334,30.830580505018183,27.141884825216085
0,0.48,37,1.6,1,Mean baseline,464,0.0551565,1.1530306141302082,0.00599848,0.07082293770833334,9.195079420119765,27.141884825216085
9,6.83,57,34.0,1,Mean baseline,465,1.21938,1.1530306141302082,0.0613242,0.07082293770833334,19.884156662459517,27.141884825216085
0,0.0,36,1.0,1,Mean baseline,471,0.00285041,1.1530306141302082,0.00571472,0.07082293770833334,0.4987838424279754,27.141884825216085
1,3.57,25,6.6,1,Mean baseline,474,0.49782,1.1530306141302082,0.0103215,0.07082293770833334,48.23136172068013,27.141884825216085
9,9.43,37,1.0,1,Mean baseline,475,1.74245,1.1530306141302082,0.0883583,0.07082293770833334,19.720275288229857,27.141884825216085
17,4.07,46,2.6,1,Mean baseline,477,1.11071,1.1530306141302082,0.303683,0.07082293770833334,3.657465185736443,27.141884825216085
5,2.0,40,12.0,1,Linear regression,0,0.81559,0.5698571853839092,0.0175578,0.044949444295214594,46.45171946371414,23.443505155384056
-8,1.73,74,4.5,1,Linear regression,9,-0.590789,-0.10839501810710384,0.0877178,-0.045002875526143,-6.735109635672577,33.01776666475302
21,4.32,8,11.6,1,Linear regression,11,1.29765,1.674916511536846,0.245441,0.18115887310473833,5.287013987068176,17.097363044060863
9,2.06,38,11.9,1,Linear regression,15,1.27297,0.7950392843098111,0.0309712,0.07889192685352878,41.10173322312342,21.161988713395292
3,4.32,25,18.7,1,Linear regression,18,0.802632,0.7174981272166223,0.0192567,0.017798122295298827,41.68066179563476,25.56463325887359
21,0.0,8,11.6,1,Linear regression,19,0.890022,1.1306402883398579,0.241263,0.17043913225249416,3.689011576578257,11.678330714829228
5,2.27,25,16.2,1,Linear regression,25,0.821535,0.56946253840982,0.0188276,0.03454394099200089,43.63461089039495,22.57439965235756
10,6.91,58,1.0,1,Linear regression,30,1.40036,1.5054859938367753,0.153052,0.12444467490163919,9.149570080756869,29.914471206854493
-3,1.9,28,18.8,1,Linear regression,33,-0.141378,0.08614873178503868,0.0113968,-0.03880059545821421,-12.405061069773971,26.07979184731324
4,1.64,42,20.0,1,Linear regression,39,0.636947,0.476870529935278,0.0164947,0.020476302217402757,38.615252171909766,21.074418754625725
-1,6.55,43,21.5,1,Linear regression,55,0.595492,0.8203904901140359,0.0177153,-0.012536780477838544,33.61455916637031,29.75985007238031
19,8.72,54,17.0,1,Linear regression,56,2.17469,2.230825376514202,0.149086,0.17368496948983658,14.586815663442577,21.800515241913565
12,7.19,54,16.7,1,Linear regression,63,1.93696,1.648613825829663,0.0729552,0.11097981763165024,26.549992324056408,24.17920943273956
-6,7.99,62,30.7,1,Linear regression,68,0.0237329,0.7730797614230257,0.023084,-0.06551359941217196,1.028110379483625,31.55447058020013
14,2.28,54,12.5,1,Linear regression,70,1.45351,1.1395720420427011,0.079219,0.12391718843232226,18.347997323874324,18.13344333344089
5,6.24,56,16.8,1,Linear regression,72,1.34389,1.144445928829898,0.0344099,0.04933363310536358,39.05533000677131,27.14603651499593
19,8.77,53,17.2,1,Linear regression,73,2.18618,2.2347989694153085,0.14762,0.17322542381979766,14.809510906381247,21.807754331217886
7,8.66,54,16.9,1,Linear regression,75,1.71069,1.5558070006164877,0.0542881,0.07174857317343541,31.51132568647641,28.96347560911232
14,5.72,25,39.8,1,Linear regression,76,0.841545,1.5140650717480368,0.108255,0.07393958225853546,7.773728696134127,14.11055371724619
-15,0.84,55,14.6,1,Linear regression,77,-1.09014,-0.651543887469201,0.0832347,-0.12997543342450307,-13.09718182440737,33.07946354012492
-1,1.68,54,16.9,1,Linear regression,78,0.11152,0.2314515541647063,0.0104682,-0.013559047088226917,10.653216407787394,25.01234203948788
13,7.1,43,19.7,1,Linear regression,79,1.85952,1.667625835776181,0.0783392,0.11128762716108842,23.736775458518853,22.605057833680956
14,8.72,53,17.0,1,Linear regression,82,2.15373,1.9503286820113144,0.0975744,0.13099616400325337,22.07269529712711,24.810516327086567
3,0.0,54,16.9,1,Linear regression,90,0.353367,0.24226166768494217,0.0119827,0.016265813920821305,29.489764410358262,20.50263170806687
-15,2.04,47,20.0,1,Linear regression,93,-1.16399,-0.5174540322454573,0.0528011,-0.13901724205304816,-22.04480588472589,32.95157315205206
22,0.73,44,33.0,1,Linear regression,101,0.978854,1.3733224359103366,0.159458,0.14643639523102495,6.138632116293946,5.039537376379197
-15,8.72,38,17.0,1,Linear regression,104,-0.0949157,0.3013187903594634,0.104468,-0.1184089534355708,-0.9085624306007581,42.3339805990703
5,8.72,49,1.0,1,Linear regression,113,1.54988,1.43378829372054,0.05007,0.08467328960830375,30.954264030357496,35.251866466377464
14,8.72,49,11.6,1,Linear regression,117,2.22692,1.9385626706491608,0.094003,0.14065474935890399,23.68988223780092,26.52907344455801
2,8.24,54,17.0,1,Linear regression,137,1.22723,1.2248396114696234,0.0315588,0.0280208784203399,38.887093298858005,31.408213236391514
14,0.0,54,11.6,1,Linear regression,148,0.926928,0.8519576999014513,0.0959967,0.12000047437875652,9.655831919222223,15.55508134752062
17,9.19,59,24.5,1,Linear regression,153,2.04771,2.193809455496437,0.136752,0.14433040887830534,14.973894348894348,21.208308214941525
-1,1.68,49,11.6,1,Linear regression,154,0.0949111,0.2173199260946138,0.00910598,-0.004290642149317847,10.422941847006033,26.706716059620597
14,8.72,54,11.7,1,Linear regression,155,2.19846,1.9506290518988973,0.0956302,0.1414450334747547,22.989181241908934,26.46220036157994
19,1.15,53,17.2,1,Linear regression,172,1.27202,1.2747561868317323,0.140719,0.15431699203875587,9.039433196654324,12.249183417156527
2,4.64,79,1.0,1,Linear regression,173,1.0491,0.8250548113613521,0.031546,0.05495617573878821,33.25619729918215,31.72217321311296
14,8.72,49,11.4,1,Linear regression,175,2.20461,1.9384832380791472,0.0938123,0.14104162201485626,23.500223318264236,26.59166963444857
14,8.6,59,12.4,1,Linear regression,180,2.2091,1.9478149468809804,0.0981575,0.14077692904351954,22.50566691286962,26.057010033118193
19,8.61,47,10.7,1,Linear regression,185,1.85537,2.197627034295263,0.184209,0.18422129316668315,10.072092025905357,23.68411558721789
2,7.96,54,6.0,1,Linear regression,203,1.25772,1.1851936575042505,0.0263761,0.048604076479515396,47.68407763088553,34.49977010347786
-9,5.47,36,14.0,1,Linear regression,208,-0.394144,0.21955920357274716,0.0205189,-0.0700734979505545,-19.208826983902647,35.606871834320735
5,6.98,41,16.2,1,Linear regression,211,1.35979,1.2013601374214486,0.0345846,0.049379341646985354,39.31778884243276,28.36881021627325
14,7.27,55,17.7,1,Linear regression,218,2.07236,1.7727320555951165,0.0871938,0.12643753671926727,23.767286206129338,22.758311501194935
-11,9.5,0,40.0,1,Linear regression,220,-0.100843,0.5397960672420585,0.0246185,-0.13444642635992687,-4.0962284460872915,33.98191619342946
10,7.98,41,13.2,1,Linear regression,222,1.94019,1.6042498768619695,0.0618699,0.10015591437766275,31.359190818152285,27.55927260883184
16,5.23,82,16.3,1,Linear regression,234,1.98644,1.6913372353977372,0.117806,0.14639246041983262,16.86195949272533,19.24423797122143
-1,6.82,54,1.0,1,Linear regression,237,0.782212,0.8727245785598492,0.0149424,0.029951835536956656,52.34848484848485,36.43638408306791
-1,1.38,63,1.0,1,Linear regression,249,0.0976803,0.20898770184089566,0.0062776,0.01822359941079684,15.560134446285204,29.54838246779868
1,1.48,46,1.0,1,Linear regression,253,0.285303,0.2919325722128703,0.006848,0.03212391661027007,41.66223714953271,28.593623555260233
2,8.21,52,3.1,1,Linear regression,261,1.26329,1.2107286858733564,0.0254838,0.05444059718668677,49.572277289886124,35.73524626004579
10,8.77,41,11.1,1,Linear regression,266,2.02032,1.7029478293966451,0.065054,0.10617840024508618,31.056045746610508,29.207513051778356
7,8.45,45,12.0,1,Linear regression,268,1.7666,1.5057550337536743,0.0494295,0.07893515793172762,35.7397910154867,30.29769205721915
19,8.74,57,17.2,1,Linear regression,277,2.18886,2.2406406053926693,0.149732,0.17393795753005192,14.61851841957631,21.741662171838662
0,0.16,28,15.6,1,Linear regression,281,0.0177396,0.03251025989421996,0.00966373,-0.011433069523107256,1.8356887040511272,23.096933433748536
0,8.38,64,1.0,1,Linear regression,298,1.2143,1.14894037250132,0.0239538,0.04428870623415106,50.69341816329768,37.72152967504492
14,8.81,46,11.4,1,Linear regression,301,2.20735,1.9426063270835803,0.0928692,0.1406747176829819,23.768375306344836,26.725911134127234
0,1.68,59,1.6,1,Linear regression,302,0.229933,0.2930198998253767,0.00656123,0.025518843815514516,35.04419140923272,29.164798360569907
-1,0.16,64,1.0,1,Linear regression,304,-0.093315,0.05768539772728487,0.00638384,0.015393009277400678,-14.617377628511992,28.010892599436893
14,8.72,9,11.6,1,Linear regression,305,1.28596,1.8423493509313247,0.164682,0.1327849858082889,7.80874655396461,26.81367334882029
13,8.2,48,12.9,1,Linear regression,310,2.13701,1.8155406464893078,0.081746,0.12815458155022605,26.14207422993174,26.077599496870565
19,8.76,53,17.2,1,Linear regression,311,2.18115,2.233539070750501,0.146934,0.1732006096048619,14.844419943648168,21.79521027490022
19,8.72,53,12.9,1,Linear regression,320,2.02835,2.226791675835975,0.166089,0.18141911484809337,12.212428276406024,23.090852132276673
13,8.2,49,17.2,1,Linear regression,321,2.02539,1.819653779737548,0.0851586,0.12003356353601696,23.783739986331383,24.724666416616895
7,8.52,45,12.3,1,Linear regression,322,1.76602,1.5146934732623498,0.0494354,0.07852854845234941,35.72379307136182,30.291606166606968
3,8.38,89,13.5,1,Linear regression,323,1.3319,1.3808930498567888,0.0571537,0.05052300429495742,23.303828098618286,31.82966121418091
19,7.8,40,12.9,1,Linear regression,332,2.00916,2.079611669765357,0.149867,0.17657853392005443,13.40628690772485,22.02929391993666
0,0.16,64,19.1,1,Linear regression,334,0.0173729,0.12049231761551216,0.010787,-0.011120553806718933,1.6105404653749884,21.74536019682762
4,8.34,54,13.8,1,Linear regression,340,1.50346,1.3474042216014595,0.0387942,0.05145580762406134,38.75476230982982,31.33403840279061
9,7.76,39,13.0,1,Linear regression,349,1.85704,1.5160237353783028,0.0555142,0.09110497384793421,33.451621386960454,27.960706772460156
14,5.95,49,5.9,1,Linear regression,358,1.42582,1.587306912251998,0.158246,0.14480708251634167,9.010148755734743,24.83836125644563
6,7.97,54,13.3,1,Linear regression,375,1.65719,1.4118259341825117,0.0457587,0.06850168787044647,36.21584529280771,29.825244358736803
-3,8.18,53,5.0,1,Linear regression,377,0.689854,0.932017570777067,0.0152405,0.008395547001280174,45.26452544207867,38.098721377092325
19,8.72,49,17.2,1,Linear regression,380,2.20068,2.2188781441194863,0.145416,0.17231437639005742,15.133685426638062,21.773494040055787
19,8.72,59,17.2,1,Linear regression,390,2.20871,2.2429314740489454,0.151359,0.1742818172777112,14.592525056323046,21.702344063990218
14,8.72,53,33.9,1,Linear regression,391,1.46428,1.9570407341774714,0.120162,0.09830542457528399,12.185882392103993,19.52113828133396
3,1.68,59,6.5,1,Linear regression,394,0.579745,0.46182081469667713,0.0117987,0.04153570058337386,49.13634552959224,25.829460055711237
6,8.53,45,12.1,1,Linear regression,399,1.68451,1.4602556670551556,0.045344,0.0704418230436739,37.149567748764994,30.967323630328487
8,8.51,41,10.8,1,Linear regression,408,1.85287,1.558834770652644,0.0530801,0.08911671508155798,34.907055563196,30.176416307381466
5,8.7,48,10.8,1,Linear regression,414,1.60437,1.4327553593286493,0.0411777,0.06547015694800416,38.96210813134294,32.166680046711086
4,8.68,47,10.7,1,Linear regression,415,1.49347,1.3721722404190926,0.0363878,0.05691880847777987,41.043151825611886,32.78058224414088
0,1.68,37,1.0,1,Linear regression,419,0.189749,0.23986427627052564,0.00627719,0.022351091830533125,30.22833465292591,29.509116877585853
18,8.75,46,11.5,1,Linear regression,421,2.0619,2.1575597405876934,0.146667,0.1743260451836455,14.058377140051956,24.217039831222802
9,8.45,41,10.7,1,Linear regression,423,1.93643,1.6068539346807782,0.0574758,0.0976596783994832,33.691223088673844,29.531872846907465
-1,8.63,49,7.9,1,Linear regression,430,0.958041,1.0914799955908117,0.0199113,0.02011238136614623,48.115441985204384,36.582864713373766
2,1.28,39,1.0,1,Linear regression,432,0.371452,0.30551554026808037,0.00980003,0.038748835969761,37.90314927607365,27.79197019463953
19,8.67,58,17.2,1,Linear regression,433,2.20069,2.23422664773196,0.148997,0.17396100211426702,14.770028926756915,21.646738780008445
18,8.22,50,12.4,1,Linear regression,434,2.01432,2.1007638898897225,0.145122,0.17205694119532688,13.880183569686196,23.24206200145275
19,8.72,46,1.0,1,Linear regression,442,1.35933,2.2052281069695394,0.393559,0.20306082925589758,3.4539421027088695,26.865130414011094
15,8.39,49,10.0,1,Linear regression,459,2.0644,1.951968826452381,0.109775,0.15142927379320617,18.805739011614666,26.015311887686252
-3,7.12,77,15.0,1,Linear regression,463,0.684109,0.8601679326388221,0.0221893,-0.008856534449155323,30.830580505018183,33.46848197033421
0,0.48,37,1.6,1,Linear regression,464,0.0551565,0.08891473420362561,0.00599848,0.018212768070386173,9.195079420119765,27.816041549794264
9,6.83,57,34.0,1,Linear regression,465,1.21938,1.4504895732756378,0.0613242,0.05171701658169468,19.884156662459517,20.09343963949005
0,0.0,36,1.0,1,Linear regression,471,0.00285041,0.025795967589862245,0.00571472,0.017985559632561675,0.4987838424279754,27.408830413824553
1,3.57,25,6.6,1,Linear regression,474,0.49782,0.5069635122662288,0.0103215,0.022346027301104576,48.23136172068013,29.612052958454317
9,9.43,37,1.0,1,Linear regression,475,1.74245,1.7168501922144994,0.0883583,0.11806781892181178,19.720275288229857,33.825565566157266
17,4.07,46,2.6,1,Linear regression,477,1.11071,1.508774143790025,0.303683,0.17143041350402813,3.657465185736443,21.732529142198555
5,2.0,40,12.0,1,Polynomial ridge d2,0,0.81559,0.833952999217177,0.0175578,0.009461908617912268,46.45171946371414,33.023675414022456
-8,1.73,74,4.5,1,Polynomial ridge d2,9,-0.590789,-0.5493088524575418,0.0877178,0.006064866393942589,-6.735109635672577,6.575715619697245
21,4.32,8,11.6,1,Polynomial ridge d2,11,1.29765,1.3620728565882017,0.245441,0.2616042731455751,5.287013987068176,4.880092704237448
9,2.06,38,11.9,1,Polynomial ridge d2,15,1.27297,1.0679249744860324,0.0309712,0.046185223833271324,41.10173322312342,32.934712636704916
3,4.32,25,18.7,1,Polynomial ridge d2,18,0.802632,0.9038686578413628,0.0192567,-0.0013989686392114203,41.68066179563476,33.931160640320854
21,0.0,8,11.6,1,Polynomial ridge d2,19,0.890022,0.9592828695078446,0.241263,0.27273048936663236,3.689011576578257,-4.594321770244349
5,2.27,25,16.2,1,Polynomial ridge d2,25,0.821535,0.8389743975743587,0.0188276,0.005922015156481317,43.63461089039495,31.054634826210282
10,6.91,58,1.0,1,Polynomial ridge d2,30,1.40036,1.4868561768404538,0.153052,0.14175075470542983,9.149570080756869,35.183514221572096
-3,1.9,28,18.8,1,Polynomial ridge d2,33,-0.141378,0.0753179793273342,0.0113968,-0.003212085928944952,-12.405061069773971,16.688123741220146
4,1.64,42,20.0,1,Polynomial ridge d2,39,0.636947,0.7223144197632538,0.0164947,-0.008149989880082475,38.615252171909766,29.827040143091285
-1,6.55,43,21.5,1,Polynomial ridge d2,55,0.595492,0.8204703025748916,0.0177153,0.005411633763617432,33.61455916637031,30.82550093637988
19,8.72,54,17.0,1,Polynomial ridge d2,56,2.17469,2.129347743106037,0.149086,0.18227287062526581,14.586815663442577,11.796773571313919
12,7.19,54,16.7,1,Polynomial ridge d2,63,1.93696,1.844232965244002,0.0729552,0.07373408161979786,26.549992324056408,33.410630845357616
-6,7.99,62,30.7,1,Polynomial ridge d2,68,0.0237329,0.2022375848097343,0.023084,0.08559436533355977,1.028110379483625,4.807319550501671
14,2.28,54,12.5,1,Polynomial ridge d2,70,1.45351,1.3345576756984938,0.079219,0.11132859753587214,18.347997323874324,28.4612901856304
5,6.24,56,16.8,1,Polynomial ridge d2,72,1.34389,1.3789954217428002,0.0344099,0.013158825947926438,39.05533000677131,39.039185821380336
19,8.77,53,17.2,1,Polynomial ridge d2,73,2.18618,2.1300621985932007,0.14762,0.18053012595976686,14.809510906381247,11.71508164373792
7,8.66,54,16.9,1,Polynomial ridge d2,75,1.71069,1.7809143002703414,0.0542881,0.03366697050598151,31.51132568647641,34.621600749311995
14,5.72,25,39.8,1,Polynomial ridge d2,76,0.841545,1.0782557133382245,0.108255,0.05768742014183559,7.773728696134127,22.509278047445314
-15,0.84,55,14.6,1,Polynomial ridge d2,77,-1.09014,-1.6736052423529868,0.0832347,0.07615210313275086,-13.09718182440737,-30.504124395046777
-1,1.68,54,16.9,1,Polynomial ridge d2,78,0.11152,0.32177740043564673,0.0104682,-0.015792218640534122,10.653216407787394,23.24295128940529
13,7.1,43,19.7,1,Polynomial ridge d2,79,1.85952,1.811635001273125,0.0783392,0.06972622497142043,23.736775458518853,32.113067700729765
14,8.72,53,17.0,1,Polynomial ridge d2,82,2.15373,2.0681731603956734,0.0975744,0.10222639194663315,22.07269529712711,25.29053595986222
3,0.0,54,16.9,1,Polynomial ridge d2,90,0.353367,0.496686591665794,0.0119827,-0.01381519127586757,29.489764410358262,21.12104312759292
-15,2.04,47,20.0,1,Polynomial ridge d2,93,-1.16399,-1.5941875042305567,0.0528011,0.11189799938981247,-22.04480588472589,-28.42934464766091
22,0.73,44,33.0,1,Polynomial ridge d2,101,0.978854,1.060986771866222,0.159458,0.1517120965800703,6.138632116293946,14.093844315224848
-15,8.72,38,17.0,1,Polynomial ridge d2,104,-0.0949157,-0.7091615354023295,0.104468,0.13267269008091914,-0.9085624306007581,-9.225931160722592
5,8.72,49,1.0,1,Polynomial ridge d2,113,1.54988,1.4256978367312954,0.05007,0.0816642457399922,30.954264030357496,39.734179589769255
14,8.72,49,11.6,1,Polynomial ridge d2,117,2.22692,2.0141682986917955,0.094003,0.13039936494690324,23.68988223780092,25.90769685945242
2,8.24,54,17.0,1,Polynomial ridge d2,137,1.22723,1.3791105125250591,0.0315588,0.011987447084249377,38.887093298858005,35.31233874813964
14,0.0,54,11.6,1,Polynomial ridge d2,148,0.926928,1.0736538233092638,0.0959967,0.11480985056597467,9.655831919222223,19.362717462115842
17,9.19,59,24.5,1,Polynomial ridge d2,153,2.04771,2.1482927258542777,0.136752,0.11375169458490406,14.973894348894348,13.641907086966489
-1,1.68,49,11.6,1,Polynomial ridge d2,154,0.0949111,0.31146810201228303,0.00910598,-0.015383682036794119,10.422941847006033,25.298597858238274
14,8.72,54,11.7,1,Polynomial ridge d2,155,2.19846,2.0398369625476325,0.0956302,0.1326365578314038,22.989181241908934,25.48420481992222
19,1.15,53,17.2,1,Polynomial ridge d2,172,1.27202,1.3238138631149237,0.140719,0.1702582103080653,9.039433196654324,17.157786323271733
2,4.64,79,1.0,1,Polynomial ridge d2,173,1.0491,0.8084081847208082,0.031546,0.05798055509768239,33.25619729918215,33.612880303384664
14,8.72,49,11.4,1,Polynomial ridge d2,175,2.20461,2.0116349696064755,0.0938123,0.13165794051076735,23.500223318264236,25.898701016300837
14,8.6,59,12.4,1,Polynomial ridge d2,180,2.2091,2.057796749646691,0.0981575,0.13114603670433236,22.50566691286962,25.173084163064335
19,8.61,47,10.7,1,Polynomial ridge d2,185,1.85537,2.016925972237905,0.184209,0.22513713578385153,10.072092025905357,11.633915735487568
2,7.96,54,6.0,1,Polynomial ridge d2,203,1.25772,1.2740059421111374,0.0263761,0.03447757746644496,47.68407763088553,40.89001619754964
-9,5.47,36,14.0,1,Polynomial ridge d2,208,-0.394144,-0.19184057835567048,0.0205189,0.029730961793445906,-19.208826983902647,15.547132188597136
5,6.98,41,16.2,1,Polynomial ridge d2,211,1.35979,1.4141012412282177,0.0345846,0.012774346122147041,39.31778884243276,39.22015017706721
14,7.27,55,17.7,1,Polynomial ridge d2,218,2.07236,1.9164331524843132,0.0871938,0.09500567793863521,23.767286206129338,29.543615494498574
-11,9.5,0,40.0,1,Polynomial ridge d2,220,-0.100843,-0.9775757890582097,0.0246185,0.2610948746874382,-4.0962284460872915,-45.97016846494091
10,7.98,41,13.2,1,Polynomial ridge d2,222,1.94019,1.7879067409307738,0.0618699,0.06426704278685838,31.359190818152285,35.29200468279141
16,5.23,82,16.3,1,Polynomial ridge d2,234,1.98644,1.8291540807071818,0.117806,0.14470867433436024,16.86195949272533,20.267481599019167
-1,6.82,54,1.0,1,Polynomial ridge d2,237,0.782212,0.7639501110447863,0.0149424,0.03242228765786682,52.34848484848485,40.977190966046834
-1,1.38,63,1.0,1,Polynomial ridge d2,249,0.0976803,0.10600731894708759,0.0062776,0.010859122199660225,15.560134446285204,22.897878733359807
1,1.48,46,1.0,1,Polynomial ridge d2,253,0.285303,0.2656309428136383,0.006848,0.017836518052577875,41.66223714953271,27.015866495739207
2,8.21,52,3.1,1,Polynomial ridge d2,261,1.26329,1.2336024549589104,0.0254838,0.046032535786691045,49.572277289886124,41.37193270403266
10,8.77,41,11.1,1,Polynomial ridge d2,266,2.02032,1.8563583772337764,0.065054,0.07670871095307422,31.056045746610508,33.34788984722638
7,8.45,45,12.0,1,Polynomial ridge d2,268,1.7666,1.7069256003441104,0.0494295,0.043868506116991265,35.7397910154867,37.4547387778843
19,8.74,57,17.2,1,Polynomial ridge d2,277,2.18886,2.1474893365813457,0.149732,0.18279222877990697,14.61851841957631,11.272936287008655
0,0.16,28,15.6,1,Polynomial ridge d2,281,0.0177396,0.2061508787266063,0.00966373,-0.012674016558578638,1.8356887040511272,15.487730469607214
0,8.38,64,1.0,1,Polynomial ridge d2,298,1.2143,1.080184409832339,0.0239538,0.05445278067728594,50.69341816329768,39.51174019610653
14,8.81,46,11.4,1,Polynomial ridge d2,301,2.20735,2.0065564949998937,0.0928692,0.13049644620999812,23.768375306344836,25.679443211607822
0,1.68,59,1.6,1,Polynomial ridge d2,302,0.229933,0.24665947452721237,0.00656123,0.013297759530857843,35.04419140923272,26.49734686808757
-1,0.16,64,1.0,1,Polynomial ridge d2,304,-0.093315,-0.04472414477173414,0.00638384,0.006627259975865926,-14.617377628511992,14.968672510003522
14,8.72,9,11.6,1,Polynomial ridge d2,305,1.28596,1.79292269865894,0.164682,0.1271154959624999,7.80874655396461,17.815549734238616
13,8.2,48,12.9,1,Polynomial ridge d2,310,2.13701,1.9423876745338995,0.081746,0.10587754190553303,26.14207422993174,29.844178948546567
19,8.76,53,17.2,1,Polynomial ridge d2,311,2.18115,2.128988447660076,0.146934,0.18050136723371452,14.844419943648168,11.759338104576765
19,8.72,53,12.9,1,Polynomial ridge d2,320,2.02835,2.093312782458416,0.166089,0.21123894050755426,12.212428276406024,11.32253882305853
13,8.2,49,17.2,1,Polynomial ridge d2,321,2.02539,1.966035667285789,0.0851586,0.08475573239434966,23.783739986331383,29.396543605528727
7,8.52,45,12.3,1,Polynomial ridge d2,322,1.76602,1.7172849061309456,0.0494354,0.04307217502957819,35.72379307136182,37.19034265974811
3,8.38,89,13.5,1,Polynomial ridge d2,323,1.3319,1.5897684302168167,0.0571537,0.05270838687016055,23.303828098618286,26.08511286426616
19,7.8,40,12.9,1,Polynomial ridge d2,332,2.00916,1.9253494950394843,0.149867,0.20335255050443146,13.40628690772485,15.095498488880057
0,0.16,64,19.1,1,Polynomial ridge d2,334,0.0173729,0.2367537025843497,0.010787,-0.017983653055937923,1.6105404653749884,14.908434155150731
4,8.34,54,13.8,1,Polynomial ridge d2,340,1.50346,1.5505536338858827,0.0387942,0.023307820651909762,38.75476230982982,37.60849120962217
9,7.76,39,13.0,1,Polynomial ridge d2,349,1.85704,1.7100590566014584,0.0555142,0.053616964956638924,33.451621386960454,36.85030285767209
14,5.95,49,5.9,1,Polynomial ridge d2,358,1.42582,1.5969172121713382,0.158246,0.1612887022254991,9.010148755734743,30.312405546454215
6,7.97,54,13.3,1,Polynomial ridge d2,375,1.65719,1.6379075402005951,0.0457587,0.034091454432009734,36.21584529280771,38.277705290622706
-3,8.18,53,5.0,1,Polynomial ridge d2,377,0.689854,0.8331809284915181,0.0152405,0.02357608852744201,45.26452544207867,37.468061060838
19,8.72,49,17.2,1,Polynomial ridge d2,380,2.20068,2.103609404824976,0.145416,0.1783931165613467,15.133685426638062,12.30529457012792
19,8.72,59,17.2,1,Polynomial ridge d2,390,2.20871,2.1554646977423593,0.151359,0.18403295946337808,14.592525056323046,10.996944150341342
14,8.72,53,33.9,1,Polynomial ridge d2,391,1.46428,1.7579110005315495,0.120162,0.055144283665325325,12.185882392103993,17.861680184072675
3,1.68,59,6.5,1,Polynomial ridge d2,394,0.579745,0.6161978944459201,0.0117987,0.014081802405312566,49.13634552959224,29.689136229107994
6,8.53,45,12.1,1,Polynomial ridge d2,399,1.68451,1.6597952347045757,0.045344,0.03629466631225239,37.149567748764994,37.81683949826996
8,8.51,41,10.8,1,Polynomial ridge d2,408,1.85287,1.7360535566437036,0.0530801,0.0562416823716468,34.907055563196,36.585112678833156
5,8.7,48,10.8,1,Polynomial ridge d2,414,1.60437,1.6193501941100066,0.0411777,0.03594202016323802,38.96210813134294,38.1944235650919
4,8.68,47,10.7,1,Polynomial ridge d2,415,1.49347,1.5456015559593226,0.0363878,0.029707559583471044,41.043151825611886,38.52370440184289
0,1.68,37,1.0,1,Polynomial ridge d2,419,0.189749,0.18351926403697205,0.00627719,0.011746023747468338,30.22833465292591,26.329854899085582
18,8.75,46,11.5,1,Polynomial ridge d2,421,2.0619,2.0415666897025595,0.146667,0.19876910187435665,14.058377140051956,14.699164539760886
9,8.45,41,10.7,1,Polynomial ridge d2,423,1.93643,1.7743287665684995,0.0574758,0.06647777294900879,33.691223088673844,35.66111568680357
-1,8.63,49,7.9,1,Polynomial ridge d2,430,0.958041,1.1139622251628514,0.0199113,0.020048289929317148,48.115441985204384,37.845189689482126
2,1.28,39,1.0,1,Polynomial ridge d2,432,0.371452,0.3066585655277858,0.00980003,0.024426798365868065,37.90314927607365,26.195575263879984
19,8.67,58,17.2,1,Polynomial ridge d2,433,2.20069,2.144976914907034,0.148997,0.18321296252883884,14.770028926756915,11.403614280417756
18,8.22,50,12.4,1,Polynomial ridge d2,434,2.01432,2.0180398357831573,0.145122,0.19244842269658127,13.880183569686196,16.70114450002479
19,8.72,46,1.0,1,Polynomial ridge d2,442,1.35933,1.7529991091521846,0.393559,0.31637828004624974,3.4539421027088695,6.697663870145579
15,8.39,49,10.0,1,Polynomial ridge d2,459,2.0644,1.9718413960220307,0.109775,0.155926131620504,18.805739011614666,24.389684730993
-3,7.12,77,15.0,1,Polynomial ridge d2,463,0.684109,0.8317689487829758,0.0221893,0.025517460472819935,30.830580505018183,26.420366131485995
0,0.48,37,1.6,1,Polynomial ridge d2,464,0.0551565,0.060908824895313574,0.00599848,0.006975358269694171,9.195079420119765,19.294469101948987
9,6.83,57,34.0,1,Polynomial ridge d2,465,1.21938,1.3371361721126915,0.0613242,0.024920711668377185,19.884156662459517,27.420217312285168
0,0.0,36,1.0,1,Polynomial ridge d2,471,0.00285041,-0.015399323994520708,0.00571472,0.008375888407727995,0.4987838424279754,15.735413731390912
1,3.57,25,6.6,1,Polynomial ridge d2,474,0.49782,0.591303323851853,0.0103215,0.006123284341441909,48.23136172068013,33.19411293234588
9,9.43,37,1.0,1,Polynomial ridge d2,475,1.74245,1.6450595514724897,0.0883583,0.12582299171252603,19.720275288229857,32.33156173128835
17,4.07,46,2.6,1,Polynomial ridge d2,477,1.11071,1.3109808909828367,0.303683,0.24377538479212246,3.657465185736443,20.023684921624344
5,2.0,40,12.0,1,Random forest,0,0.81559,0.9248370048544975,0.0175578,0.02146413737248678,46.45171946371414,42.85870388276581
-8,1.73,74,4.5,1,Random forest,9,-0.590789,-0.2744383672731746,0.0877178,0.05772360533621697,-6.735109635672577,-7.715724245833084
21,4.32,8,11.6,1,Random forest,11,1.29765,1.542484303928571,0.245441,0.18010053168201062,5.287013987068176,8.822142500570921
9,2.06,38,11.9,1,Random forest,15,1.27297,1.389756399767197,0.0309712,0.038332949025132276,41.10173322312342,38.44315841217692
3,4.32,25,18.7,1,Random forest,18,0.802632,0.7983409111957678,0.0192567,0.01988295676772489,41.68066179563476,40.332808762317775
21,0.0,8,11.6,1,Random forest,19,0.890022,1.4132200655158718,0.241263,0.17298208238888899,3.689011576578257,8.365176411035863
5,2.27,25,16.2,1,Random forest,25,0.821535,0.9305585887299181,0.0188276,0.022737909188624342,43.63461089039495,41.104375435430754
10,6.91,58,1.0,1,Random forest,30,1.40036,1.3322955556084672,0.153052,0.1365782480243386,9.149570080756869,10.67960216991831
-3,1.9,28,18.8,1,Random forest,33,-0.141378,-0.23475427560833353,0.0113968,0.02558473912722222,-12.405061069773971,-7.580235139111804
4,1.64,42,20.0,1,Random forest,39,0.636947,0.6682688045753972,0.0164947,0.01826869514216931,38.615252171909766,36.58394766073393
-1,6.55,43,21.5,1,Random forest,55,0.595492,0.5860983696349208,0.0177153,0.02066058585238095,33.61455916637031,27.411863653314775
19,8.72,54,17.0,1,Random forest,56,2.17469,2.170790578558199,0.149086,0.1462646785462962,14.586815663442577,14.860281470548024
12,7.19,54,16.7,1,Random forest,63,1.93696,1.9954169552116403,0.0729552,0.07433080177447088,26.549992324056408,26.903026687817547
-6,7.99,62,30.7,1,Random forest,68,0.0237329,0.20586336426038362,0.023084,0.04024995321190474,1.028110379483625,15.807844557530112
14,2.28,54,12.5,1,Random forest,70,1.45351,1.707041611489418,0.079219,0.09182776512936515,18.347997323874324,19.361594650194945
5,6.24,56,16.8,1,Random forest,72,1.34389,1.210036749039682,0.0344099,0.03157842994007939,39.05533000677131,38.77571059176778
19,8.77,53,17.2,1,Random forest,73,2.18618,2.178255297738094,0.14762,0.14631890342592596,14.809510906381247,14.902419060305768
7,8.66,54,16.9,1,Random forest,75,1.71069,1.6785037450000007,0.0542881,0.05146449190753964,31.51132568647641,32.89387230705282
14,5.72,25,39.8,1,Random forest,76,0.841545,1.8622686943174598,0.108255,0.08603712434325406,7.773728696134127,22.10576608266631
-15,0.84,55,14.6,1,Random forest,77,-1.09014,-0.4589202634141531,0.0832347,0.039286099838650765,-13.09718182440737,-15.113405658425178
-1,1.68,54,16.9,1,Random forest,78,0.11152,0.15037554844068782,0.0104682,0.00991162356691798,10.653216407787394,14.01525617954879
13,7.1,43,19.7,1,Random forest,79,1.85952,1.9660761460793659,0.0783392,0.0797410001869048,23.736775458518853,24.80506633798052
14,8.72,53,17.0,1,Random forest,82,2.15373,2.15522046388889,0.0975744,0.09707444027182538,22.07269529712711,22.31484979230922
3,0.0,54,16.9,1,Random forest,90,0.353367,0.4118540702969845,0.0119827,0.01471267126880951,29.489764410358262,29.189855026154795
-15,2.04,47,20.0,1,Random forest,93,-1.16399,-0.6180002189439152,0.0528011,0.03690735163658731,-22.04480588472589,-19.18263190832542
22,0.73,44,33.0,1,Random forest,101,0.978854,1.4964538185461744,0.159458,0.18855605260485814,6.138632116293946,8.039081127551858
-15,8.72,38,17.0,1,Random forest,104,-0.0949157,-0.012457768278769842,0.104468,0.07957943591944447,-0.9085624306007581,3.855602400808044
5,8.72,49,1.0,1,Random forest,113,1.54988,1.2138710553386245,0.05007,0.0477748345354497,30.954264030357496,28.40886973377694
14,8.72,49,11.6,1,Random forest,117,2.22692,2.179613817539681,0.094003,0.09411246874365087,23.68988223780092,23.237311950097542
2,8.24,54,17.0,1,Random forest,137,1.22723,1.180216620936508,0.0315588,0.030600681734127003,38.887093298858005,38.79892111871581
14,0.0,54,11.6,1,Random forest,148,0.926928,1.5330692686687835,0.0959967,0.08951763364365087,9.655831919222223,18.30577673183948
17,9.19,59,24.5,1,Random forest,153,2.04771,2.1103465768783063,0.136752,0.12762789699709,14.973894348894348,16.756110016031624
-1,1.68,49,11.6,1,Random forest,154,0.0949111,0.15537402514227514,0.00910598,0.009304639867843903,10.422941847006033,15.156658939401046
14,8.72,54,11.7,1,Random forest,155,2.19846,2.164348629642857,0.0956302,0.09728375341587298,22.989181241908934,22.368721039627427
19,1.15,53,17.2,1,Random forest,172,1.27202,1.3761278976719549,0.140719,0.13639716935661392,9.039433196654324,10.272646925660984
2,4.64,79,1.0,1,Random forest,173,1.0491,0.9341749179193122,0.031546,0.020006989845000003,33.25619729918215,48.8883792088126
14,8.72,49,11.4,1,Random forest,175,2.20461,2.1746737324603163,0.0938123,0.09481685523809529,23.500223318264236,23.174719039376885
14,8.6,59,12.4,1,Random forest,180,2.2091,2.164266631944443,0.0981575,0.09690381073650792,22.50566691286962,22.4582948235658
19,8.61,47,10.7,1,Random forest,185,1.85537,1.9344074170899475,0.184209,0.16968691161904753,10.072092025905357,12.24297719033227
2,7.96,54,6.0,1,Random forest,203,1.25772,1.1842811306640204,0.0263761,0.02438732293082014,47.68407763088553,48.949486380516824
-9,5.47,36,14.0,1,Random forest,208,-0.394144,-0.4212422280707006,0.0205189,0.0471679536492857,-19.208826983902647,-14.998646829623512
5,6.98,41,16.2,1,Random forest,211,1.35979,1.394381905843915,0.0345846,0.03778603431124338,39.31778884243276,37.333530981903635
14,7.27,55,17.7,1,Random forest,218,2.07236,2.0329372832116404,0.0871938,0.0934912903935186,23.767286206129338,21.98865050928264
-11,9.5,0,40.0,1,Random forest,220,-0.100843,-0.050453506722023825,0.0246185,0.08513551060674608,-4.0962284460872915,2.0836703049800307
10,7.98,41,13.2,1,Random forest,222,1.94019,1.9770133820238076,0.0618699,0.06381890185833332,31.359190818152285,31.073892497834517
16,5.23,82,16.3,1,Random forest,234,1.98644,1.9245108744656079,0.117806,0.1185880990103174,16.86195949272533,16.726269470229287
-1,6.82,54,1.0,1,Random forest,237,0.782212,0.7524066039563493,0.0149424,0.016091303515476198,52.34848484848485,47.18764637875259
-1,1.38,63,1.0,1,Random forest,249,0.0976803,0.10962709171158735,0.0062776,0.0071076659177380895,15.560134446285204,15.272353209902777
1,1.48,46,1.0,1,Random forest,253,0.285303,0.3474946827825397,0.006848,0.010318584610873021,41.66223714953271,39.88165303937711
2,8.21,52,3.1,1,Random forest,261,1.26329,1.1952424237671961,0.0254838,0.024305388025317474,49.572277289886124,49.411856626651854
10,8.77,41,11.1,1,Random forest,266,2.02032,2.007018529960315,0.065054,0.06476976761269844,31.056045746610508,31.10286563535754
7,8.45,45,12.0,1,Random forest,268,1.7666,1.7720086370767194,0.0494295,0.04984730936111113,35.7397910154867,35.62448157002413
19,8.74,57,17.2,1,Random forest,277,2.18886,2.1828575975661364,0.149732,0.14474680748280425,14.61851841957631,15.134692757263041
0,0.16,28,15.6,1,Random forest,281,0.0177396,0.059409307678084625,0.00966373,0.008058323568888897,1.8356887040511272,6.022233562631845
0,8.38,64,1.0,1,Random forest,298,1.2143,1.0026205853373018,0.0239538,0.020830718425476194,50.69341816329768,49.719821295993725
14,8.81,46,11.4,1,Random forest,301,2.20735,2.1098618478333333,0.0928692,0.09353441383769845,23.768375306344836,22.96332194807746
0,1.68,59,1.6,1,Random forest,302,0.229933,0.273136578930767,0.00656123,0.007555770854933855,35.04419140923272,35.74325471940753
-1,0.16,64,1.0,1,Random forest,304,-0.093315,0.03153776667378305,0.00638384,0.007975113015343916,-14.617377628511992,3.58784662396547
14,8.72,9,11.6,1,Random forest,305,1.28596,2.082743246246031,0.164682,0.09003769182261911,7.80874655396461,23.35217450754779
13,8.2,48,12.9,1,Random forest,310,2.13701,2.1259267609656085,0.081746,0.08171096502513227,26.14207422993174,26.048702748630134
19,8.76,53,17.2,1,Random forest,311,2.18115,2.178255297738094,0.146934,0.14631890342592596,14.844419943648168,14.902419060305768
19,8.72,53,12.9,1,Random forest,320,2.02835,2.103987938280422,0.166089,0.1555643210978835,12.212428276406024,14.073452212619332
13,8.2,49,17.2,1,Random forest,321,2.02539,2.089351100357143,0.0851586,0.08198940612407406,23.783739986331383,25.52704805419707
7,8.52,45,12.3,1,Random forest,322,1.76602,1.767750652420635,0.0494354,0.04974441597182542,35.72379307136182,35.589305652623175
3,8.38,89,13.5,1,Random forest,323,1.3319,1.33543275097619,0.0571537,0.034626725181084686,23.303828098618286,39.04022884225898
19,7.8,40,12.9,1,Random forest,332,2.00916,1.814583409444444,0.149867,0.16647323190925925,13.40628690772485,11.309602444549913
0,0.16,64,19.1,1,Random forest,334,0.0173729,0.056174684944153445,0.010787,0.008626540339867723,1.6105404653749884,5.303644368090051
4,8.34,54,13.8,1,Random forest,340,1.50346,1.441343695563493,0.0387942,0.03689275999894182,38.75476230982982,39.140120292975
9,7.76,39,13.0,1,Random forest,349,1.85704,1.8840721118783055,0.0555142,0.05614579779378302,33.451621386960454,33.635465498328
14,5.95,49,5.9,1,Random forest,358,1.42582,1.6677711943544975,0.158246,0.14910642959801598,9.010148755734743,14.630699141079242
6,7.97,54,13.3,1,Random forest,375,1.65719,1.6281358012301608,0.0457587,0.04469911917513229,36.21584529280771,36.664018048757825
-3,8.18,53,5.0,1,Random forest,377,0.689854,0.47914817874867716,0.0152405,0.021844705560317482,45.26452544207867,27.874957658857014
19,8.72,49,17.2,1,Random forest,380,2.20068,2.0601409417328025,0.145416,0.14942873114417987,15.133685426638062,13.898856801628607
19,8.72,59,17.2,1,Random forest,390,2.20871,2.178635630383596,0.151359,0.145025374792328,14.592525056323046,15.073580239650134
14,8.72,53,33.9,1,Random forest,391,1.46428,2.070884197870371,0.120162,0.09451898986018513,12.185882392103993,22.009986735351475
3,1.68,59,6.5,1,Random forest,394,0.579745,0.5497881641560849,0.0117987,0.013639745558571437,49.13634552959224,42.478585164875625
6,8.53,45,12.1,1,Random forest,399,1.68451,1.6568058863888904,0.045344,0.044981187434127,37.149567748764994,36.94003370981448
8,8.51,41,10.8,1,Random forest,408,1.85287,1.855574189589947,0.0530801,0.05381144976018516,34.907055563196,34.581948184896255
5,8.7,48,10.8,1,Random forest,414,1.60437,1.6021501127989433,0.0411777,0.04171508705079362,38.96210813134294,38.57802176103275
4,8.68,47,10.7,1,Random forest,415,1.49347,1.4458677693452382,0.0363878,0.035215891330423264,41.043151825611886,41.237948529641265
0,1.68,37,1.0,1,Random forest,419,0.189749,0.26325866233306866,0.00627719,0.0077422478248148135,30.22833465292591,34.36663412066141
18,8.75,46,11.5,1,Random forest,421,2.0619,1.9148008282275142,0.146667,0.1630821147992063,14.058377140051956,12.624865403199147
9,8.45,41,10.7,1,Random forest,423,1.93643,1.9293357415740726,0.0574758,0.05826105778439147,33.691223088673844,33.16577856618343
-1,8.63,49,7.9,1,Random forest,430,0.958041,0.7373964202698411,0.0199113,0.017369791818333338,48.115441985204384,42.86941541696718
2,1.28,39,1.0,1,Random forest,432,0.371452,0.41112673770873004,0.00980003,0.02028325194284392,37.90314927607365,29.86071517172967
19,8.67,58,17.2,1,Random forest,433,2.20069,2.1473081017063462,0.148997,0.14487177289285708,14.770028926756915,14.885160245633603
18,8.22,50,12.4,1,Random forest,434,2.01432,1.9226127782275144,0.145122,0.16194959548544968,13.880183569686196,12.788633610527558
19,8.72,46,1.0,1,Random forest,442,1.35933,1.289252399989417,0.393559,0.3839085109413176,3.4539421027088695,3.4285949940546563
15,8.39,49,10.0,1,Random forest,459,2.0644,2.007343377007936,0.109775,0.11780636237222221,18.805739011614666,19.060709962056542
-3,7.12,77,15.0,1,Random forest,463,0.684109,0.3077592313357011,0.0221893,0.028801671191746,30.830580505018183,19.75701014865671
0,0.48,37,1.6,1,Random forest,464,0.0551565,0.07592565887683062,0.00599848,0.006312792860582014,9.195079420119765,11.888632970136012
9,6.83,57,34.0,1,Random forest,465,1.21938,1.2107274796780427,0.0613242,0.05259093144920639,19.884156662459517,23.268019813881846
0,0.0,36,1.0,1,Random forest,471,0.00285041,0.008763009609195772,0.00571472,0.008076816769523805,0.4987838424279754,1.3486289478366724
1,3.57,25,6.6,1,Random forest,474,0.49782,0.7627876905145503,0.0103215,0.014865107405820114,48.23136172068013,52.670728178234754
9,9.43,37,1.0,1,Random forest,475,1.74245,1.354217582870372,0.0883583,0.1170045676671958,19.720275288229857,13.631559285911317
17,4.07,46,2.6,1,Random forest,477,1.11071,1.2864654267645494,0.303683,0.3039128093492063,3.657465185736443,4.563812584381819
5,2.0,40,12.0,1,Gradient boosting,0,0.81559,0.7938814101684493,0.0175578,0.018316685185631093,46.45171946371414,40.72990956436872
-8,1.73,74,4.5,1,Gradient boosting,9,-0.590789,-0.42512962756575284,0.0877178,0.043029078353951644,-6.735109635672577,-20.58474932688862
21,4.32,8,11.6,1,Gradient boosting,11,1.29765,1.5526308024435398,0.245441,0.19444139255450485,5.287013987068176,11.02427405334991
9,2.06,38,11.9,1,Gradient boosting,15,1.27297,1.2745301751381881,0.0309712,0.03801321531931686,41.10173322312342,34.32694197381864
3,4.32,25,18.7,1,Gradient boosting,18,0.802632,0.8573632642866282,0.0192567,0.014182766659087133,41.68066179563476,45.409293672219114
21,0.0,8,11.6,1,Gradient boosting,19,0.890022,1.0905447115789213,0.241263,0.19967155332023914,3.689011576578257,2.96913350815258
5,2.27,25,16.2,1,Gradient boosting,25,0.821535,0.8399595283838277,0.0188276,0.018971385422273317,43.63461089039495,41.49263643297452
10,6.91,58,1.0,1,Gradient boosting,30,1.40036,1.455368139443398,0.153052,0.15074076834280195,9.149570080756869,13.063247808027588
-3,1.9,28,18.8,1,Gradient boosting,33,-0.141378,-0.07153014315098072,0.0113968,0.006699051149319951,-12.405061069773971,-1.9607313373179776
4,1.64,42,20.0,1,Gradient boosting,39,0.636947,0.6461633458039165,0.0164947,0.014914355488587827,38.615252171909766,36.373565141667335
-1,6.55,43,21.5,1,Gradient boosting,55,0.595492,0.6059088750679335,0.0177153,0.017780382779232533,33.61455916637031,30.650566176199433
19,8.72,54,17.0,1,Gradient boosting,56,2.17469,2.1556419630059094,0.149086,0.15265238769360023,14.586815663442577,13.74864431342796
12,7.19,54,16.7,1,Gradient boosting,63,1.93696,1.9614735074324299,0.0729552,0.07640174405498998,26.549992324056408,26.04613689097099
-6,7.99,62,30.7,1,Gradient boosting,68,0.0237329,-0.09604562932664155,0.023084,0.055054376553796164,1.028110379483625,-1.4260246998556112
14,2.28,54,12.5,1,Gradient boosting,70,1.45351,1.4421147269247307,0.079219,0.08176981384417396,18.347997323874324,24.20917426470276
5,6.24,56,16.8,1,Gradient boosting,72,1.34389,1.4518253447199514,0.0344099,0.032813043724218026,39.05533000677131,41.95227333390808
19,8.77,53,17.2,1,Gradient boosting,73,2.18618,2.1499928540917783,0.14762,0.15160291587082328,14.809510906381247,13.74864431342796
7,8.66,54,16.9,1,Gradient boosting,75,1.71069,1.7873578656052131,0.0542881,0.05037380070167428,31.51132568647641,34.87249341955515
14,5.72,25,39.8,1,Gradient boosting,76,0.841545,1.3231138735037138,0.108255,0.0909101976367001,7.773728696134127,15.516022005645166
-15,0.84,55,14.6,1,Gradient boosting,77,-1.09014,-1.033957602725933,0.0832347,0.058701967729596155,-13.09718182440737,-30.548214355698033
-1,1.68,54,16.9,1,Gradient boosting,78,0.11152,0.1319842480663787,0.0104682,0.007795240380040837,10.653216407787394,14.102887900847312
13,7.1,43,19.7,1,Gradient boosting,79,1.85952,1.8698558555478035,0.0783392,0.07998675400532515,23.736775458518853,24.101602812717882
14,8.72,53,17.0,1,Gradient boosting,82,2.15373,2.145442433994847,0.0975744,0.09558167856620277,22.07269529712711,22.21024228098893
3,0.0,54,16.9,1,Gradient boosting,90,0.353367,0.34915419774176926,0.0119827,0.012913226859090098,29.489764410358262,27.068588051027966
-15,2.04,47,20.0,1,Gradient boosting,93,-1.16399,-1.07155088094086,0.0528011,0.055648473769372715,-22.04480588472589,-21.060478693913087
22,0.73,44,33.0,1,Gradient boosting,101,0.978854,1.0575454274653207,0.159458,0.17288587511278752,6.138632116293946,8.975865756234757
-15,8.72,38,17.0,1,Gradient boosting,104,-0.0949157,-0.02577461110440229,0.104468,0.1174779373045576,-0.9085624306007581,1.7873678173737317
5,8.72,49,1.0,1,Gradient boosting,113,1.54988,1.4825506241466457,0.05007,0.05645207311625719,30.954264030357496,33.51469077061056
14,8.72,49,11.6,1,Gradient boosting,117,2.22692,2.1669016918494535,0.094003,0.09463859253430781,23.68988223780092,23.45707946921947
2,8.24,54,17.0,1,Gradient boosting,137,1.22723,1.2252138749746013,0.0315588,0.028776710937130984,38.887093298858005,41.69042277552555
14,0.0,54,11.6,1,Gradient boosting,148,0.926928,1.0600139970683036,0.0959967,0.08740235418208828,9.655831919222223,13.409400036018296
17,9.19,59,24.5,1,Gradient boosting,153,2.04771,2.1050136680468876,0.136752,0.12655929649491618,14.973894348894348,15.183354940512817
-1,1.68,49,11.6,1,Gradient boosting,154,0.0949111,0.1593560981044775,0.00910598,0.007327704085224316,10.422941847006033,15.128133411869491
14,8.72,54,11.7,1,Gradient boosting,155,2.19846,2.1725508007635845,0.0956302,0.09617973471636602,22.989181241908934,23.239287829675366
19,1.15,53,17.2,1,Gradient boosting,172,1.27202,1.3051974476769308,0.140719,0.1366240920926999,9.039433196654324,11.60321145690328
2,4.64,79,1.0,1,Gradient boosting,173,1.0491,0.9949564333138043,0.031546,0.05292736392137294,33.25619729918215,47.662644036830294
14,8.72,49,11.4,1,Gradient boosting,175,2.20461,2.1669016918494535,0.0938123,0.09463859253430781,23.500223318264236,23.45707946921947
14,8.6,59,12.4,1,Gradient boosting,180,2.2091,2.1758822080539475,0.0981575,0.09388251978469575,22.50566691286962,23.07562909695532
19,8.61,47,10.7,1,Gradient boosting,185,1.85537,2.053054258611375,0.184209,0.19162628646832167,10.072092025905357,13.782516327357593
2,7.96,54,6.0,1,Gradient boosting,203,1.25772,1.2141018799874648,0.0263761,0.025665201593804324,47.68407763088553,49.282681204158564
-9,5.47,36,14.0,1,Gradient boosting,208,-0.394144,-0.3634212383673875,0.0205189,0.04968514033606079,-19.208826983902647,-4.966545306915758
5,6.98,41,16.2,1,Gradient boosting,211,1.35979,1.4362630823089018,0.0345846,0.035633129618077616,39.31778884243276,38.526775414197736
14,7.27,55,17.7,1,Gradient boosting,218,2.07236,1.9900846584529168,0.0871938,0.09145164162969115,23.767286206129338,22.497990410178705
-11,9.5,0,40.0,1,Gradient boosting,220,-0.100843,-0.198000214535329,0.0246185,0.10874182389084158,-4.0962284460872915,-4.921466256744258
10,7.98,41,13.2,1,Gradient boosting,222,1.94019,1.87356691737513,0.0618699,0.06410266748475302,31.359190818152285,29.45878736924177
16,5.23,82,16.3,1,Gradient boosting,234,1.98644,1.6352822823384856,0.117806,0.12976825516522994,16.86195949272533,17.387110913422376
-1,6.82,54,1.0,1,Gradient boosting,237,0.782212,0.7232804416091821,0.0149424,0.018469185683034007,52.34848484848485,42.98241878455933
-1,1.38,63,1.0,1,Gradient boosting,249,0.0976803,0.10138621973724267,0.0062776,0.007173612252510453,15.560134446285204,16.959039977414154
1,1.48,46,1.0,1,Gradient boosting,253,0.285303,0.275648433596115,0.006848,0.007386594313189926,41.66223714953271,42.86473728538223
2,8.21,52,3.1,1,Gradient boosting,261,1.26329,1.2239176581501656,0.0254838,0.026680860339565748,49.572277289886124,49.24451398142404
10,8.77,41,11.1,1,Gradient boosting,266,2.02032,2.028641973860676,0.065054,0.06798037723809028,31.056045746610508,29.631768855087355
7,8.45,45,12.0,1,Gradient boosting,268,1.7666,1.7536159429325304,0.0494295,0.0482179415939961,35.7397910154867,36.18631992382425
19,8.74,57,17.2,1,Gradient boosting,277,2.18886,2.1556419630059094,0.149732,0.15197057547546158,14.61851841957631,13.51293672881296
0,0.16,28,15.6,1,Gradient boosting,281,0.0177396,0.042378836487621155,0.00966373,0.005928289144235856,1.8356887040511272,7.846035532527781
0,8.38,64,1.0,1,Gradient boosting,298,1.2143,1.047298115837416,0.0239538,0.02157962580292888,50.69341816329768,41.99257735194643
14,8.81,46,11.4,1,Gradient boosting,301,2.20735,2.139601853254387,0.0928692,0.0945078525666376,23.768375306344836,23.524068785257988
0,1.68,59,1.6,1,Gradient boosting,302,0.229933,0.16444933215165208,0.00656123,0.008027757993045477,35.04419140923272,38.002559890273
-1,0.16,64,1.0,1,Gradient boosting,304,-0.093315,0.051343512078400176,0.00638384,0.007131438409343009,-14.617377628511992,-3.2496098598507897
14,8.72,9,11.6,1,Gradient boosting,305,1.28596,2.1703586615689114,0.164682,0.09559151955613439,7.80874655396461,22.092249266965908
13,8.2,48,12.9,1,Gradient boosting,310,2.13701,2.138820415731711,0.081746,0.08139443762914009,26.14207422993174,24.902693204746807
19,8.76,53,17.2,1,Gradient boosting,311,2.18115,2.1499928540917783,0.146934,0.15160291587082328,14.844419943648168,13.74864431342796
19,8.72,53,12.9,1,Gradient boosting,320,2.02835,2.112643197102904,0.166089,0.15447476101173044,12.212428276406024,14.777689862114418
13,8.2,49,17.2,1,Gradient boosting,321,2.02539,2.1239044644295597,0.0851586,0.08153291494890284,23.783739986331383,23.764016897733526
7,8.52,45,12.3,1,Gradient boosting,322,1.76602,1.7537932350454466,0.0494354,0.0482179415939961,35.72379307136182,36.18631992382425
3,8.38,89,13.5,1,Gradient boosting,323,1.3319,1.3840126245132016,0.0571537,0.04805071260714405,23.303828098618286,37.488886548346805
19,7.8,40,12.9,1,Gradient boosting,332,2.00916,1.8436124443355228,0.149867,0.14951353164435405,13.40628690772485,15.339388981577727
0,0.16,64,19.1,1,Gradient boosting,334,0.0173729,0.042654914172407514,0.010787,0.008619365956612387,1.6105404653749884,4.2497061068748705
4,8.34,54,13.8,1,Gradient boosting,340,1.50346,1.552131563636171,0.0387942,0.03710629890673847,38.75476230982982,41.31490638741952
9,7.76,39,13.0,1,Gradient boosting,349,1.85704,1.815410727292504,0.0555142,0.05554892778526359,33.451621386960454,32.723414563154826
14,5.95,49,5.9,1,Gradient boosting,358,1.42582,1.5482740237147832,0.158246,0.1478605531306983,9.010148755734743,20.767307490918032
6,7.97,54,13.3,1,Gradient boosting,375,1.65719,1.725494441097912,0.0457587,0.04439132783534956,36.21584529280771,37.19712178934861
-3,8.18,53,5.0,1,Gradient boosting,377,0.689854,0.6104828612528432,0.0152405,0.021478947824276447,45.26452544207867,32.32910414639997
19,8.72,49,17.2,1,Gradient boosting,380,2.20068,2.1499928540917783,0.145416,0.15138537417958875,15.133685426638062,13.760636733995153
19,8.72,59,17.2,1,Gradient boosting,390,2.20871,2.158751213315168,0.151359,0.15197057547546158,14.592525056323046,13.51293672881296
14,8.72,53,33.9,1,Gradient boosting,391,1.46428,1.780535132666519,0.120162,0.10204991305426708,12.185882392103993,15.237792119146924
3,1.68,59,6.5,1,Gradient boosting,394,0.579745,0.5948146926850825,0.0117987,0.01241782311555813,49.13634552959224,43.92470479578051
6,8.53,45,12.1,1,Gradient boosting,399,1.68451,1.7195355119097393,0.045344,0.045617409969444814,37.149567748764994,37.817100303430564
8,8.51,41,10.8,1,Gradient boosting,408,1.85287,1.8506510581180227,0.0530801,0.05649229433680373,34.907055563196,32.9684449008954
5,8.7,48,10.8,1,Gradient boosting,414,1.60437,1.6199628571221658,0.0411777,0.039810906315973296,38.96210813134294,38.727082499762915
4,8.68,47,10.7,1,Gradient boosting,415,1.49347,1.5644901946452,0.0363878,0.035570137061228586,41.043151825611886,41.934884901501476
0,1.68,37,1.0,1,Gradient boosting,419,0.189749,0.12996884237460007,0.00627719,0.006063847113296213,30.22833465292591,38.61741279891008
18,8.75,46,11.5,1,Gradient boosting,421,2.0619,2.044091979168649,0.146667,0.18694573717229213,14.058377140051956,14.321559942495437
9,8.45,41,10.7,1,Gradient boosting,423,1.93643,1.949717425305092,0.0574758,0.05871910683216101,33.691223088673844,32.9684449008954
-1,8.63,49,7.9,1,Gradient boosting,430,0.958041,0.9425262601159818,0.0199113,0.022462598451617424,48.115441985204384,42.46534040589085
2,1.28,39,1.0,1,Gradient boosting,432,0.371452,0.36839753462763525,0.00980003,0.008115892122301844,37.90314927607365,34.54946611985931
19,8.67,58,17.2,1,Gradient boosting,433,2.20069,2.1578037576618936,0.148997,0.14967336054379127,14.770028926756915,13.36377622013345
18,8.22,50,12.4,1,Gradient boosting,434,2.01432,2.130569925696371,0.145122,0.17813787052628505,13.880183569686196,14.105410117777412
19,8.72,46,1.0,1,Gradient boosting,442,1.35933,1.335032098986475,0.393559,0.39137647305625606,3.4539421027088695,2.0188029983959073
15,8.39,49,10.0,1,Gradient boosting,459,2.0644,2.091339011637637,0.109775,0.11184217347991383,18.805739011614666,20.741746846818387
-3,7.12,77,15.0,1,Gradient boosting,463,0.684109,0.5407380213313484,0.0221893,0.02467651068390008,30.830580505018183,21.29401343142158
0,0.48,37,1.6,1,Gradient boosting,464,0.0551565,0.04656838023393233,0.00599848,0.006381391948291553,9.195079420119765,11.256019111667387
9,6.83,57,34.0,1,Gradient boosting,465,1.21938,1.2975315154334026,0.0613242,0.0597589930843227,19.884156662459517,23.193642767629054
0,0.0,36,1.0,1,Gradient boosting,471,0.00285041,0.01266575659639541,0.00571472,0.005783623177204254,0.4987838424279754,3.9638828642663806
1,3.57,25,6.6,1,Gradient boosting,474,0.49782,0.5484923259379475,0.0103215,0.008732855892162756,48.23136172068013,52.08704540012781
9,9.43,37,1.0,1,Gradient boosting,475,1.74245,1.5095101648332214,0.0883583,0.11802312873025254,19.720275288229857,22.93842324195009
17,4.07,46,2.6,1,Gradient boosting,477,1.11071,1.1591588956624896,0.303683,0.3214345056863079,3.657465185736443,5.67902768032374
-15,5.18,33,32.9,2,Mean baseline,3,-0.635606,1.1760287434270833,0.03902,0.06912814442708333,-16.289236289082524,26.299646208041366
3,0.0,25,18.7,2,Mean baseline,5,0.338081,1.1760287434270833,0.0122829,0.06912814442708333,27.52452596699477,26.299646208041366
10,6.91,57,1.0,2,Mean baseline,7,1.38136,1.1760287434270833,0.145354,0.06912814442708333,9.503419238548645,26.299646208041366
25,9.5,59,1.0,2,Mean baseline,16,1.41213,1.1760287434270833,0.601579,0.06912814442708333,2.3473724980426516,26.299646208041366
-1,4.11,41,21.6,2,Mean baseline,17,0.330184,1.1760287434270833,0.013635,0.06912814442708333,24.215914924825814,26.299646208041366
7,8.64,0,28.9,2,Mean baseline,22,1.1725,1.1760287434270833,0.0500521,0.06912814442708333,23.42559053466288,26.299646208041366
-1,1.68,43,19.7,2,Mean baseline,23,0.0871575,1.1760287434270833,0.011135,0.06912814442708333,7.827346205657835,26.299646208041366
-8,3.87,11,15.4,2,Mean baseline,24,-0.481608,1.1760287434270833,0.0218218,0.06912814442708333,-22.07004005169143,26.299646208041366
23,7.08,49,1.6,2,Mean baseline,26,1.27134,1.1760287434270833,0.491058,0.06912814442708333,2.5889813423261607,26.299646208041366
25,7.77,75,25.8,2,Mean baseline,29,1.92007,1.1760287434270833,0.27399,0.06912814442708333,7.007810504032993,26.299646208041366
14,8.72,54,1.0,2,Mean baseline,31,1.62725,1.1760287434270833,0.270243,0.06912814442708333,6.021432562545561,26.299646208041366
5,1.58,56,17.8,2,Mean baseline,37,0.77454,1.1760287434270833,0.0185379,0.06912814442708333,41.781431553735864,26.299646208041366
25,7.77,49,37.3,2,Mean baseline,42,1.42885,1.1760287434270833,0.270326,0.06912814442708333,5.285655097918808,26.299646208041366
-1,5.91,43,21.5,2,Mean baseline,45,0.53433,1.1760287434270833,0.0166119,0.06912814442708333,32.1654958192621,26.299646208041366
2,7.77,75,25.8,2,Mean baseline,46,1.03513,1.1760287434270833,0.038257,0.06912814442708333,27.05727056486395,26.299646208041366
4,1.6,34,20.2,2,Mean baseline,57,0.632275,1.1760287434270833,0.0166073,0.06912814442708333,38.0721128660288,26.299646208041366
22,8.49,49,16.5,2,Mean baseline,60,1.99425,1.1760287434270833,0.20296,0.06912814442708333,9.825827749310209,26.299646208041366
5,8.72,54,17.0,2,Mean baseline,66,1.54692,1.1760287434270833,0.0450442,0.06912814442708333,34.34226826095258,26.299646208041366
19,5.8,49,11.6,2,Mean baseline,67,1.55542,1.1760287434270833,0.189838,0.06912814442708333,8.193407010187633,26.299646208041366
5,2.07,48,14.9,2,Mean baseline,74,0.836503,1.1760287434270833,0.018807,0.06912814442708333,44.478279364066566,26.299646208041366
3,4.25,54,4.7,2,Mean baseline,83,0.904181,1.1760287434270833,0.0166593,0.06912814442708333,54.2748494834717,26.299646208041366
-15,2.07,46,19.0,2,Mean baseline,84,-1.12612,1.1760287434270833,0.056998,0.06912814442708333,-19.757184462612724,26.299646208041366
3,5.96,54,14.3,2,Mean baseline,86,1.11255,1.1760287434270833,0.0253016,0.06912814442708333,43.9715274923325,26.299646208041366
7,2.28,53,12.5,2,Mean baseline,94,1.10431,1.1760287434270833,0.0250915,0.06912814442708333,44.011318574019086,26.299646208041366
13,8.61,53,17.0,2,Mean baseline,108,2.07933,1.1760287434270833,0.0892104,0.06912814442708333,23.30815689650534,26.299646208041366
11,7.19,59,17.4,2,Mean baseline,109,1.94444,1.1760287434270833,0.0696392,0.06912814442708333,27.921630346126893,26.299646208041366
-5,8.72,53,19.2,2,Mean baseline,110,0.452712,1.1760287434270833,0.0180435,0.06912814442708333,25.090032421647685,26.299646208041366
-1,6.08,49,16.9,2,Mean baseline,114,0.631739,1.1760287434270833,0.0160983,0.06912814442708333,39.24259083257239,26.299646208041366
5,5.8,61,17.0,2,Mean baseline,116,1.32957,1.1760287434270833,0.0339311,0.06912814442708333,39.18440604637044,26.299646208041366
13,7.1,54,19.7,2,Mean baseline,118,1.89884,1.1760287434270833,0.0803914,0.06912814442708333,23.619939446259178,26.299646208041366
4,3.15,31,18.4,2,Mean baseline,124,0.807066,1.1760287434270833,0.0191064,0.06912814442708333,42.24061047607084,26.299646208041366
19,1.68,54,28.0,2,Mean baseline,126,1.44333,1.1760287434270833,0.10566,0.06912814442708333,13.660136286201022,26.299646208041366
13,8.2,49,12.9,2,Mean baseline,131,2.1705,1.1760287434270833,0.0824069,0.06912814442708333,26.33881386146063,26.299646208041366
3,2.2,58,19.0,2,Mean baseline,132,0.628419,1.1760287434270833,0.0158514,0.06912814442708333,39.644384723115934,26.299646208041366
13,6.96,53,16.9,2,Mean baseline,140,1.98197,1.1760287434270833,0.0778814,0.06912814442708333,25.448566666752267,26.299646208041366
5,5.8,49,7.6,2,Mean baseline,141,1.30011,1.1760287434270833,0.0284334,0.06912814442708333,45.724746249129545,26.299646208041366
13,1.57,60,1.0,2,Mean baseline,144,1.00664,1.1760287434270833,0.221572,0.06912814442708333,4.543173325149387,26.299646208041366
5,2.58,30,17.6,2,Mean baseline,145,0.852244,1.1760287434270833,0.0198648,0.06912814442708333,42.902219000443,26.299646208041366
2,5.95,50,5.9,2,Mean baseline,152,0.982012,1.1760287434270833,0.0186747,0.06912814442708333,52.58515531708676,26.299646208041366
18,5.81,46,8.8,2,Mean baseline,157,1.39108,1.1760287434270833,0.205359,0.06912814442708333,6.773893523049878,26.299646208041366
-3,5.75,45,6.6,2,Mean baseline,165,0.353279,1.1760287434270833,0.01039,0.06912814442708333,34.00182868142445,26.299646208041366
16,6.68,53,15.1,2,Mean baseline,168,2.10097,1.1760287434270833,0.101376,0.06912814442708333,20.724530460858585,26.299646208041366
5,5.8,49,16.9,2,Mean baseline,176,1.25887,1.1760287434270833,0.031029,0.06912814442708333,40.57075638918431,26.299646208041366
7,6.92,60,16.3,2,Mean baseline,181,1.61302,1.1760287434270833,0.046546,0.06912814442708333,34.654320457182145,26.299646208041366
17,1.37,38,32.7,2,Mean baseline,182,1.04319,1.1760287434270833,0.0928584,0.06912814442708333,11.234201752345507,26.299646208041366
16,8.87,36,30.1,2,Mean baseline,192,1.55485,1.1760287434270833,0.138332,0.06912814442708333,11.239987855304628,26.299646208041366
-3,5.83,19,2.9,2,Mean baseline,193,0.0947084,1.1760287434270833,0.0441903,0.06912814442708333,2.143194320925633,26.299646208041366
1,1.62,62,1.0,2,Mean baseline,195,0.35687,1.1760287434270833,0.00783263,0.06912814442708333,45.56196322308088,26.299646208041366
19,8.74,53,18.4,2,Mean baseline,199,2.19571,1.1760287434270833,0.147497,0.06912814442708333,14.886472267232556,26.299646208041366
4,8.36,54,13.7,2,Mean baseline,204,1.5009,1.1760287434270833,0.0388447,0.06912814442708333,38.63847577661817,26.299646208041366
10,6.82,58,16.4,2,Mean baseline,209,1.86448,1.1760287434270833,0.0606944,0.06912814442708333,30.719143776032052,26.299646208041366
13,8.2,69,12.9,2,Mean baseline,210,2.18493,1.1760287434270833,0.093055,0.06912814442708333,23.47998495513406,26.299646208041366
19,8.72,5,1.0,2,Mean baseline,227,1.21524,1.1760287434270833,0.386538,0.06912814442708333,3.143908231532217,26.299646208041366
-1,1.38,64,1.0,2,Mean baseline,228,0.0883007,1.1760287434270833,0.00629796,0.06912814442708333,14.02052410621852,26.299646208041366
12,8.74,49,11.4,2,Mean baseline,229,2.16797,1.1760287434270833,0.0800127,0.06912814442708333,27.09532361737574,26.299646208041366
1,6.21,46,1.0,2,Mean baseline,244,0.863749,1.1760287434270833,0.0144515,0.06912814442708333,59.768812925993835,26.299646208041366
15,1.38,64,1.0,2,Mean baseline,248,0.996974,1.1760287434270833,0.259163,0.06912814442708333,3.8468994416641267,26.299646208041366
1,1.38,64,1.7,2,Mean baseline,250,0.320746,1.1760287434270833,0.00745731,0.06912814442708333,43.01095167024034,26.299646208041366
7,8.45,45,12.3,2,Mean baseline,255,1.7757,1.1760287434270833,0.0498507,0.06912814442708333,35.62036240213277,26.299646208041366
0,8.47,46,12.3,2,Mean baseline,265,1.02449,1.1760287434270833,0.022979,0.06912814442708333,44.58375038078245,26.299646208041366
13,7.49,49,12.7,2,Mean baseline,284,2.12753,1.1760287434270833,0.07881,0.06912814442708333,26.995685826671743,26.299646208041366
14,8.77,47,11.4,2,Mean baseline,290,2.22332,1.1760287434270833,0.0928355,0.06912814442708333,23.949028119630963,26.299646208041366
2,4.87,69,6.3,2,Mean baseline,297,0.997222,1.1760287434270833,0.0197228,0.06912814442708333,50.5618877644148,26.299646208041366
5,3.32,49,35.7,2,Mean baseline,307,0.506055,1.1760287434270833,0.0295031,0.06912814442708333,17.15260430259871,26.299646208041366
3,8.41,54,14.0,2,Mean baseline,312,1.39777,1.1760287434270833,0.0352926,0.06912814442708333,39.60518635634666,26.299646208041366
2,1.32,64,1.0,2,Mean baseline,329,0.403206,1.1760287434270833,0.0118465,0.06912814442708333,34.03587557506437,26.299646208041366
13,8.2,49,12.7,2,Mean baseline,331,2.18206,1.1760287434270833,0.0835067,0.06912814442708333,26.130358402379688,26.299646208041366
1,3.57,46,28.5,2,Mean baseline,335,0.407084,1.1760287434270833,0.0181026,0.06912814442708333,22.487598466518623,26.299646208041366
9,3.32,61,2.5,2,Mean baseline,352,1.08782,1.1760287434270833,0.122483,0.06912814442708333,8.881395785537585,26.299646208041366
19,1.29,53,17.2,2,Mean baseline,356,1.31444,1.1760287434270833,0.140261,0.06912814442708333,9.371386201438748,26.299646208041366
-4,3.47,52,1.0,2,Mean baseline,360,-0.0969782,1.1760287434270833,0.0389484,0.06912814442708333,-2.4899148617144733,26.299646208041366
0,2.97,45,1.0,2,Mean baseline,362,0.360038,1.1760287434270833,0.00738022,0.06912814442708333,48.78418258534299,26.299646208041366
22,5.66,59,33.4,2,Mean baseline,368,1.53001,1.1760287434270833,0.185881,0.06912814442708333,8.23112636579317,26.299646208041366
-12,9.5,56,11.7,2,Mean baseline,371,0.0466695,1.1760287434270833,0.102868,0.06912814442708333,0.45368336120076214,26.299646208041366
-15,9.5,51,8.5,2,Mean baseline,382,0.00310215,1.1760287434270833,0.149869,0.06912814442708333,0.020699077194082833,26.299646208041366
1,0.0,33,1.0,2,Mean baseline,386,0.113081,1.1760287434270833,0.00639801,0.06912814442708333,17.67440188433591,26.299646208041366
6,2.55,45,14.3,2,Mean baseline,395,1.00719,1.1760287434270833,0.0226913,0.06912814442708333,44.386615134434784,26.299646208041366
4,8.7,48,10.7,2,Mean baseline,396,1.5148,1.1760287434270833,0.0370895,0.06912814442708333,40.84174766443333,26.299646208041366
4,2.04,44,1.1,2,Mean baseline,400,0.669732,1.1760287434270833,0.0269713,0.06912814442708333,24.831283623703715,26.299646208041366
12,8.59,41,10.8,2,Mean baseline,401,2.17158,1.1760287434270833,0.0764029,0.06912814442708333,28.422743115771787,26.299646208041366
22,8.72,53,1.0,2,Mean baseline,402,1.38227,1.1760287434270833,0.497824,0.06912814442708333,2.7766238670694867,26.299646208041366
14,8.72,37,11.6,2,Mean baseline,406,2.18676,1.1760287434270833,0.0903807,0.06912814442708333,24.194988531843638,26.299646208041366
1,1.02,39,2.2,2,Mean baseline,420,0.226367,1.1760287434270833,0.00662149,0.06912814442708333,34.18671628289101,26.299646208041366
0,5.61,51,1.0,2,Mean baseline,422,0.706978,1.1760287434270833,0.0118012,0.06912814442708333,59.9072975629597,26.299646208041366
1,7.42,60,1.4,2,Mean baseline,426,1.12724,1.1760287434270833,0.0212281,0.06912814442708333,53.10131382460041,26.299646208041366
0,0.0,46,1.0,2,Mean baseline,428,0.00285041,1.1760287434270833,0.00571472,0.06912814442708333,0.4987838424279754,26.299646208041366
7,8.6,50,11.3,2,Mean baseline,436,1.83091,1.1760287434270833,0.0519259,0.06912814442708333,35.260053268214904,26.299646208041366
3,9.34,56,28.4,2,Mean baseline,437,1.0742,1.1760287434270833,0.044695,0.06912814442708333,24.034008278330912,26.299646208041366
12,8.34,49,10.8,2,Mean baseline,447,2.14523,1.1760287434270833,0.0765219,0.06912814442708333,28.03419674629093,26.299646208041366
11,8.55,46,12.3,2,Mean baseline,448,2.0656,1.1760287434270833,0.0707471,0.06912814442708333,29.19695648302192,26.299646208041366
-1,1.8,41,1.0,2,Mean baseline,451,0.0963159,1.1760287434270833,0.00751665,0.06912814442708333,12.813673644509189,26.299646208041366
1,2.23,46,2.7,2,Mean baseline,452,0.388098,1.1760287434270833,0.00802423,0.06912814442708333,48.365762197743585,26.299646208041366
17,8.95,53,16.3,2,Mean baseline,454,2.22317,1.1760287434270833,0.124044,0.06912814442708333,17.922430750378897,26.299646208041366
9,9.43,25,6.6,2,Mean baseline,457,1.97084,1.1760287434270833,0.057143,0.06912814442708333,34.48961377596556,26.299646208041366
4,9.46,34,6.5,2,Mean baseline,470,1.49718,1.1760287434270833,0.0344408,0.06912814442708333,43.47111565352721,26.299646208041366
5,4.41,43,3.1,2,Mean baseline,473,1.06533,1.1760287434270833,0.0265486,0.06912814442708333,40.127539681941805,26.299646208041366
-15,5.18,33,32.9,2,Linear regression,3,-0.635606,-0.26752704330565824,0.03902,-0.12627650214188224,-16.289236289082524,28.563600583269935
3,0.0,25,18.7,2,Linear regression,5,0.338081,0.12403323225426233,0.0122829,0.02112328429046107,27.52452596699477,17.216473057445505
10,6.91,57,1.0,2,Linear regression,7,1.38136,1.5475505111842094,0.145354,0.10963555792821131,9.503419238548645,30.627589621684955
25,9.5,59,1.0,2,Linear regression,16,1.41213,2.772282940369772,0.601579,0.2266341972650886,2.3473724980426516,26.67112526562717
-1,4.11,41,21.6,2,Linear regression,17,0.330184,0.4584920519616881,0.013635,-0.005948691524947994,24.215914924825814,23.932894850467523
7,8.64,0,28.9,2,Linear regression,22,1.1725,1.398936608669135,0.0500521,0.046007007405128725,23.42559053466288,25.391293762568672
-1,1.68,43,19.7,2,Linear regression,23,0.0871575,0.15144862332630082,0.011135,-0.006280564138561817,7.827346205657835,20.829253588492705
-8,3.87,11,15.4,2,Linear regression,24,-0.481608,-0.05144708397849018,0.0218218,-0.054550471233944145,-22.07004005169143,31.127733538147293
23,7.08,49,1.6,2,Linear regression,26,1.27134,2.3133381125399364,0.491058,0.20652549116339103,2.5889813423261607,24.06856801647661
25,7.77,75,25.8,2,Linear regression,29,1.92007,2.5451775300625887,0.27399,0.1938146737857746,7.007810504032993,12.737735393701751
14,8.72,54,1.0,2,Linear regression,31,1.62725,2.010372653918278,0.270243,0.1418343649815415,6.021432562545561,31.480931735120492
5,1.58,56,17.8,2,Linear regression,37,0.77454,0.5287114185272549,0.0185379,0.042983544136354405,41.781431553735864,17.768031970863948
25,7.77,49,37.3,2,Linear regression,42,1.42885,2.4576499320407312,0.270326,0.17576284223336563,5.285655097918808,8.901100812418818
-1,5.91,43,21.5,2,Linear regression,45,0.53433,0.6975944819732924,0.0166119,-0.00332820788550843,32.1654958192621,26.731802648472048
2,7.77,75,25.8,2,Linear regression,46,1.03513,1.1909160879862655,0.038257,0.019754655079562103,27.05727056486395,24.94039320839143
4,1.6,34,20.2,2,Linear regression,57,0.632275,0.4113141625604966,0.0166073,0.029768994517710076,38.0721128660288,18.20375389271422
22,8.49,49,16.5,2,Linear regression,60,1.99425,2.4112479630164394,0.20296,0.18120978017631473,9.825827749310209,20.480458957070127
5,8.72,54,17.0,2,Linear regression,66,1.54692,1.452183746831992,0.0450442,0.052765038585041765,34.34226826095258,29.44617765737591
19,5.8,49,11.6,2,Linear regression,67,1.55542,1.8939255053454698,0.189838,0.1615480025470154,8.193407010187633,19.916768462023946
5,2.07,48,14.9,2,Linear regression,74,0.836503,0.5767854022772542,0.018807,0.046478203190225775,44.478279364066566,20.100271707015565
3,4.25,54,4.7,2,Linear regression,83,0.904181,0.7756546023976065,0.0166593,0.04813000666227414,54.2748494834717,28.695236968390244
-15,2.07,46,19.0,2,Linear regression,84,-1.12612,-0.6132454120775097,0.056998,-0.1104788668744582,-19.757184462612724,29.047663542920052
3,5.96,54,14.3,2,Linear regression,86,1.11255,0.9807659129843107,0.0253016,0.03770136510682407,43.9715274923325,27.305246328311437
7,2.28,53,12.5,2,Linear regression,94,1.10431,0.7389838356533915,0.0250915,0.06559586300845512,44.011318574019086,20.188263152020564
13,8.61,53,17.0,2,Linear regression,108,2.07933,1.9063609474949752,0.0892104,0.1130546537011258,23.30815689650534,25.069044987092024
11,7.19,59,17.4,2,Linear regression,109,1.94444,1.6189967750603873,0.0696392,0.09630185102100372,27.921630346126893,23.47714002620089
-5,8.72,53,19.2,2,Linear regression,110,0.452712,0.8569033973104669,0.0180435,-0.025909985987557102,25.090032421647685,33.856032570931276
-1,6.08,49,16.9,2,Linear regression,114,0.631739,0.7433075134758604,0.0160983,0.003600338754219057,39.24259083257239,28.713482821096783
5,5.8,61,17.0,2,Linear regression,116,1.32957,1.0910769992442515,0.0339311,0.049903710247545835,39.18440604637044,24.557962096283728
13,7.1,54,19.7,2,Linear regression,118,1.89884,1.7080823916449468,0.0803914,0.10773713667427107,23.619939446259178,21.49868919988023
4,3.15,31,18.4,2,Linear regression,124,0.807066,0.6080272169060777,0.0191064,0.033727971291956205,42.24061047607084,21.53549658363579
19,1.68,54,28.0,2,Linear regression,126,1.44333,1.3428443897218272,0.10566,0.135467551413389,13.660136286201022,6.238162499281305
13,8.2,49,12.9,2,Linear regression,131,2.1705,1.8500175982680995,0.0824069,0.11745102866806825,26.33881386146063,26.330407959123516
3,2.2,58,19.0,2,Linear regression,132,0.628419,0.4945161723951639,0.0158514,0.027284123664507096,39.644384723115934,19.21446888003205
13,6.96,53,16.9,2,Linear regression,140,1.98197,1.6922618014498014,0.0778814,0.1111142801287617,25.448566666752267,22.510362669450217
5,5.8,49,7.6,2,Linear regression,141,1.30011,1.0766575828239868,0.0284334,0.06083814701675108,45.724746249129545,29.046900002708238
13,1.57,60,1.0,2,Linear regression,144,1.00664,1.0384746014574278,0.221572,0.12598007002817602,4.543173325149387,20.49531164807395
5,2.58,30,17.6,2,Linear regression,145,0.852244,0.5917134289695282,0.0198648,0.04151327042046933,42.902219000443,20.487506633894647
2,5.95,50,5.9,2,Linear regression,152,0.982012,0.9250822876070705,0.0186747,0.04066476280612183,52.58515531708676,31.557872793365416
18,5.81,46,8.8,2,Linear regression,157,1.39108,1.8335331870648548,0.205359,0.15731580719678218,6.773893523049878,21.776841400603388
-3,5.75,45,6.6,2,Linear regression,165,0.353279,0.5905423783948671,0.01039,0.0010830574802918325,34.00182868142445,33.80082885984592
16,6.68,53,15.1,2,Linear regression,168,2.10097,1.8357219567982102,0.101376,0.13582413067763868,20.724530460858585,21.243380650525285
5,5.8,49,16.9,2,Linear regression,176,1.25887,1.0602311574871162,0.031029,0.04865579552082361,40.57075638918431,25.08875773010201
7,6.92,60,16.3,2,Linear regression,181,1.61302,1.3529378538419026,0.046546,0.06724742479655262,34.654320457182145,25.60116456046957
17,1.37,38,32.7,2,Linear regression,182,1.04319,1.135159832352382,0.0928584,0.11194751583414182,11.234201752345507,5.46117328059049
16,8.87,36,30.1,2,Linear regression,192,1.55485,2.0496816145461976,0.138332,0.11697099239637683,11.239987855304628,19.003505284122728
-3,5.83,19,2.9,2,Linear regression,193,0.0947084,0.5402513996958518,0.0441903,0.003042595902967127,2.143194320925633,36.55953692955488
1,1.62,62,1.0,2,Linear regression,195,0.35687,0.3435670312326482,0.00783263,0.03545873386868572,45.56196322308088,26.85936877633449
19,8.74,53,18.4,2,Linear regression,199,2.19571,2.2740560795988274,0.147497,0.15679091130755865,14.886472267232556,21.49483999128296
4,8.36,54,13.7,2,Linear regression,204,1.5009,1.352380468115402,0.0388447,0.04906804703968835,38.63847577661817,30.8136861693876
10,6.82,58,16.4,2,Linear regression,209,1.86448,1.5112472001785133,0.0606944,0.08946455714194972,30.719143776032052,23.890674275465294
13,8.2,69,12.9,2,Linear regression,210,2.18493,1.901721714912373,0.093055,0.11974920825733518,23.47998495513406,25.51668301875624
19,8.72,5,1.0,2,Linear regression,227,1.21524,2.178102229460748,0.386538,0.1740429594891881,3.143908231532217,30.821806140174733
-1,1.38,64,1.0,2,Linear regression,228,0.0883007,0.19980819301966646,0.00629796,0.02025160833991553,14.02052410621852,27.460734345510218
12,8.74,49,11.4,2,Linear regression,229,2.16797,1.8639127064806669,0.0800127,0.11252599896646959,27.09532361737574,28.350684229594382
1,6.21,46,1.0,2,Linear regression,244,0.863749,0.8982799827174874,0.0144515,0.03938235546414328,59.768812925993835,34.74653376585882
15,1.38,64,1.0,2,Linear regression,248,0.996974,1.141903109246674,0.259163,0.14133683874423725,3.8468994416641267,18.97192890920435
1,1.38,64,1.7,2,Linear regression,250,0.320746,0.3163336599420413,0.00745731,0.03447031095259023,43.01095167024034,26.10170897878657
7,8.45,45,12.3,2,Linear regression,255,1.7757,1.5199169771359322,0.0498507,0.07268423293374332,35.62036240213277,30.325946728738522
0,8.47,46,12.3,2,Linear regression,265,1.02449,1.1129329392312497,0.022979,0.01984946108524563,44.58375038078245,34.03064307813112
13,7.49,49,12.7,2,Linear regression,284,2.12753,1.7581673397360675,0.07881,0.11682169939723899,26.995685826671743,25.29620655835559
14,8.77,47,11.4,2,Linear regression,290,2.22332,1.9804000825132446,0.0928355,0.1274694960189777,23.949028119630963,27.418251371133596
2,4.87,69,6.3,2,Linear regression,297,0.997222,0.8332414514307664,0.0197228,0.04096825771636873,50.5618877644148,28.911959648158835
5,3.32,49,35.7,2,Linear regression,307,0.506055,0.704962068414509,0.0295031,0.0209157797080073,17.15260430259871,13.177604810327342
3,8.41,54,14.0,2,Linear regression,312,1.39777,1.2994628564439765,0.0352926,0.04117000974372876,39.60518635634666,31.29538004543084
2,1.32,64,1.0,2,Linear regression,329,0.403206,0.3686591434749722,0.0118465,0.04287976661893669,34.03587557506437,25.774492672121422
13,8.2,49,12.7,2,Linear regression,331,2.18206,1.850370854726957,0.0835067,0.11771301472174411,26.130358402379688,26.41552929831935
1,3.57,46,28.5,2,Linear regression,335,0.407084,0.5068659807852265,0.0181026,4.508652498930177e-05,22.487598466518623,18.880360846848234
9,3.32,61,2.5,2,Linear regression,352,1.08782,1.0301488396281586,0.122483,0.09605567997284062,8.881395785537585,24.69731079353877
19,1.29,53,17.2,2,Linear regression,356,1.31444,1.308688031475736,0.140261,0.14901029359079251,9.371386201438748,10.260561811345259
-4,3.47,52,1.0,2,Linear regression,360,-0.0969782,0.2635589069883685,0.0389484,-0.0012070490887990393,-2.4899148617144733,32.83552811287492
0,2.97,45,1.0,2,Linear regression,362,0.360038,0.41605414240913907,0.00738022,0.027632208807794927,48.78418258534299,30.209875032248295
22,5.66,59,33.4,2,Linear regression,368,1.53001,2.0397344316577746,0.185881,0.15666834087428244,8.23112636579317,8.41931747399714
-12,9.5,56,11.7,2,Linear regression,371,0.0466695,0.5670336085493034,0.102868,-0.06773637885495391,0.45368336120076214,41.86955493116251
-15,9.5,51,8.5,2,Linear regression,382,0.00310215,0.38311688593739,0.149869,-0.08682262759426725,0.020699077194082833,45.026578612695005
1,0.0,33,1.0,2,Linear regression,386,0.113081,0.0582162109924782,0.00639801,0.03009266807594122,17.67440188433591,25.485322279668036
6,2.55,45,14.3,2,Linear regression,395,1.00719,0.6913052571194397,0.0226913,0.05508984068744674,44.386615134434784,20.703869358540594
4,8.7,48,10.7,2,Linear regression,396,1.5148,1.3863218759161116,0.0370895,0.05273521102485143,40.84174766443333,32.8706374458968
4,2.04,44,1.1,2,Linear regression,400,0.669732,0.5280424191767452,0.0269713,0.056490116864842024,24.831283623703715,26.619644112329883
12,8.59,41,10.8,2,Linear regression,401,2.17158,1.824811213356384,0.0764029,0.11220437923731746,28.422743115771787,28.695061588125178
22,8.72,53,1.0,2,Linear regression,402,1.38227,2.4788349061995683,0.497824,0.20226207120423906,2.7766238670694867,27.277215263985923
14,8.72,37,11.6,2,Linear regression,406,2.18676,1.947701562451202,0.0903807,0.12599565148584407,24.194988531843638,27.66116695705353
1,1.02,39,2.2,2,Linear regression,420,0.226367,0.20406929496600645,0.00662149,0.030490686801081947,34.18671628289101,26.338517881767412
0,5.61,51,1.0,2,Linear regression,422,0.706978,0.7744066162417851,0.0118012,0.03163584924329826,59.9072975629597,34.127746329721674
1,7.42,60,1.4,2,Linear regression,426,1.12724,1.090901919252139,0.0212281,0.041986111242026565,53.10131382460041,35.91426181985253
0,0.0,46,1.0,2,Linear regression,428,0.00285041,0.03294295454706786,0.00571472,0.024018657908694604,0.4987838424279754,25.486951408198426
7,8.6,50,11.3,2,Linear regression,436,1.83091,1.5540889044344333,0.0519259,0.07475701415391227,35.260053268214904,30.784598824829477
3,9.34,56,28.4,2,Linear regression,437,1.0742,1.399972421298172,0.044695,0.023704329375725607,24.034008278330912,26.551426267556533
12,8.34,49,10.8,2,Linear regression,447,2.14523,1.8130268336088506,0.0765219,0.11280980764890272,28.03419674629093,27.975443886638914
11,8.55,46,12.3,2,Linear regression,448,2.0656,1.7710123225869951,0.0707471,0.10319598688393572,29.19695648302192,28.320710212779435
-1,1.8,41,1.0,2,Linear regression,451,0.0963159,0.1948913832395599,0.00751665,0.01813595876478273,12.813673644509189,29.058652605502694
1,2.23,46,2.7,2,Linear regression,452,0.388098,0.3784181624457337,0.00802423,0.03215908669588387,48.365762197743585,27.74848899529175
17,8.95,53,16.3,2,Linear regression,454,2.22317,2.1872748700688582,0.124044,0.144669739546877,17.922430750378897,23.780782021662493
9,9.43,25,6.6,2,Linear regression,457,1.97084,1.7233093576060234,0.057143,0.09421857589733497,34.48961377596556,34.04950983997906
4,9.46,34,6.5,2,Linear regression,470,1.49718,1.4562441001730646,0.0344408,0.05758227644888706,43.47111565352721,36.42594131229801
5,4.41,43,3.1,2,Linear regression,473,1.06533,0.888583511341847,0.0265486,0.0642984099095622,40.127539681941805,29.014897463837862
-15,5.18,33,32.9,2,Polynomial ridge d2,3,-0.635606,-1.5359795124959654,0.03902,0.19613721632554448,-16.289236289082524,-33.45719560550307
3,0.0,25,18.7,2,Polynomial ridge d2,5,0.338081,0.4085079169120097,0.0122829,-0.00043618893065591746,27.52452596699477,17.5845346454137
10,6.91,57,1.0,2,Polynomial ridge d2,7,1.38136,1.49174967719454,0.145354,0.13313041389304978,9.503419238548645,34.212206815299965
25,9.5,59,1.0,2,Polynomial ridge d2,16,1.41213,1.8620210327481908,0.601579,0.4479223128206118,2.3473724980426516,-29.85822814983436
-1,4.11,41,21.6,2,Polynomial ridge d2,17,0.330184,0.5220504592972087,0.013635,0.0054051537882695705,24.215914924825814,28.302999358123014
7,8.64,0,28.9,2,Polynomial ridge d2,22,1.1725,1.476880108857692,0.0500521,0.0027750708955670833,23.42559053466288,19.2682009809567
-1,1.68,43,19.7,2,Polynomial ridge d2,23,0.0871575,0.2601663097182828,0.011135,-0.001737887484226125,7.827346205657835,20.208845481161024
-8,3.87,11,15.4,2,Polynomial ridge d2,24,-0.481608,-0.21338610836792649,0.0218218,0.016880445893269286,-22.07004005169143,10.87884611639223
23,7.08,49,1.6,2,Polynomial ridge d2,26,1.27134,1.588586320343619,0.491058,0.3829488221275063,2.5889813423261607,-7.946771422489228
25,7.77,75,25.8,2,Polynomial ridge d2,29,1.92007,2.0833172334503964,0.27399,0.2340472960999576,7.007810504032993,-10.633572844602291
14,8.72,54,1.0,2,Polynomial ridge d2,31,1.62725,1.8071723082907287,0.270243,0.1976244163602236,6.021432562545561,20.96803521084012
5,1.58,56,17.8,2,Polynomial ridge d2,37,0.77454,0.8053125622650574,0.0185379,0.007256227303424775,41.781431553735864,28.827358227505826
25,7.77,49,37.3,2,Polynomial ridge d2,42,1.42885,1.6043818458077581,0.270326,0.17085905819710118,5.285655097918808,-8.691912449547623
-1,5.91,43,21.5,2,Polynomial ridge d2,45,0.53433,0.7449395684352385,0.0166119,0.007070524424941077,32.1654958192621,31.64160723554603
2,7.77,75,25.8,2,Polynomial ridge d2,46,1.03513,1.2212992497377617,0.038257,0.024961019316481328,27.05727056486395,24.763674066686278
4,1.6,34,20.2,2,Polynomial ridge d2,57,0.632275,0.6667052833989695,0.0166073,0.003613300981960915,38.0721128660288,27.731185818061306
22,8.49,49,16.5,2,Polynomial ridge d2,60,1.99425,2.077138687718562,0.20296,0.23033361386119244,9.825827749310209,-0.24210457696216636
5,8.72,54,17.0,2,Polynomial ridge d2,66,1.54692,1.6550520742463033,0.0450442,0.021229500775713353,34.34226826095258,35.72376998455826
19,5.8,49,11.6,2,Polynomial ridge d2,67,1.55542,1.7453712038560554,0.189838,0.20627177934639984,8.193407010187633,17.867838596262253
5,2.07,48,14.9,2,Polynomial ridge d2,74,0.836503,0.8484174053166018,0.018807,0.012658292274099064,44.478279364066566,32.27569547038332
3,4.25,54,4.7,2,Polynomial ridge d2,83,0.904181,0.8628814895415932,0.0166593,0.034083571363988666,54.2748494834717,38.4955583375016
-15,2.07,46,19.0,2,Polynomial ridge d2,84,-1.12612,-1.536604410753212,0.056998,0.10497879191375414,-19.757184462612724,-29.720247403582476
3,5.96,54,14.3,2,Polynomial ridge d2,86,1.11255,1.1743638938700867,0.0253016,0.015811571120354383,43.9715274923325,39.288091323196625
7,2.28,53,12.5,2,Polynomial ridge d2,94,1.10431,1.0089621442157894,0.0250915,0.032168457452057236,44.011318574019086,33.66295628037368
13,8.61,53,17.0,2,Polynomial ridge d2,108,2.07933,2.0343402920444174,0.0892104,0.08533828625480357,23.30815689650534,26.80028325573677
11,7.19,59,17.4,2,Polynomial ridge d2,109,1.94444,1.8184251346693383,0.0696392,0.06475066473499969,27.921630346126893,33.378893676624514
-5,8.72,53,19.2,2,Polynomial ridge d2,110,0.452712,0.7112031091843798,0.0180435,0.024654911653945302,25.090032421647685,25.442862644429265
-1,6.08,49,16.9,2,Polynomial ridge d2,114,0.631739,0.8224148017629318,0.0160983,0.006482170064745704,39.24259083257239,34.75233304493287
5,5.8,61,17.0,2,Polynomial ridge d2,116,1.32957,1.318984682937292,0.0339311,0.022255776374174877,39.18440604637044,37.683159765554144
13,7.1,54,19.7,2,Polynomial ridge d2,118,1.89884,1.851380958259518,0.0803914,0.07520994998724088,23.619939446259178,30.698443546545114
4,3.15,31,18.4,2,Polynomial ridge d2,124,0.807066,0.8551206265591696,0.0191064,0.006819069504846613,42.24061047607084,33.68191180579955
19,1.68,54,28.0,2,Polynomial ridge d2,126,1.44333,1.2590421149565105,0.10566,0.11486637873952064,13.660136286201022,21.144285558984773
13,8.2,49,12.9,2,Polynomial ridge d2,131,2.1705,1.9499453909224405,0.0824069,0.10311640884245796,26.33881386146063,28.585409662346503
3,2.2,58,19.0,2,Polynomial ridge d2,132,0.628419,0.7161849826778097,0.0158514,0.002425943355660959,39.644384723115934,28.36988258694024
13,6.96,53,16.9,2,Polynomial ridge d2,140,1.98197,1.8394031006620772,0.0778814,0.08588839489554305,25.448566666752267,31.45524555137295
5,5.8,49,7.6,2,Polynomial ridge d2,141,1.30011,1.2264062232450441,0.0284334,0.04107080778840577,45.724746249129545,41.34833900729196
13,1.57,60,1.0,2,Polynomial ridge d2,144,1.00664,1.0013705784075466,0.221572,0.15801935830485084,4.543173325149387,22.212581367948452
5,2.58,30,17.6,2,Polynomial ridge d2,145,0.852244,0.860511206432972,0.0198648,0.0112764411819423,42.902219000443,32.735969096403515
2,5.95,50,5.9,2,Polynomial ridge d2,152,0.982012,1.0028877961226863,0.0186747,0.027902425709854184,52.58515531708676,41.43901443146895
18,5.81,46,8.8,2,Polynomial ridge d2,157,1.39108,1.6795182387264185,0.205359,0.20665257971294226,6.773893523049878,19.682616419685857
-3,5.75,45,6.6,2,Polynomial ridge d2,165,0.353279,0.5313125404419645,0.01039,0.008757736117697458,34.00182868142445,36.84569231911035
16,6.68,53,15.1,2,Polynomial ridge d2,168,2.10097,1.874942896402564,0.101376,0.1348244858951685,20.724530460858585,25.552469504454802
5,5.8,49,16.9,2,Polynomial ridge d2,176,1.25887,1.2860347750477188,0.031029,0.017796305700924955,40.57075638918431,39.35645471384933
7,6.92,60,16.3,2,Polynomial ridge d2,181,1.61302,1.5855573810506107,0.046546,0.035971087995335334,34.654320457182145,37.473030623731994
17,1.37,38,32.7,2,Polynomial ridge d2,182,1.04319,0.9978539309538038,0.0928584,0.08379854133010756,11.234201752345507,22.59113144855872
16,8.87,36,30.1,2,Polynomial ridge d2,192,1.55485,1.8916281367539833,0.138332,0.06750773559223822,11.239987855304628,15.051638884937802
-3,5.83,19,2.9,2,Polynomial ridge d2,193,0.0947084,0.43729434087536945,0.0441903,0.0035636330686810297,2.143194320925633,35.758722840633084
1,1.62,62,1.0,2,Polynomial ridge d2,195,0.35687,0.3250677308818152,0.00783263,0.022847699699485927,45.56196322308088,25.282803541750443
19,8.74,53,18.4,2,Polynomial ridge d2,199,2.19571,2.14957352153176,0.147497,0.16343693637505263,14.886472267232556,9.984961517756236
4,8.36,54,13.7,2,Polynomial ridge d2,204,1.5009,1.5422401140698156,0.0388447,0.02350797680438272,38.63847577661817,38.171750964856784
10,6.82,58,16.4,2,Polynomial ridge d2,209,1.86448,1.727492111107607,0.0606944,0.05801909261047399,30.719143776032052,35.57183081148432
13,8.2,69,12.9,2,Polynomial ridge d2,210,2.18493,2.0493208415477,0.093055,0.11313344377438705,23.47998495513406,25.85881889349125
19,8.72,5,1.0,2,Polynomial ridge d2,227,1.21524,1.533250277839747,0.386538,0.28522666716997574,3.143908231532217,-7.767044404510742
-1,1.38,64,1.0,2,Polynomial ridge d2,228,0.0883007,0.12023650687485188,0.00629796,0.012048479880856153,14.02052410621852,20.856510233608994
12,8.74,49,11.4,2,Polynomial ridge d2,229,2.16797,1.9691435999768938,0.0800127,0.09776572267173768,27.09532361737574,28.95921631559109
1,6.21,46,1.0,2,Polynomial ridge d2,244,0.863749,0.8287928824782563,0.0144515,0.03637309005591143,59.768812925993835,41.91054713834864
15,1.38,64,1.0,2,Polynomial ridge d2,248,0.996974,1.0530580348780696,0.259163,0.1923290857154364,3.8468994416641267,17.40585728521642
1,1.38,64,1.7,2,Polynomial ridge d2,250,0.320746,0.3215640321604385,0.00745731,0.0197232384046339,43.01095167024034,23.644303516313755
7,8.45,45,12.3,2,Polynomial ridge d2,255,1.7757,1.70898470389166,0.0498507,0.04089649204231903,35.62036240213277,37.44121559084091
0,8.47,46,12.3,2,Polynomial ridge d2,265,1.02449,1.2119744475003098,0.022979,0.008716156115726036,44.58375038078245,38.45486256863443
13,7.49,49,12.7,2,Polynomial ridge d2,284,2.12753,1.8644525365401128,0.07881,0.10414441762779561,26.995685826671743,30.51454890493374
14,8.77,47,11.4,2,Polynomial ridge d2,290,2.22332,2.017052125872713,0.0928355,0.1239105542054966,23.949028119630963,24.18971295900922
2,4.87,69,6.3,2,Polynomial ridge d2,297,0.997222,0.9327179057238578,0.0197228,0.033099876683946275,50.5618877644148,36.291816755169485
5,3.32,49,35.7,2,Polynomial ridge d2,307,0.506055,0.5490834502662585,0.0295031,0.02255580037005636,17.15260430259871,23.506408036235865
3,8.41,54,14.0,2,Polynomial ridge d2,312,1.39777,1.4747533959724204,0.0352926,0.018872911426972575,39.60518635634666,37.98777901998135
2,1.32,64,1.0,2,Polynomial ridge d2,329,0.403206,0.38002095111872547,0.0118465,0.02772574175127346,34.03587557506437,24.2369980105328
13,8.2,49,12.7,2,Polynomial ridge d2,331,2.18206,1.94818136094972,0.0835067,0.10413620317009037,26.130358402379688,28.57782648208596
1,3.57,46,28.5,2,Polynomial ridge d2,335,0.407084,0.49597374969594565,0.0181026,0.013349329068355953,22.487598466518623,24.694820037950088
9,3.32,61,2.5,2,Polynomial ridge d2,352,1.08782,1.0946727239401532,0.122483,0.09938591000646617,8.881395785537585,33.06650035497416
19,1.29,53,17.2,2,Polynomial ridge d2,356,1.31444,1.3193290986848105,0.140261,0.16137920991320653,9.371386201438748,18.82168016574461
-4,3.47,52,1.0,2,Polynomial ridge d2,360,-0.0969782,0.04273217473884516,0.0389484,0.011251989124764258,-2.4899148617144733,28.6192165316653
0,2.97,45,1.0,2,Polynomial ridge d2,362,0.360038,0.3546030836901476,0.00738022,0.019841713499225054,48.78418258534299,32.691197898108385
22,5.66,59,33.4,2,Polynomial ridge d2,368,1.53001,1.5922322851068558,0.185881,0.1419925660553975,8.23112636579317,10.349580409420124
-12,9.5,56,11.7,2,Polynomial ridge d2,371,0.0466695,-0.05657044298356384,0.102868,0.06523084375979923,0.45368336120076214,13.940813864767017
-15,9.5,51,8.5,2,Polynomial ridge d2,382,0.00310215,-0.51737218303225,0.149869,0.08317602748764184,0.020699077194082833,8.156084000451738
1,0.0,33,1.0,2,Polynomial ridge d2,386,0.113081,0.06810722287797688,0.00639801,0.011543718325068522,17.67440188433591,16.82483948232724
6,2.55,45,14.3,2,Polynomial ridge d2,395,1.00719,0.9613484624498341,0.0226913,0.02119154351265854,44.386615134434784,34.65902479125971
4,8.7,48,10.7,2,Polynomial ridge d2,396,1.5148,1.54909487511584,0.0370895,0.027290037581829137,40.84174766443333,39.13255299687087
4,2.04,44,1.1,2,Polynomial ridge d2,400,0.669732,0.5541697255771876,0.0269713,0.04344488584946487,24.831283623703715,31.173283934715187
12,8.59,41,10.8,2,Polynomial ridge d2,401,2.17158,1.9074884392866753,0.0764029,0.09743409972477123,28.422743115771787,29.341801980313868
22,8.72,53,1.0,2,Polynomial ridge d2,402,1.38227,1.8018451250853023,0.497824,0.36652372007343476,2.7766238670694867,-10.091663207345562
14,8.72,37,11.6,2,Polynomial ridge d2,406,2.18676,1.9645248048181312,0.0903807,0.1190639222560039,24.194988531843638,23.88266075141511
1,1.02,39,2.2,2,Polynomial ridge d2,420,0.226367,0.23082762040269444,0.00662149,0.012739086764575865,34.18671628289101,23.988914184098295
0,5.61,51,1.0,2,Polynomial ridge d2,422,0.706978,0.6854176614186093,0.0118012,0.031881530244882175,59.9072975629597,40.272237897952685
1,7.42,60,1.4,2,Polynomial ridge d2,426,1.12724,1.0274039685001113,0.0212281,0.046942200033254874,53.10131382460041,40.89378032989442
0,0.0,46,1.0,2,Polynomial ridge d2,428,0.00285041,0.011481364030383467,0.00571472,0.004933426814065958,0.4987838424279754,15.954858813774118
7,8.6,50,11.3,2,Polynomial ridge d2,436,1.83091,1.7360838438650381,0.0519259,0.04704307378506033,35.260053268214904,37.068285432397765
3,9.34,56,28.4,2,Polynomial ridge d2,437,1.0742,1.397781605293344,0.044695,0.012457625818407418,24.034008278330912,24.823657800284995
12,8.34,49,10.8,2,Polynomial ridge d2,447,2.14523,1.914212179369494,0.0765219,0.10094314243789368,28.03419674629093,30.19696658044685
11,8.55,46,12.3,2,Polynomial ridge d2,448,2.0656,1.9081047149044708,0.0707471,0.08003828817392072,29.19695648302192,31.6036515724945
-1,1.8,41,1.0,2,Polynomial ridge d2,451,0.0963159,0.12037185898292235,0.00751665,0.009150942488971935,12.813673644509189,25.83930103074797
1,2.23,46,2.7,2,Polynomial ridge d2,452,0.388098,0.39981163719151247,0.00802423,0.017508062026100744,48.365762197743585,30.46365813838129
17,8.95,53,16.3,2,Polynomial ridge d2,454,2.22317,2.157549322664765,0.124044,0.14320718312685055,17.922430750378897,15.273644356848003
9,9.43,25,6.6,2,Polynomial ridge d2,457,1.97084,1.7674044882024669,0.057143,0.07411630201082171,34.48961377596556,30.227277146437416
4,9.46,34,6.5,2,Polynomial ridge d2,470,1.49718,1.5434689911701163,0.0344408,0.03174624206895208,43.47111565352721,38.085364877229296
5,4.41,43,3.1,2,Polynomial ridge d2,473,1.06533,0.9469969285937787,0.0265486,0.05273652480578365,40.127539681941805,39.34673195379503
-15,5.18,33,32.9,2,Random forest,3,-0.635606,-0.4899784264134923,0.03902,0.04729041325436505,-16.289236289082524,-14.385636024968091
3,0.0,25,18.7,2,Random forest,5,0.338081,0.4447803080664016,0.0122829,0.016543275789550234,27.52452596699477,28.96966694726613
10,6.91,57,1.0,2,Random forest,7,1.38136,1.4059235113571424,0.145354,0.13793626900793668,9.503419238548645,11.696785287945236
25,9.5,59,1.0,2,Random forest,16,1.41213,1.3439753228493616,0.601579,0.39275066354366284,2.3473724980426516,3.614232078486257
-1,4.11,41,21.6,2,Random forest,17,0.330184,0.3755137843952383,0.013635,0.01568421271714285,24.215914924825814,22.258822477826637
7,8.64,0,28.9,2,Random forest,22,1.1725,1.1803622424190476,0.0500521,0.04855510917936511,23.42559053466288,24.503314054110486
-1,1.68,43,19.7,2,Random forest,23,0.0871575,0.1270497505589684,0.011135,0.011357135987261914,7.827346205657835,10.773638409812309
-8,3.87,11,15.4,2,Random forest,24,-0.481608,-0.49520826024206344,0.0218218,0.037857393216269825,-22.07004005169143,-16.77245697640491
23,7.08,49,1.6,2,Random forest,26,1.27134,1.3062770289551824,0.491058,0.3759402465992182,2.5889813423261607,3.6471463162132145
25,7.77,75,25.8,2,Random forest,29,1.92007,1.8180326421984152,0.27399,0.23996776844973533,7.007810504032993,7.784422021608158
14,8.72,54,1.0,2,Random forest,31,1.62725,1.5562280185846573,0.270243,0.19829806492989413,6.021432562545561,9.37109358467797
5,1.58,56,17.8,2,Random forest,37,0.77454,0.8761532471917989,0.0185379,0.02250141365955025,41.781431553735864,39.093788392193616
25,7.77,49,37.3,2,Random forest,42,1.42885,1.7626353648968265,0.270326,0.2425524764417989,5.285655097918808,7.433450001419953
-1,5.91,43,21.5,2,Random forest,45,0.53433,0.5104331696285711,0.0166119,0.017924335734920603,32.1654958192621,27.567002578709907
2,7.77,75,25.8,2,Random forest,46,1.03513,1.0176722044484123,0.038257,0.038138492437698415,27.05727056486395,26.939209876838447
4,1.6,34,20.2,2,Random forest,57,0.632275,0.7051490280211631,0.0166073,0.018486873620714286,38.0721128660288,38.31539424758212
22,8.49,49,16.5,2,Random forest,60,1.99425,1.8758841702169309,0.20296,0.21163342137037025,9.825827749310209,9.31274034607778
5,8.72,54,17.0,2,Random forest,66,1.54692,1.5153503906878312,0.0450442,0.04384665758465611,34.34226826095258,34.84564694109803
19,5.8,49,11.6,2,Random forest,67,1.55542,1.7537999588201076,0.189838,0.18611640234153434,8.193407010187633,10.667588280373382
5,2.07,48,14.9,2,Random forest,74,0.836503,0.963719185174603,0.018807,0.02244937820460317,44.478279364066566,43.25583831210416
3,4.25,54,4.7,2,Random forest,83,0.904181,0.9174481808478843,0.0166593,0.017839820051957687,54.2748494834717,52.10756550220038
-15,2.07,46,19.0,2,Random forest,84,-1.12612,-0.6780328790484127,0.056998,0.041305949604761874,-19.757184462612724,-19.370793405008147
3,5.96,54,14.3,2,Random forest,86,1.11255,1.0665656581534393,0.0253016,0.025516638587566108,43.9715274923325,42.38555692268993
7,2.28,53,12.5,2,Random forest,94,1.10431,1.1113032324960315,0.0250915,0.025705313356349208,44.011318574019086,43.441263140061444
13,8.61,53,17.0,2,Random forest,108,2.07933,2.063702757764551,0.0892104,0.08408223396521172,23.30815689650534,24.721363695667964
11,7.19,59,17.4,2,Random forest,109,1.94444,1.8972227321693145,0.0696392,0.0684603348140212,27.921630346126893,27.808824624333337
-5,8.72,53,19.2,2,Random forest,110,0.452712,0.2886168578460317,0.0180435,0.03273207889973547,25.090032421647685,17.214565785586647
-1,6.08,49,16.9,2,Random forest,114,0.631739,0.5902976414547618,0.0160983,0.017316966305317448,39.24259083257239,32.184624994540556
5,5.8,61,17.0,2,Random forest,116,1.32957,1.1681956208386242,0.0339311,0.031363342232010594,39.18440604637044,38.298624963391894
13,7.1,54,19.7,2,Random forest,118,1.89884,1.890790975291007,0.0803914,0.08164815393571444,23.619939446259178,23.4502980966537
4,3.15,31,18.4,2,Random forest,124,0.807066,0.7833748959933854,0.0191064,0.019499262622089942,42.24061047607084,40.0921113733798
19,1.68,54,28.0,2,Random forest,126,1.44333,1.3514862317380931,0.10566,0.1484552543349207,13.660136286201022,9.25891197409088
13,8.2,49,12.9,2,Random forest,131,2.1705,2.098446505291007,0.0824069,0.08205258390833331,26.33881386146063,25.605255692994035
3,2.2,58,19.0,2,Random forest,132,0.628419,0.7829141380767193,0.0158514,0.020745449799074063,39.644384723115934,37.404897552632264
13,6.96,53,16.9,2,Random forest,140,1.98197,1.9967175078439163,0.0778814,0.08138407503862446,25.448566666752267,24.710209882987616
5,5.8,49,7.6,2,Random forest,141,1.30011,1.2085634964484118,0.0284334,0.03244085114325399,45.724746249129545,41.89909002271272
13,1.57,60,1.0,2,Random forest,144,1.00664,1.3723063768888883,0.221572,0.19202108175751334,4.543173325149387,8.499799681780964
5,2.58,30,17.6,2,Random forest,145,0.852244,0.8880193352261896,0.0198648,0.022187660530952374,42.902219000443,40.400722037521575
2,5.95,50,5.9,2,Random forest,152,0.982012,0.9769936266626981,0.0186747,0.019178433361507943,52.58515531708676,51.219198560196006
18,5.81,46,8.8,2,Random forest,157,1.39108,1.7316408418835973,0.205359,0.1902018703375661,6.773893523049878,10.074106262817496
-3,5.75,45,6.6,2,Random forest,165,0.353279,0.0932878556859788,0.01039,0.045238765739100524,34.00182868142445,11.535053916613824
16,6.68,53,15.1,2,Random forest,168,2.10097,1.9937605235634912,0.101376,0.12002242299841276,20.724530460858585,17.114946750845355
5,5.8,49,16.9,2,Random forest,176,1.25887,1.1157532966939634,0.031029,0.029027418775517073,40.57075638918431,38.92044700740239
7,6.92,60,16.3,2,Random forest,181,1.61302,1.6182365709280901,0.046546,0.04812286063332132,34.654320457182145,34.346606898527895
17,1.37,38,32.7,2,Random forest,182,1.04319,1.3780224229603162,0.0928584,0.1428096637087302,11.234201752345507,10.01726860408976
16,8.87,36,30.1,2,Random forest,192,1.55485,1.8561080638915353,0.138332,0.12764064655264548,11.239987855304628,15.107140243776751
-3,5.83,19,2.9,2,Random forest,193,0.0947084,0.10745085260936516,0.0441903,0.04540966584460315,2.143194320925633,9.893773666658046
1,1.62,62,1.0,2,Random forest,195,0.35687,0.3757970903531743,0.00783263,0.00842775690001322,45.56196322308088,44.94968601844314
19,8.74,53,18.4,2,Random forest,199,2.19571,2.1856960865179254,0.147497,0.14766727301072072,14.886472267232556,14.843250351294573
4,8.36,54,13.7,2,Random forest,204,1.5009,1.393647223494708,0.0388447,0.035809805021957665,38.63847577661817,39.16735222807902
10,6.82,58,16.4,2,Random forest,209,1.86448,1.8821340702380955,0.0606944,0.063883649888492,30.719143776032052,29.743822880740215
13,8.2,69,12.9,2,Random forest,210,2.18493,2.0822612942592604,0.093055,0.08260827634206347,23.47998495513406,25.290767974332518
19,8.72,5,1.0,2,Random forest,227,1.21524,1.3614071987805783,0.386538,0.37307672408334513,3.143908231532217,3.893380876647784
-1,1.38,64,1.0,2,Random forest,228,0.0883007,0.10042145058007934,0.00629796,0.0068449091637037005,14.02052410621852,14.828721009004312
12,8.74,49,11.4,2,Random forest,229,2.16797,2.090281418055558,0.0800127,0.07772733391653439,27.09532361737574,27.076975901334414
1,6.21,46,1.0,2,Random forest,244,0.863749,0.8601238200965611,0.0144515,0.015366739517936523,59.768812925993835,56.52591405075469
15,1.38,64,1.0,2,Random forest,248,0.996974,1.402714940888889,0.259163,0.19672367514179898,3.8468994416641267,8.318944642198563
1,1.38,64,1.7,2,Random forest,250,0.320746,0.34514334896583887,0.00745731,0.009939516361542809,43.01095167024034,35.0937234889343
7,8.45,45,12.3,2,Random forest,255,1.7757,1.7709775213492063,0.0498507,0.049896423751322756,35.62036240213277,35.530850415780826
0,8.47,46,12.3,2,Random forest,265,1.02449,1.1332703398214297,0.022979,0.026934522397222212,44.58375038078245,42.5233759904087
13,7.49,49,12.7,2,Random forest,284,2.12753,2.069442647711643,0.07881,0.0818124219642857,26.995685826671743,25.362992578649763
14,8.77,47,11.4,2,Random forest,290,2.22332,2.071201743256611,0.0928355,0.09904817168161376,23.949028119630963,21.876022142964167
2,4.87,69,6.3,2,Random forest,297,0.997222,0.9708655864841271,0.0197228,0.023821011231375654,50.5618877644148,43.313003477016885
5,3.32,49,35.7,2,Random forest,307,0.506055,0.7768107901317464,0.0295031,0.03586068370039685,17.15260430259871,22.77119030316335
3,8.41,54,14.0,2,Random forest,312,1.39777,1.3587451986613752,0.0352926,0.034875044000000015,39.60518635634666,39.26251642593711
2,1.32,64,1.0,2,Random forest,329,0.403206,0.42561718014504524,0.0118465,0.018258050803897325,34.03587557506437,33.43568442007083
13,8.2,49,12.7,2,Random forest,331,2.18206,2.101477768822753,0.0835067,0.08216860507301582,26.130358402379688,25.60707626128561
1,3.57,46,28.5,2,Random forest,335,0.407084,0.7552254276079364,0.0181026,0.03031617738214287,22.487598466518623,25.09557607623642
9,3.32,61,2.5,2,Random forest,352,1.08782,1.3526466128174597,0.122483,0.10316588298571433,8.881395785537585,19.315218930102375
19,1.29,53,17.2,2,Random forest,356,1.31444,1.3312293753412674,0.140261,0.14291229362592597,9.371386201438748,9.408242722525182
-4,3.47,52,1.0,2,Random forest,360,-0.0969782,-0.016022427329603173,0.0389484,0.04150997790023808,-2.4899148617144733,4.694148733733884
0,2.97,45,1.0,2,Random forest,362,0.360038,0.45272072629285715,0.00738022,0.00928646395182539,48.78418258534299,47.71891203142805
22,5.66,59,33.4,2,Random forest,368,1.53001,1.7102611540873025,0.185881,0.2144696444497352,8.23112636579317,8.191956999363017
-12,9.5,56,11.7,2,Random forest,371,0.0466695,-0.013183312560533934,0.102868,0.05689785063131312,0.45368336120076214,4.320665267428438
-15,9.5,51,8.5,2,Random forest,382,0.00310215,0.005026781003809527,0.149869,0.057566079615555536,0.020699077194082833,5.817651636851149
1,0.0,33,1.0,2,Random forest,386,0.113081,0.11269649786879112,0.00639801,0.01152509921518517,17.67440188433591,8.204605220545709
6,2.55,45,14.3,2,Random forest,395,1.00719,1.0177032723055557,0.0226913,0.023641409315873014,44.386615134434784,43.493905101727734
4,8.7,48,10.7,2,Random forest,396,1.5148,1.4477878548756635,0.0370895,0.035517253410582005,40.84174766443333,41.087523411442234
4,2.04,44,1.1,2,Random forest,400,0.669732,0.5952168287976188,0.0269713,0.01574747945825396,24.831283623703715,43.551946288898165
12,8.59,41,10.8,2,Random forest,401,2.17158,2.086861482328044,0.0764029,0.07497883855066144,28.422743115771787,28.16395671760043
22,8.72,53,1.0,2,Random forest,402,1.38227,1.3569590591985676,0.497824,0.3905481084563612,2.7766238670694867,3.6971175512686547
14,8.72,37,11.6,2,Random forest,406,2.18676,1.9231426192619043,0.0903807,0.10756179785145503,24.194988531843638,19.608953710050816
1,1.02,39,2.2,2,Random forest,420,0.226367,0.2478308840009259,0.00662149,0.008764298020925923,34.18671628289101,27.33579845535846
0,5.61,51,1.0,2,Random forest,422,0.706978,0.7584412236984129,0.0118012,0.013443004920846558,59.9072975629597,56.60941839818252
1,7.42,60,1.4,2,Random forest,426,1.12724,1.0724215915449737,0.0212281,0.020606942252592575,53.10131382460041,52.23356380477866
0,0.0,46,1.0,2,Random forest,428,0.00285041,0.0065605865336534385,0.00571472,0.00865990785835979,0.4987838424279754,0.9124337644905886
7,8.6,50,11.3,2,Random forest,436,1.83091,1.777974452751323,0.0519259,0.04999845452486776,35.260053268214904,35.6743262358285
3,9.34,56,28.4,2,Random forest,437,1.0742,0.995434230186508,0.044695,0.03711843180793653,24.034008278330912,27.13055839422152
12,8.34,49,10.8,2,Random forest,447,2.14523,2.088738249867727,0.0765219,0.0771908494107143,28.03419674629093,27.224915252514016
11,8.55,46,12.3,2,Random forest,448,2.0656,2.048099704957265,0.0707471,0.06967956359627593,29.19695648302192,29.423361735076124
-1,1.8,41,1.0,2,Random forest,451,0.0963159,0.1369206829801587,0.00751665,0.007708411151825395,12.813673644509189,17.561141183302297
1,2.23,46,2.7,2,Random forest,452,0.388098,0.47528347268915355,0.00802423,0.009631043593928572,48.365762197743585,48.96126853582715
17,8.95,53,16.3,2,Random forest,454,2.22317,2.1480939254212466,0.124044,0.13100788295161775,17.922430750378897,16.548797536215993
9,9.43,25,6.6,2,Random forest,457,1.97084,1.8582187582698406,0.057143,0.05843543231904758,34.48961377596556,32.9294153195062
4,9.46,34,6.5,2,Random forest,470,1.49718,1.236074927384922,0.0344408,0.028177910641269843,43.47111565352721,45.23431725632849
5,4.41,43,3.1,2,Random forest,473,1.06533,1.1474095590992062,0.0265486,0.03177371965317461,40.127539681941805,42.12897255461697
-15,5.18,33,32.9,2,Gradient boosting,3,-0.635606,-0.6105658914282143,0.03902,0.06853089489474766,-16.289236289082524,-23.499577005692604
3,0.0,25,18.7,2,Gradient boosting,5,0.338081,0.3167198885125229,0.0122829,0.01343418724248724,27.52452596699477,27.651288829859944
10,6.91,57,1.0,2,Gradient boosting,7,1.38136,1.465413413474821,0.145354,0.14748050313389868,9.503419238548645,15.14556218589078
25,9.5,59,1.0,2,Gradient boosting,16,1.41213,1.1371602420942493,0.601579,0.5623723746956139,2.3473724980426516,-2.6332571506063407
-1,4.11,41,21.6,2,Gradient boosting,17,0.330184,0.38991899576293954,0.013635,0.00921726753737643,24.215914924825814,23.200593313691982
7,8.64,0,28.9,2,Gradient boosting,22,1.1725,1.134877490777825,0.0500521,0.05329302970333576,23.42559053466288,23.824630414191933
-1,1.68,43,19.7,2,Gradient boosting,23,0.0871575,0.0725830679507211,0.011135,0.0091671713962123,7.827346205657835,5.785192435588211
-8,3.87,11,15.4,2,Gradient boosting,24,-0.481608,-0.46447838560220417,0.0218218,0.06033644830918627,-22.07004005169143,-21.049153315028477
23,7.08,49,1.6,2,Gradient boosting,26,1.27134,1.2497311441625347,0.491058,0.4249087741793945,2.5889813423261607,-1.236000806297376
25,7.77,75,25.8,2,Gradient boosting,29,1.92007,1.9551701534392976,0.27399,0.24730358642396,7.007810504032993,4.738883762510229
14,8.72,54,1.0,2,Gradient boosting,31,1.62725,1.5431549996780438,0.270243,0.2521465060500372,6.021432562545561,5.323033211045404
5,1.58,56,17.8,2,Gradient boosting,37,0.77454,0.7381911989999961,0.0185379,0.019882227294785153,41.781431553735864,38.318900617563386
25,7.77,49,37.3,2,Gradient boosting,42,1.42885,1.2189351562488944,0.270326,0.24899304599160652,5.285655097918808,2.16426065685091
-1,5.91,43,21.5,2,Gradient boosting,45,0.53433,0.47906590279234035,0.0166119,0.02076611361049553,32.1654958192621,27.187927757738088
2,7.77,75,25.8,2,Gradient boosting,46,1.03513,1.2056293925442907,0.038257,0.03405736378330857,27.05727056486395,24.60964150338245
4,1.6,34,20.2,2,Gradient boosting,57,0.632275,0.6422290237851876,0.0166073,0.017344374814671,38.0721128660288,37.66168489947501
22,8.49,49,16.5,2,Gradient boosting,60,1.99425,2.1056176145826884,0.20296,0.19474843300093023,9.825827749310209,10.677321457970136
5,8.72,54,17.0,2,Gradient boosting,66,1.54692,1.6102814410249995,0.0450442,0.04296522475636407,34.34226826095258,37.097946967061084
19,5.8,49,11.6,2,Gradient boosting,67,1.55542,1.6159908002523595,0.189838,0.16936206690248046,8.193407010187633,13.804078549799991
5,2.07,48,14.9,2,Gradient boosting,74,0.836503,0.8179102885627384,0.018807,0.019641784568980854,44.478279364066566,42.21564507879625
3,4.25,54,4.7,2,Gradient boosting,83,0.904181,0.955644922505962,0.0166593,0.012688794485973763,54.2748494834717,51.39315081746631
-15,2.07,46,19.0,2,Gradient boosting,84,-1.12612,-1.1252678427446225,0.056998,0.054089938185699966,-19.757184462612724,-22.58382829561282
3,5.96,54,14.3,2,Gradient boosting,86,1.11255,0.9914603233981485,0.0253016,0.026158503855073293,43.9715274923325,43.89414436185602
7,2.28,53,12.5,2,Gradient boosting,94,1.10431,1.1582310499793371,0.0250915,0.029077648044548307,44.011318574019086,39.59353593367299
13,8.61,53,17.0,2,Gradient boosting,108,2.07933,2.126494865458681,0.0892104,0.08155614532839967,23.30815689650534,23.643628063746306
11,7.19,59,17.4,2,Gradient boosting,109,1.94444,1.9203093323027738,0.0696392,0.06655872938082744,27.921630346126893,28.420010433070757
-5,8.72,53,19.2,2,Gradient boosting,110,0.452712,0.5652914016043245,0.0180435,0.01462481608023414,25.090032421647685,24.060747295148214
-1,6.08,49,16.9,2,Gradient boosting,114,0.631739,0.5930507550378753,0.0160983,0.019669382114144214,39.24259083257239,35.16806608209304
5,5.8,61,17.0,2,Gradient boosting,116,1.32957,1.111508649551557,0.0339311,0.03301217223846809,39.18440604637044,41.339256957455405
13,7.1,54,19.7,2,Gradient boosting,118,1.89884,1.9218479130223045,0.0803914,0.08054838583722489,23.619939446259178,23.12636917689969
4,3.15,31,18.4,2,Gradient boosting,124,0.807066,0.8208149568203361,0.0191064,0.015413955592054756,42.24061047607084,46.216908493646436
19,1.68,54,28.0,2,Gradient boosting,126,1.44333,1.1995167445341524,0.10566,0.13740323708829463,13.660136286201022,10.995350367556812
13,8.2,49,12.9,2,Gradient boosting,131,2.1705,2.1117493592834355,0.0824069,0.080595029838374,26.33881386146063,24.46928867834088
3,2.2,58,19.0,2,Gradient boosting,132,0.628419,0.4915664785922833,0.0158514,0.013729550369796145,39.644384723115934,37.97195683530659
13,6.96,53,16.9,2,Gradient boosting,140,1.98197,1.9334758389899014,0.0778814,0.07973673959290423,25.448566666752267,23.683714191447038
5,5.8,49,7.6,2,Gradient boosting,141,1.30011,1.145714312621551,0.0284334,0.032743522342088355,45.724746249129545,42.41652177960326
13,1.57,60,1.0,2,Gradient boosting,144,1.00664,1.076629395381782,0.221572,0.19619430875534574,4.543173325149387,7.070687795223348
5,2.58,30,17.6,2,Gradient boosting,145,0.852244,0.8582444557931233,0.0198648,0.019592052734782144,42.902219000443,42.50326452907771
2,5.95,50,5.9,2,Gradient boosting,152,0.982012,0.9621070546497639,0.0186747,0.020803439510230785,52.58515531708676,50.12139904953459
18,5.81,46,8.8,2,Gradient boosting,157,1.39108,1.4521609538285332,0.205359,0.15959682515567009,6.773893523049878,13.657635926049737
-3,5.75,45,6.6,2,Gradient boosting,165,0.353279,0.2722624856710578,0.01039,0.018748650255413807,34.00182868142445,23.387794167146183
16,6.68,53,15.1,2,Gradient boosting,168,2.10097,1.9007408142654019,0.101376,0.12638956584239888,20.724530460858585,17.494604046123726
5,5.8,49,16.9,2,Gradient boosting,176,1.25887,1.1187023766849715,0.031029,0.03259235843461449,40.57075638918431,41.27649168727973
7,6.92,60,16.3,2,Gradient boosting,181,1.61302,1.6462545410644958,0.046546,0.04847211370934607,34.654320457182145,35.16576451020522
17,1.37,38,32.7,2,Gradient boosting,182,1.04319,1.049272219500237,0.0928584,0.12334387494681566,11.234201752345507,10.821618757236507
16,8.87,36,30.1,2,Gradient boosting,192,1.55485,1.7194941357957698,0.138332,0.1239471920302604,11.239987855304628,9.975597462591375
-3,5.83,19,2.9,2,Gradient boosting,193,0.0947084,0.26117713132511877,0.0441903,0.04192007154409699,2.143194320925633,17.250759338737254
1,1.62,62,1.0,2,Gradient boosting,195,0.35687,0.3622577305255139,0.00783263,0.007314677910682537,45.56196322308088,44.86953722071427
19,8.74,53,18.4,2,Gradient boosting,199,2.19571,2.1074565528889493,0.147497,0.15056014883728866,14.886472267232556,14.378305652772932
4,8.36,54,13.7,2,Gradient boosting,204,1.5009,1.5440678893985849,0.0388447,0.036985584462801716,38.63847577661817,41.80426032399547
10,6.82,58,16.4,2,Gradient boosting,209,1.86448,1.8733207783518242,0.0606944,0.060554683985595506,30.719143776032052,31.196928309177228
13,8.2,69,12.9,2,Gradient boosting,210,2.18493,2.196000847540793,0.093055,0.08320056013809382,23.47998495513406,21.317091099828108
19,8.72,5,1.0,2,Gradient boosting,227,1.21524,0.9711674905650387,0.386538,0.40669580526525456,3.143908231532217,-10.59918923232844
-1,1.38,64,1.0,2,Gradient boosting,228,0.0883007,0.08912114955007855,0.00629796,0.007323735774448902,14.02052410621852,15.312875103882345
12,8.74,49,11.4,2,Gradient boosting,229,2.16797,2.1351188555406986,0.0800127,0.07734714062839888,27.09532361737574,26.336454028398087
1,6.21,46,1.0,2,Gradient boosting,244,0.863749,0.9567362447313537,0.0144515,0.018878957938244175,59.768812925993835,51.112078350163316
15,1.38,64,1.0,2,Gradient boosting,248,0.996974,1.0256332688482452,0.259163,0.22976531321447266,3.8468994416641267,1.7207066787210707
1,1.38,64,1.7,2,Gradient boosting,250,0.320746,0.3174591605318173,0.00745731,0.007806603135435901,43.01095167024034,40.82478356081118
7,8.45,45,12.3,2,Gradient boosting,255,1.7757,1.759190218151573,0.0498507,0.04964357791411964,35.62036240213277,35.87414340825611
0,8.47,46,12.3,2,Gradient boosting,265,1.02449,1.0347671158847989,0.022979,0.024244450107629222,44.58375038078245,42.20820644386243
13,7.49,49,12.7,2,Gradient boosting,284,2.12753,2.0103489302567876,0.07881,0.07931692578905063,26.995685826671743,24.46928867834088
14,8.77,47,11.4,2,Gradient boosting,290,2.22332,2.075981388222013,0.0928355,0.09598707119403459,23.949028119630963,22.20126567394726
2,4.87,69,6.3,2,Gradient boosting,297,0.997222,1.0716768407604889,0.0197228,0.01755517599779035,50.5618877644148,44.039029254083935
5,3.32,49,35.7,2,Gradient boosting,307,0.506055,0.6761729933116077,0.0295031,0.02818530654645628,17.15260430259871,31.014109145548517
3,8.41,54,14.0,2,Gradient boosting,312,1.39777,1.3042544671662655,0.0352926,0.03372420856802283,39.60518635634666,41.56008800272713
2,1.32,64,1.0,2,Gradient boosting,329,0.403206,0.4129422492213439,0.0118465,0.012834382294931477,34.03587557506437,32.7031765211183
13,8.2,49,12.7,2,Gradient boosting,331,2.18206,2.1117493592834355,0.0835067,0.080595029838374,26.130358402379688,24.46928867834088
1,3.57,46,28.5,2,Gradient boosting,335,0.407084,0.47471072459137753,0.0181026,0.008603831902353217,22.487598466518623,31.49064864409081
9,3.32,61,2.5,2,Gradient boosting,352,1.08782,1.3582784894121598,0.122483,0.06156793183378725,8.881395785537585,30.48932935063703
19,1.29,53,17.2,2,Gradient boosting,356,1.31444,1.297493188862742,0.140261,0.13977338678687978,9.371386201438748,12.047522355941851
-4,3.47,52,1.0,2,Gradient boosting,360,-0.0969782,-0.12626799249555595,0.0389484,0.00727039138654224,-2.4899148617144733,3.9950875419443217
0,2.97,45,1.0,2,Gradient boosting,362,0.360038,0.22329547823919693,0.00738022,0.006791557153728548,48.78418258534299,44.113228886006034
22,5.66,59,33.4,2,Gradient boosting,368,1.53001,1.1957789205264555,0.185881,0.16650222171332663,8.23112636579317,2.499782933099618
-12,9.5,56,11.7,2,Gradient boosting,371,0.0466695,0.1057299788502741,0.102868,0.08540715771808859,0.45368336120076214,-0.5771640289924928
-15,9.5,51,8.5,2,Gradient boosting,382,0.00310215,0.09618456167254084,0.149869,0.11681769788479185,0.020699077194082833,8.195963085067621
1,0.0,33,1.0,2,Gradient boosting,386,0.113081,0.2181221385950842,0.00639801,0.008048933526169757,17.67440188433591,12.739942047736957
6,2.55,45,14.3,2,Gradient boosting,395,1.00719,1.109794602516752,0.0226913,0.027063935192144745,44.386615134434784,40.32915496875581
4,8.7,48,10.7,2,Gradient boosting,396,1.5148,1.535357808614208,0.0370895,0.036405529761969944,40.84174766443333,42.477602456382655
4,2.04,44,1.1,2,Gradient boosting,400,0.669732,0.7556227783819726,0.0269713,0.027339096583185427,24.831283623703715,42.20707088357208
12,8.59,41,10.8,2,Gradient boosting,401,2.17158,2.0407539857474815,0.0764029,0.0803973543686309,28.422743115771787,26.417222968919596
22,8.72,53,1.0,2,Gradient boosting,402,1.38227,1.41913544227091,0.497824,0.41287692730492703,2.7766238670694867,0.3772889931389739
14,8.72,37,11.6,2,Gradient boosting,406,2.18676,2.033521163097178,0.0903807,0.09276618331763757,24.194988531843638,21.948026469670605
1,1.02,39,2.2,2,Gradient boosting,420,0.226367,0.2887698685285265,0.00662149,0.0074638753152174615,34.18671628289101,32.049902046632425
0,5.61,51,1.0,2,Gradient boosting,422,0.706978,0.5872675242331107,0.0118012,0.017867551117689874,59.9072975629597,45.45278871616249
1,7.42,60,1.4,2,Gradient boosting,426,1.12724,1.092913732815383,0.0212281,0.02215611522884227,53.10131382460041,49.676000772273845
0,0.0,46,1.0,2,Gradient boosting,428,0.00285041,0.025534792625583544,0.00571472,0.006857780324339136,0.4987838424279754,5.795042521244166
7,8.6,50,11.3,2,Gradient boosting,436,1.83091,1.8264961982783456,0.0519259,0.04977935928846684,35.260053268214904,36.02578376233183
3,9.34,56,28.4,2,Gradient boosting,437,1.0742,1.0608738670658913,0.044695,0.03658387146415314,24.034008278330912,31.747457362248632
12,8.34,49,10.8,2,Gradient boosting,447,2.14523,2.097320909888851,0.0765219,0.08418679295315111,28.03419674629093,25.80141992020874
11,8.55,46,12.3,2,Gradient boosting,448,2.0656,2.059622395392056,0.0707471,0.06750602617729493,29.19695648302192,29.188413259631073
-1,1.8,41,1.0,2,Gradient boosting,451,0.0963159,0.11830195251241676,0.00751665,0.006791557153728548,12.813673644509189,20.09589738757862
1,2.23,46,2.7,2,Gradient boosting,452,0.388098,0.3708618774962973,0.00802423,0.007274424514715547,48.365762197743585,50.25973364327271
17,8.95,53,16.3,2,Gradient boosting,454,2.22317,2.139804849884774,0.124044,0.13668104735562517,17.922430750378897,16.308815533690744
9,9.43,25,6.6,2,Gradient boosting,457,1.97084,1.9815169835735809,0.057143,0.055965299644378685,34.48961377596556,33.357303778891
4,9.46,34,6.5,2,Gradient boosting,470,1.49718,1.4796275913940613,0.0344408,0.03526822666709125,43.47111565352721,45.4883284619079
5,4.41,43,3.1,2,Gradient boosting,473,1.06533,1.050178599683364,0.0265486,0.02246926465774318,40.127539681941805,42.3384598541182
-11,6.05,16,8.1,3,Mean baseline,2,-0.31553,1.1692861381145834,0.135045,0.07664231609375,-2.336480432448443,25.09538252221059
18,0.86,82,15.2,3,Mean baseline,6,1.21799,1.1692861381145834,0.148159,0.07664231609375,8.220830324178753,25.09538252221059
7,8.64,0,29.4,3,Mean baseline,10,1.19124,1.1692861381145834,0.0494381,0.07664231609375,24.095586197689638,25.09538252221059
12,4.06,36,24.3,3,Mean baseline,36,1.44887,1.1692861381145834,0.0564505,0.07664231609375,25.666203133718923,25.09538252221059
-1,6.08,49,1.0,3,Mean baseline,38,0.632449,1.1692861381145834,0.0139275,0.07664231609375,45.41008795548375,25.09538252221059
13,7.1,54,16.9,3,Mean baseline,59,2.01453,1.1692861381145834,0.0790566,0.07664231609375,25.48212293470754,25.09538252221059
5,1.58,37,18.5,3,Mean baseline,69,0.736913,1.1692861381145834,0.0179447,0.07664231609375,41.06577429547443,25.09538252221059
-1,1.68,54,17.0,3,Mean baseline,81,0.106537,1.1692861381145834,0.0104838,0.07664231609375,10.162059558557013,25.09538252221059
7,2.28,54,17.0,3,Mean baseline,89,1.09185,1.1692861381145834,0.0264336,0.07664231609375,41.305384056655164,25.09538252221059
19,8.72,53,17.2,3,Mean baseline,92,2.22954,1.1692861381145834,0.145194,0.07664231609375,15.355593206330841,25.09538252221059
5,5.99,51,1.0,3,Mean baseline,96,1.26039,1.1692861381145834,0.0485936,0.07664231609375,25.93736623752922,25.09538252221059
12,6.87,59,17.3,3,Mean baseline,97,1.94743,1.1692861381145834,0.072967,0.07664231609375,26.689188263187468,25.09538252221059
19,8.72,53,15.8,3,Mean baseline,103,2.14333,1.1692861381145834,0.151896,0.07664231609375,14.110509822510139,25.09538252221059
10,8.4,48,18.4,3,Mean baseline,111,1.8644,1.1692861381145834,0.0674953,0.07664231609375,27.622664096611175,25.09538252221059
-7,5.35,49,2.8,3,Mean baseline,112,-0.290722,1.1692861381145834,0.088697,0.07664231609375,-3.2776982310562928,25.09538252221059
2,6.76,30,30.6,3,Mean baseline,119,0.689777,1.1692861381145834,0.0266676,0.07664231609375,25.86573219937302,25.09538252221059
11,6.46,58,15.2,3,Mean baseline,122,1.89031,1.1692861381145834,0.0633584,0.07664231609375,29.83519154524104,25.09538252221059
11,6.9,58,17.0,3,Mean baseline,123,1.92031,1.1692861381145834,0.0666119,0.07664231609375,28.828332475128317,25.09538252221059
14,3.09,23,11.6,3,Mean baseline,125,1.70104,1.1692861381145834,0.0671136,0.07664231609375,25.34568254422353,25.09538252221059
5,1.68,54,19.7,3,Mean baseline,129,0.784465,1.1692861381145834,0.019412,0.07664231609375,40.41134349886668,25.09538252221059
-2,4.55,0,38.9,3,Mean baseline,139,-0.0474308,1.1692861381145834,0.0217894,0.07664231609375,-2.176783206513259,25.09538252221059
5,7.98,43,19.5,3,Mean baseline,143,1.39832,1.1692861381145834,0.0397875,0.07664231609375,35.144706251963555,25.09538252221059
1,1.67,61,1.0,3,Mean baseline,146,0.361967,1.1692861381145834,0.00784669,0.07664231609375,46.129896809992495,25.09538252221059
5,5.87,65,40.0,3,Mean baseline,147,0.653923,1.1692861381145834,0.0412321,0.07664231609375,15.859560876113514,25.09538252221059
5,7.98,44,19.7,3,Mean baseline,150,1.40045,1.1692861381145834,0.0403556,0.07664231609375,34.70274261812487,25.09538252221059
5,8.72,49,17.0,3,Mean baseline,158,1.54304,1.1692861381145834,0.0444714,0.07664231609375,34.69735605355352,25.09538252221059
19,8.72,53,1.0,3,Mean baseline,163,1.37573,1.1692861381145834,0.405075,0.07664231609375,3.3962352650743686,25.09538252221059
9,1.67,56,17.4,3,Mean baseline,167,1.21899,1.1692861381145834,0.0317839,0.07664231609375,38.352436296363884,25.09538252221059
13,7.1,54,7.6,3,Mean baseline,177,1.71674,1.1692861381145834,0.107421,0.07664231609375,15.981418903193974,25.09538252221059
1,1.63,63,1.0,3,Mean baseline,179,0.365259,1.1692861381145834,0.00794303,0.07664231609375,45.98484457442563,25.09538252221059
18,8.19,51,13.0,3,Mean baseline,183,2.05001,1.1692861381145834,0.142094,0.07664231609375,14.427139780708545,25.09538252221059
23,7.1,54,16.9,3,Mean baseline,184,1.77813,1.1692861381145834,0.232768,0.07664231609375,7.639065507286225,25.09538252221059
3,8.0,49,6.5,3,Mean baseline,194,1.33366,1.1692861381145834,0.0287811,0.07664231609375,46.338048233041825,25.09538252221059
1,7.38,55,1.8,3,Mean baseline,196,1.06742,1.1692861381145834,0.0195294,0.07664231609375,54.65708111872357,25.09538252221059
12,5.69,54,1.0,3,Mean baseline,198,1.33814,1.1692861381145834,0.222802,0.07664231609375,6.005960449188069,25.09538252221059
-1,1.68,50,1.0,3,Mean baseline,202,0.103316,1.1692861381145834,0.00669152,0.07664231609375,15.439840275453111,25.09538252221059
-6,5.69,56,1.2,3,Mean baseline,219,-0.176641,1.1692861381145834,0.0742364,0.07664231609375,-2.3794391969438173,25.09538252221059
9,1.68,56,17.4,3,Mean baseline,223,1.22834,1.1692861381145834,0.0318721,0.07664231609375,38.53966321641812,25.09538252221059
11,7.19,56,17.4,3,Mean baseline,225,1.8924,1.1692861381145834,0.0677456,0.07664231609375,27.933917479511585,25.09538252221059
-1,6.01,54,1.0,3,Mean baseline,231,0.647259,1.1692861381145834,0.0128966,0.07664231609375,50.18834421475428,25.09538252221059
-7,5.43,84,2.1,3,Mean baseline,238,-0.109599,1.1692861381145834,0.0746541,0.07664231609375,-1.4680908349307005,25.09538252221059
-1,8.72,49,1.0,3,Mean baseline,239,0.936499,1.1692861381145834,0.021891,0.07664231609375,42.780092275364304,25.09538252221059
1,3.57,46,1.0,3,Mean baseline,245,0.542874,1.1692861381145834,0.0092116,0.07664231609375,58.93373572452125,25.09538252221059
1,4.07,46,2.6,3,Mean baseline,246,0.609832,1.1692861381145834,0.0107334,0.07664231609375,56.816293066502695,25.09538252221059
0,0.16,64,1.0,3,Mean baseline,247,0.0240871,1.1692861381145834,0.00572623,0.07664231609375,4.206449967954484,25.09538252221059
10,8.91,53,17.1,3,Mean baseline,262,1.92439,1.1692861381145834,0.0715763,0.07664231609375,26.88585467536042,25.09538252221059
5,8.72,49,11.6,3,Mean baseline,271,1.62307,1.1692861381145834,0.042448,0.07664231609375,38.23666603844704,25.09538252221059
-1,6.02,37,7.0,3,Mean baseline,272,0.572343,1.1692861381145834,0.011996,0.07664231609375,47.71115371790597,25.09538252221059
7,0.16,64,1.0,3,Mean baseline,274,0.767614,1.1692861381145834,0.0924369,0.07664231609375,8.304194537030126,25.09538252221059
0,8.45,45,12.3,3,Mean baseline,275,1.02401,1.1692861381145834,0.0228073,0.07664231609375,44.89834395127876,25.09538252221059
3,8.38,53,13.5,3,Mean baseline,278,1.38984,1.1692861381145834,0.0342858,0.07664231609375,40.536898657753355,25.09538252221059
14,8.72,49,14.2,3,Mean baseline,280,2.17834,1.1692861381145834,0.093559,0.07664231609375,23.283062025032333,25.09538252221059
4,2.95,58,14.3,3,Mean baseline,286,0.862012,1.1692861381145834,0.0188201,0.07664231609375,45.80273218527,25.09538252221059
-1,5.34,37,1.1,3,Mean baseline,287,0.468117,1.1692861381145834,0.0163943,0.07664231609375,28.553643644437397,25.09538252221059
11,8.43,45,12.4,3,Mean baseline,289,2.035,1.1692861381145834,0.0694566,0.07664231609375,29.298871525528178,25.09538252221059
4,4.98,25,10.7,3,Mean baseline,291,1.00229,1.1692861381145834,0.0206466,0.07664231609375,48.545038892602165,25.09538252221059
11,8.45,44,12.4,3,Mean baseline,294,2.06862,1.1692861381145834,0.069641,0.07664231609375,29.704053646558783,25.09538252221059
10,8.38,41,11.1,3,Mean baseline,296,2.00976,1.1692861381145834,0.0629168,0.07664231609375,31.943137603946802,25.09538252221059
12,8.32,47,9.8,3,Mean baseline,299,2.15028,1.1692861381145834,0.0773936,0.07664231609375,27.783692708441006,25.09538252221059
5,9.13,55,15.2,3,Mean baseline,316,1.61212,1.1692861381145834,0.0472547,0.07664231609375,34.115548294666986,25.09538252221059
8,0.0,45,28.3,3,Mean baseline,317,0.727358,1.1692861381145834,0.0251962,0.07664231609375,28.867765774204045,25.09538252221059
19,6.3,53,17.2,3,Mean baseline,318,1.96614,1.1692861381145834,0.13821,0.07664231609375,14.225743433904928,25.09538252221059
4,8.46,49,12.3,3,Mean baseline,324,1.49808,1.1692861381145834,0.0372626,0.07664231609375,40.203313778426626,25.09538252221059
9,8.72,53,17.2,3,Mean baseline,333,1.84746,1.1692861381145834,0.065125,0.07664231609375,28.367907869481765,25.09538252221059
10,7.27,90,11.3,3,Mean baseline,338,1.98539,1.1692861381145834,0.0843419,0.07664231609375,23.53978271772393,25.09538252221059
1,1.68,45,1.0,3,Mean baseline,341,0.318486,1.1692861381145834,0.00707071,0.07664231609375,45.043001339328015,25.09538252221059
1,2.18,46,11.6,3,Mean baseline,342,0.387712,1.1692861381145834,0.0106701,0.07664231609375,36.336304252068864,25.09538252221059
0,0.07,64,1.0,3,Mean baseline,347,0.0206861,1.1692861381145834,0.00574796,0.07664231609375,3.5988594214295158,25.09538252221059
2,5.69,51,5.6,3,Mean baseline,351,0.956874,1.1692861381145834,0.0180586,0.07664231609375,52.98716401049915,25.09538252221059
0,0.0,37,1.0,3,Mean baseline,353,0.00285041,1.1692861381145834,0.00571472,0.07664231609375,0.4987838424279754,25.09538252221059
0,0.16,64,19.4,3,Mean baseline,354,0.0171194,1.1692861381145834,0.0108651,0.07664231609375,1.5756320696542139,25.09538252221059
0,6.76,52,1.0,3,Mean baseline,355,0.863589,1.1692861381145834,0.0147527,0.07664231609375,58.537691405641006,25.09538252221059
5,0.61,13,27.0,3,Mean baseline,361,0.544561,1.1692861381145834,0.0187531,0.07664231609375,29.038452309218204,25.09538252221059
6,8.71,45,12.1,3,Mean baseline,364,1.67407,1.1692861381145834,0.0456178,0.07664231609375,36.69773640991016,25.09538252221059
1,5.66,46,32.5,3,Mean baseline,367,0.483748,1.1692861381145834,0.0241595,0.07664231609375,20.023096504480637,25.09538252221059
0,2.6,37,1.0,3,Mean baseline,369,0.297198,1.1692861381145834,0.00703467,0.07664231609375,42.247610762125305,25.09538252221059
0,8.72,59,17.2,3,Mean baseline,370,1.08581,1.1692861381145834,0.0286967,0.07664231609375,37.83745169305181,25.09538252221059
7,3.57,45,12.3,3,Mean baseline,378,1.24481,1.1692861381145834,0.0288748,0.07664231609375,43.110601631872775,25.09538252221059
1,8.72,46,1.0,3,Mean baseline,379,1.16119,1.1692861381145834,0.0217549,0.07664231609375,53.37602103434168,25.09538252221059
14,8.72,53,11.6,3,Mean baseline,381,2.20276,1.1692861381145834,0.0964722,0.07664231609375,22.833106324930913,25.09538252221059
1,5.66,68,1.0,3,Mean baseline,383,0.976284,1.1692861381145834,0.0191364,0.07664231609375,51.01711920737443,25.09538252221059
2,7.24,49,3.3,3,Mean baseline,392,1.12264,1.1692861381145834,0.0214532,0.07664231609375,52.32972237241997,25.09538252221059
1,3.57,46,17.2,3,Mean baseline,403,0.552258,1.1692861381145834,0.0142752,0.07664231609375,38.686533288500335,25.09538252221059
3,8.0,53,6.5,3,Mean baseline,405,1.36958,1.1692861381145834,0.0301766,0.07664231609375,45.38549737213602,25.09538252221059
3,3.8,38,2.2,3,Mean baseline,410,0.764129,1.1692861381145834,0.0134837,0.07664231609375,56.6705726173083,25.09538252221059
10,8.59,60,9.4,3,Mean baseline,412,2.10371,1.1692861381145834,0.0712649,0.07664231609375,29.519581168289015,25.09538252221059
5,3.57,47,10.8,3,Mean baseline,416,1.03852,1.1692861381145834,0.0220583,0.07664231609375,47.080690715059646,25.09538252221059
0,0.0,59,1.6,3,Mean baseline,418,-0.00100541,1.1692861381145834,0.00592577,0.07664231609375,-0.1696674018735118,25.09538252221059
4,3.24,54,12.7,3,Mean baseline,425,0.900461,1.1692861381145834,0.0192792,0.07664231609375,46.7063467363791,25.09538252221059
9,8.59,41,10.8,3,Mean baseline,427,1.95082,1.1692861381145834,0.0588007,0.07664231609375,33.17681592225943,25.09538252221059
13,8.32,41,11.3,3,Mean baseline,445,2.17876,1.1692861381145834,0.0808691,0.07664231609375,26.941810901815405,25.09538252221059
3,0.72,40,12.7,3,Mean baseline,446,0.435125,1.1692861381145834,0.0115819,0.07664231609375,37.569397076472775,25.09538252221059
13,8.21,49,12.7,3,Mean baseline,449,2.12671,1.1692861381145834,0.0820433,0.07664231609375,25.92179983008972,25.09538252221059
17,8.59,51,16.3,3,Mean baseline,450,2.23508,1.1692861381145834,0.120836,0.07664231609375,18.496805587738752,25.09538252221059
8,9.38,24,6.2,3,Mean baseline,469,1.87144,1.1692861381145834,0.0513038,0.07664231609375,36.47760984566445,25.09538252221059
-1,6.58,42,16.3,3,Mean baseline,478,0.659134,1.1692861381145834,0.0165447,0.07664231609375,39.83958609101404,25.09538252221059
-11,6.05,16,8.1,3,Linear regression,2,-0.31553,0.09674900578877432,0.135045,-0.0635479285492456,-2.336480432448443,33.8826888174021
18,0.86,82,15.2,3,Linear regression,6,1.21799,1.2341927186374873,0.148159,0.15144202827667147,8.220830324178753,13.390175832312762
7,8.64,0,29.4,3,Linear regression,10,1.19124,1.331884362583022,0.0494381,0.049997999448565034,24.095586197689638,19.20983134234719
12,4.06,36,24.3,3,Linear regression,36,1.44887,1.145249893753953,0.0564505,0.09181687349560821,25.666203133718923,14.477294384392469
-1,6.08,49,1.0,3,Linear regression,38,0.632449,0.779196340207688,0.0139275,0.03001156456432754,45.41008795548375,33.9351161134687
13,7.1,54,16.9,3,Linear regression,59,2.01453,1.6692424952237899,0.0790566,0.1189176086239972,25.48212293470754,22.26322449964413
5,1.58,37,18.5,3,Linear regression,69,0.736913,0.4518063917161208,0.0179447,0.040411065198060925,41.06577429547443,16.828782606066355
-1,1.68,54,17.0,3,Linear regression,81,0.106537,0.18992723894359143,0.0104838,-0.0032841591068400316,10.162059558557013,21.190140231607423
7,2.28,54,17.0,3,Linear regression,89,1.09185,0.7119972644779906,0.0264336,0.061522105029877275,41.305384056655164,18.326568352319082
19,8.72,53,17.2,3,Linear regression,92,2.22954,2.2082703749426495,0.145194,0.16927778557013157,15.355593206330841,21.55617943022878
5,5.99,51,1.0,3,Linear regression,96,1.26039,1.1073586385613305,0.0485936,0.07772292457089344,25.93736623752922,31.135809832797214
12,6.87,59,17.3,3,Linear regression,97,1.94743,1.5992348696423198,0.072967,0.11031868099871536,26.689188263187468,22.471617285911815
19,8.72,53,15.8,3,Linear regression,103,2.14333,2.2114318639310944,0.151896,0.17146844694761135,14.110509822510139,22.159885687646643
10,8.4,48,18.4,3,Linear regression,111,1.8644,1.6479568299104073,0.0674953,0.09476043385138089,27.622664096611175,24.513787213713485
-7,5.35,49,2.8,3,Linear regression,112,-0.290722,0.34734776129280387,0.088697,-0.021962927527976156,-3.2776982310562928,34.91952124263038
2,6.76,30,30.6,3,Linear regression,119,0.689777,0.9054036717070968,0.0266676,0.007246830455706926,25.86573219937302,19.824807610181804
11,6.46,58,15.2,3,Linear regression,122,1.89031,1.4921279983119609,0.0633584,0.10475518851099447,29.83519154524104,23.224567511965727
11,6.9,58,17.0,3,Linear regression,123,1.92031,1.544998108224338,0.0666119,0.10280798430814213,28.828332475128317,23.056642356491416
14,3.09,23,11.6,3,Linear regression,125,1.70104,1.1173728268543064,0.0671136,0.1245495227060888,25.34568254422353,17.072812890578177
5,1.68,54,19.7,3,Linear regression,129,0.784465,0.5171537447117448,0.019412,0.04020657343659464,40.41134349886668,17.256077792316376
-2,4.55,0,38.9,3,Linear regression,139,-0.0474308,0.28121030419003246,0.0217894,-0.04452167230166515,-2.176783206513259,13.613777706495323
5,7.98,43,19.5,3,Linear regression,143,1.39832,1.2971451351338064,0.0397875,0.052012362354269676,35.144706251963555,25.529759474844827
1,1.67,61,1.0,3,Linear regression,146,0.361967,0.35856787740149965,0.00784669,0.03824502074666655,46.129896809992495,27.484653104226396
5,5.87,65,40.0,3,Linear regression,147,0.653923,1.0491517384441893,0.0412321,0.017675489038485474,15.859560876113514,14.816575620607328
5,7.98,44,19.7,3,Linear regression,150,1.40045,1.2999356970798375,0.0403556,0.051786212851021904,34.70274261812487,25.490957772493864
5,8.72,49,17.0,3,Linear regression,158,1.54304,1.417997989399309,0.0444714,0.05790717657371995,34.69735605355352,27.91545585308561
19,8.72,53,1.0,3,Linear regression,163,1.37573,2.2448533189517956,0.405075,0.19462686722382624,3.3962352650743686,28.541923266064032
9,1.67,56,17.4,3,Linear regression,167,1.21899,0.7497538267618321,0.0317839,0.07576974950470804,38.352436296363884,16.482426207140904
13,7.1,54,7.6,3,Linear regression,177,1.71674,1.6902438149327441,0.107421,0.13346985920297008,15.981418903193974,26.27355892391992
1,1.63,63,1.0,3,Linear regression,179,0.365259,0.3598763855463297,0.00794303,0.038339592224939885,45.98484457442563,27.524240055819956
18,8.19,51,13.0,3,Linear regression,183,2.05001,2.087135838918786,0.142094,0.166676384728705,14.427139780708545,23.00135555622904
23,7.1,54,16.9,3,Linear regression,184,1.77813,2.224781933728808,0.232768,0.19844357443352575,7.639065507286225,17.646938166335516
3,8.0,49,6.5,3,Linear regression,194,1.33366,1.237435099435179,0.0287811,0.057009353955999265,46.338048233041825,32.37116142555103
1,7.38,55,1.8,3,Linear regression,196,1.06742,1.0761675774021717,0.0195294,0.04775432885049315,54.65708111872357,34.748693374097456
12,5.69,54,1.0,3,Linear regression,198,1.33814,1.4671436178399349,0.222802,0.1330587612593356,6.005960449188069,27.6320069519281
-1,1.68,50,1.0,3,Linear regression,202,0.103316,0.21308972874829557,0.00669152,0.02140476243307448,15.439840275453111,27.89987212154805
-6,5.69,56,1.2,3,Linear regression,219,-0.176641,0.4732053937070274,0.0742364,-0.010227324578957031,-2.3794391969438173,35.94996269824138
9,1.68,56,17.4,3,Linear regression,223,1.22834,0.7510478013406718,0.0318721,0.07578950769619296,38.53966321641812,16.496250493596882
11,7.19,56,17.4,3,Linear regression,225,1.8924,1.5751356819823743,0.0677456,0.10258146436628299,27.933917479511585,23.190175064177865
-1,6.01,54,1.0,3,Linear regression,231,0.647259,0.7863495343062826,0.0128966,0.030307267834465572,50.18834421475428,34.075556351820524
-7,5.43,84,2.1,3,Linear regression,238,-0.109599,0.4727574154710542,0.0746541,-0.017671457033630197,-1.4680908349307005,36.99244036779272
-1,8.72,49,1.0,3,Linear regression,239,0.936499,1.1208056290213804,0.021891,0.03522772711634327,42.780092275364304,37.584727737846336
1,3.57,46,1.0,3,Linear regression,245,0.542874,0.5557899989296323,0.0092116,0.040697045297201875,58.93373572452125,29.39963680023084
1,4.07,46,2.6,3,Linear regression,246,0.609832,0.6168755975991114,0.0107334,0.03918134186861324,56.816293066502695,29.40090111455208
0,0.16,64,1.0,3,Linear regression,247,0.0240871,0.11735038183648006,0.00572623,0.027569343617812027,4.206449967954484,26.001140628831095
10,8.91,53,17.1,3,Linear regression,262,1.92439,1.7330962179281197,0.0715763,0.09823629779244626,26.88585467536042,26.016620448399923
5,8.72,49,11.6,3,Linear regression,271,1.62307,1.4301923040690243,0.042448,0.06635687045828484,38.23666603844704,30.24403713169736
-1,6.02,37,7.0,3,Linear regression,272,0.572343,0.7189768154516087,0.011996,0.01946284118951267,47.71115371790597,30.695553278437238
7,0.16,64,1.0,3,Linear regression,274,0.767614,0.5062279887899932,0.0924369,0.083237519684482,8.304194537030126,22.769740195515066
0,8.45,45,12.3,3,Linear regression,275,1.02401,1.1029357137732412,0.0228073,0.02461787720626224,44.89834395127876,31.687303240496462
3,8.38,53,13.5,3,Linear regression,278,1.38984,1.2837675014092442,0.0342858,0.04715406683345276,40.536898657753355,30.06772121862373
14,8.72,49,14.2,3,Linear regression,280,2.17834,1.924306462030715,0.093559,0.1338618685572552,23.283062025032333,24.96821066794358
4,2.95,58,14.3,3,Linear regression,286,0.862012,0.6510976999639839,0.0188201,0.04356016954721592,45.80273218527,21.99174027900285
-1,5.34,37,1.1,3,Linear regression,287,0.468117,0.6443099619703804,0.0163943,0.027351357116489457,28.553643644437397,32.29969245569186
11,8.43,45,12.4,3,Linear regression,289,2.035,1.7112153263290502,0.0694566,0.11190044740109668,29.298871525528178,26.538617825415187
4,4.98,25,10.7,3,Linear regression,291,1.00229,0.8149113759884745,0.0206466,0.05033974164551501,48.545038892602165,24.78487034125232
11,8.45,44,12.4,3,Linear regression,294,2.06862,1.7105610722566351,0.069641,0.11185316166196002,29.704053646558783,26.518824349618406
10,8.38,41,11.1,3,Linear regression,296,2.00976,1.6391583650103845,0.0629168,0.10553603693909602,31.943137603946802,27.30194121351926
12,8.32,47,9.8,3,Linear regression,299,2.15028,1.76489129296533,0.0773936,0.12387767924953383,27.783692708441006,27.14097490226208
5,9.13,55,15.2,3,Linear regression,316,1.61212,1.4945689380688778,0.0472547,0.062054639785428356,34.115548294666986,29.54309764957026
8,0.0,45,28.3,3,Linear regression,317,0.727358,0.4178274427325904,0.0251962,0.046506848020797346,28.867765774204045,9.413252033774404
19,6.3,53,17.2,3,Linear regression,318,1.96614,1.8951285268634317,0.13821,0.16449630323078382,14.225743433904928,18.21070210788262
4,8.46,49,12.3,3,Linear regression,324,1.49808,1.3394142766744668,0.0372626,0.05679523020998449,40.203313778426626,30.044381188463916
9,8.72,53,17.2,3,Linear regression,333,1.84746,1.652730936437631,0.065125,0.08975181976060304,28.367907869481765,26.172465763537396
10,7.27,90,11.3,3,Linear regression,338,1.98539,1.6539435037497434,0.0843419,0.10728323004213451,23.53978271772393,28.005862052574077
1,1.68,45,1.0,3,Linear regression,341,0.318486,0.3079866002988262,0.00707071,0.036875944984447774,45.043001339328015,26.73940461134267
1,2.18,46,11.6,3,Linear regression,342,0.387712,0.351990544415541,0.0106701,0.02136422053702413,36.336304252068864,22.907142176686392
0,0.07,64,1.0,3,Linear regression,347,0.0206861,0.1057046106269226,0.00574796,0.027391519894447845,3.5988594214295158,25.876722050727313
2,5.69,51,5.6,3,Linear regression,351,0.956874,0.8914898201111715,0.0180586,0.04607450170033977,52.98716401049915,30.12236086473755
0,0.0,37,1.0,3,Linear regression,353,0.00285041,0.009107301362490716,0.00571472,0.02490955525717852,0.4987838424279754,24.499016730399735
0,0.16,64,19.4,3,Linear regression,354,0.0171194,0.07579938370263539,0.0108651,-0.0012222059147794506,1.5756320696542139,18.066715531339206
0,6.76,52,1.0,3,Linear regression,355,0.863589,0.9324671651095761,0.0147527,0.03956812453257357,58.537691405641006,34.55586510527039
5,0.61,13,27.0,3,Linear regression,361,0.544561,0.22928322547369595,0.0187531,0.023110825615913468,29.038452309218204,10.683858230790127
6,8.71,45,12.1,3,Linear regression,364,1.67407,1.4703543572101494,0.0456178,0.07316012129594124,36.69773640991016,29.363206639426362
1,5.66,46,32.5,3,Linear regression,367,0.483748,0.7550971836671327,0.0241595,-0.004463373675747548,20.023096504480637,18.705521877627927
0,2.6,37,1.0,3,Linear regression,369,0.297198,0.34554069186082426,0.00703467,0.03004668504325462,42.247610762125305,28.09333120895346
0,8.72,59,17.2,3,Linear regression,370,1.08581,1.172198661163682,0.0286967,0.01869926326466624,37.83745169305181,30.61177575576754
7,3.57,45,12.3,3,Linear regression,378,1.24481,0.8603537262529592,0.0288748,0.07064405582829708,43.110601631872775,21.709651016664207
1,8.72,46,1.0,3,Linear regression,379,1.16119,1.2221869070321003,0.0217549,0.050872513911929526,53.37602103434168,36.51914432505842
14,8.72,53,11.6,3,Linear regression,381,2.20276,1.9431466116439193,0.0964722,0.13827744817528645,22.833106324930913,26.279147626554533
1,5.66,68,1.0,3,Linear regression,383,0.976284,0.8975591569692193,0.0191364,0.04673615400389024,51.01711920737443,33.332637741121886
2,7.24,49,3.3,3,Linear regression,392,1.12264,1.0907653481378732,0.0214532,0.0525623608278615,52.32972237241997,33.16204430518283
1,3.57,46,17.2,3,Linear regression,403,0.552258,0.5192070549204865,0.0142752,0.015347963643507198,38.686533288500335,22.413892964395593
3,8.0,53,6.5,3,Linear regression,405,1.36958,1.2504039123555573,0.0301766,0.05735656244442519,45.38549737213602,32.560929620385956
3,3.8,38,2.2,3,Linear regression,410,0.764129,0.6680118283988122,0.0134837,0.05448455013428309,56.6705726173083,27.897339226028546
10,8.59,60,9.4,3,Linear regression,412,2.10371,1.731772643452356,0.0712649,0.1102602880958134,29.519581168289015,29.22672203856805
5,3.57,47,10.8,3,Linear regression,416,1.03852,0.7591175546426213,0.0220583,0.05725960410076125,47.080690715059646,23.3746205136911
0,0.0,59,1.6,3,Linear regression,418,-0.00100541,0.07908084857238085,0.00592577,0.02588034706745833,-0.1696674018735118,25.28401054881274
4,3.24,54,12.7,3,Linear regression,425,0.900461,0.6792672801024664,0.0192792,0.04628956161468638,46.7063467363791,22.89282639986878
9,8.59,41,10.8,3,Linear regression,427,1.95082,1.6114553492416124,0.0588007,0.09846778981735763,33.17681592225943,28.183245489015153
13,8.32,41,11.3,3,Linear regression,445,2.17876,1.7976047078047879,0.0808691,0.12896232590769088,26.941810901815405,25.747865843731123
3,0.72,40,12.7,3,Linear regression,446,0.435125,0.2522408971630252,0.0115819,0.032142671070045974,37.569397076472775,19.20654616437148
13,8.21,49,12.7,3,Linear regression,449,2.12671,1.8061471242898628,0.0820433,0.12724874140072895,25.92179983008972,25.37162882496738
17,8.59,51,16.3,3,Linear regression,450,2.23508,2.075888797034826,0.120836,0.15435041398880323,18.496805587738752,22.59293375531398
8,9.38,24,6.2,3,Linear regression,469,1.87144,1.613395691741304,0.0513038,0.09779834167105023,36.47760984566445,30.91408419869265
-1,6.58,42,16.3,3,Linear regression,478,0.659134,0.7866490883081532,0.0165447,0.006451059944227039,39.83958609101404,27.69658913923975
-11,6.05,16,8.1,3,Polynomial ridge d2,2,-0.31553,-0.30125700932268074,0.135045,0.004940761399971114,-2.336480432448443,13.118471721855766
18,0.86,82,15.2,3,Polynomial ridge d2,6,1.21799,1.4249782160385478,0.148159,0.1496114105998353,8.220830324178753,11.359532634342669
7,8.64,0,29.4,3,Polynomial ridge d2,10,1.19124,1.3855638913580972,0.0494381,0.010081066477958492,24.095586197689638,18.997852905474463
12,4.06,36,24.3,3,Polynomial ridge d2,36,1.44887,1.3225052193372924,0.0564505,0.05031028253941784,25.666203133718923,31.58971980500881
-1,6.08,49,1.0,3,Polynomial ridge d2,38,0.632449,0.6618011604696192,0.0139275,0.028193913907125556,45.41008795548375,39.643467505990685
13,7.1,54,16.9,3,Polynomial ridge d2,59,2.01453,1.8441258372858442,0.0790566,0.08652724874436862,25.48212293470754,30.731594236810384
5,1.58,37,18.5,3,Polynomial ridge d2,69,0.736913,0.7481420889118802,0.0179447,0.0027229493783998415,41.06577429547443,27.402473405274495
-1,1.68,54,17.0,3,Polynomial ridge d2,81,0.106537,0.3301740110011995,0.0104838,-0.013127509064632337,10.162059558557013,21.312793030913276
7,2.28,54,17.0,3,Polynomial ridge d2,89,1.09185,1.0226162555098175,0.0264336,0.015888683886118693,41.305384056655164,31.600702739720894
19,8.72,53,17.2,3,Polynomial ridge d2,92,2.22954,2.1266785434847044,0.145194,0.17874586523765146,15.355593206330841,12.03481112821678
5,5.99,51,1.0,3,Polynomial ridge d2,96,1.26039,1.0864490339250696,0.0485936,0.07351850322187048,25.93736623752922,39.94770006463716
12,6.87,59,17.3,3,Polynomial ridge d2,97,1.94743,1.8033669543611297,0.072967,0.07446572690186735,26.689188263187468,32.07368600093676
19,8.72,53,15.8,3,Polynomial ridge d2,103,2.14333,2.121888630392526,0.151896,0.18785446396845643,14.110509822510139,11.869933116747594
10,8.4,48,18.4,3,Polynomial ridge d2,111,1.8644,1.8649776375895641,0.0674953,0.04723339345705249,27.622664096611175,32.29034366213243
-7,5.35,49,2.8,3,Polynomial ridge d2,112,-0.290722,0.030227317286749322,0.088697,0.01006004124742764,-3.2776982310562928,29.60616674183306
2,6.76,30,30.6,3,Polynomial ridge d2,119,0.689777,0.9017475138618548,0.0266676,0.007162833063493398,25.86573219937302,26.599348695386034
11,6.46,58,15.2,3,Polynomial ridge d2,122,1.89031,1.713109838890754,0.0633584,0.07027143049834753,29.83519154524104,34.289055383172304
11,6.9,58,17.0,3,Polynomial ridge d2,123,1.92031,1.7656132524670862,0.0666119,0.06428095787412225,28.828332475128317,33.53770860511595
14,3.09,23,11.6,3,Polynomial ridge d2,125,1.70104,1.2020975729133863,0.0671136,0.1252804317367464,25.34568254422353,24.76281235210987
5,1.68,54,19.7,3,Polynomial ridge d2,129,0.784465,0.8073437827092015,0.019412,-0.00046521170456109706,40.41134349886668,27.80021343195575
-2,4.55,0,38.9,3,Polynomial ridge d2,139,-0.0474308,-0.15520779974139653,0.0217894,0.07869370466572456,-2.176783206513259,0.6834490194395322
5,7.98,43,19.5,3,Polynomial ridge d2,143,1.39832,1.5297928986527733,0.0397875,0.0066745791722832015,35.144706251963555,35.75962753820685
1,1.67,61,1.0,3,Polynomial ridge d2,146,0.361967,0.33263368927963743,0.00784669,0.024264631888578518,46.129896809992495,27.033603221790948
5,5.87,65,40.0,3,Polynomial ridge d2,147,0.653923,0.6498581721627961,0.0412321,0.04574528814184898,15.859560876113514,17.94605039048502
5,7.98,44,19.7,3,Polynomial ridge d2,150,1.40045,1.5308894871599938,0.0403556,0.006904259564328788,34.70274261812487,35.67387507682029
5,8.72,49,17.0,3,Polynomial ridge d2,158,1.54304,1.653388496801258,0.0444714,0.014972497758810266,34.69735605355352,35.51159566439386
19,8.72,53,1.0,3,Polynomial ridge d2,163,1.37573,1.8044844552265324,0.405075,0.31579503910631884,3.3962352650743686,6.204075955292314
9,1.67,56,17.4,3,Polynomial ridge d2,167,1.21899,1.0749674176034447,0.0317839,0.029001356343920287,38.352436296363884,29.26931271819921
13,7.1,54,7.6,3,Polynomial ridge d2,177,1.71674,1.747972805533816,0.107421,0.13865858769382328,15.981418903193974,30.215334388467298
1,1.63,63,1.0,3,Polynomial ridge d2,179,0.365259,0.33366762297940233,0.00794303,0.024826879181696175,45.98484457442563,26.643401922692732
18,8.19,51,13.0,3,Polynomial ridge d2,183,2.05001,2.023818120498286,0.142094,0.18705481531509854,14.427139780708545,16.377871679357035
23,7.1,54,16.9,3,Polynomial ridge d2,184,1.77813,1.9325630682724868,0.232768,0.25755712812337367,7.639065507286225,3.7450882246946477
3,8.0,49,6.5,3,Polynomial ridge d2,194,1.33366,1.3445788731567854,0.0287811,0.03440127863704373,46.338048233041825,40.245707441533106
1,7.38,55,1.8,3,Polynomial ridge d2,196,1.06742,1.02532202361661,0.0195294,0.04540384092675712,54.65708111872357,41.042488290687864
12,5.69,54,1.0,3,Polynomial ridge d2,198,1.33814,1.3749797441642362,0.222802,0.16671515197358264,6.005960449188069,31.112034645055104
-1,1.68,50,1.0,3,Polynomial ridge d2,202,0.103316,0.13074689557187713,0.00669152,0.00984312430261966,15.439840275453111,25.426328617721786
-6,5.69,56,1.2,3,Polynomial ridge d2,219,-0.176641,0.15154775299838041,0.0742364,0.02018243359031096,-2.3794391969438173,32.70527981769944
9,1.68,56,17.4,3,Polynomial ridge d2,223,1.22834,1.0760501018571167,0.0318721,0.02903180139455048,38.53966321641812,29.30455673514512
11,7.19,56,17.4,3,Polynomial ridge d2,225,1.8924,1.79195858930411,0.0677456,0.06252446258452322,27.933917479511585,33.26444333984317
-1,6.01,54,1.0,3,Polynomial ridge d2,231,0.647259,0.6656320332883288,0.0128966,0.0316297176208134,50.18834421475428,39.50369098781308
-7,5.43,84,2.1,3,Polynomial ridge d2,238,-0.109599,0.0317740619140392,0.0746541,0.04972255563435266,-1.4680908349307005,24.084970709403578
-1,8.72,49,1.0,3,Polynomial ridge d2,239,0.936499,1.00162563863657,0.021891,0.03786950248481261,42.780092275364304,40.029217471595835
1,3.57,46,1.0,3,Polynomial ridge d2,245,0.542874,0.5058364778084049,0.0092116,0.028146342164644927,58.93373572452125,34.9956151355713
1,4.07,46,2.6,3,Polynomial ridge d2,246,0.609832,0.6125955142903112,0.0107334,0.023283973447192255,56.816293066502695,36.56014220067791
0,0.16,64,1.0,3,Polynomial ridge d2,247,0.0240871,0.08574212362790723,0.00572623,0.010302026416491264,4.206449967954484,17.281146041586876
10,8.91,53,17.1,3,Polynomial ridge d2,262,1.92439,1.94853599520011,0.0715763,0.055089463616086576,26.88585467536042,31.004160376276534
5,8.72,49,11.6,3,Polynomial ridge d2,271,1.62307,1.6367368597946768,0.042448,0.030114564058240777,38.23666603844704,37.447969508103135
-1,6.02,37,7.0,3,Polynomial ridge d2,272,0.572343,0.7637452187652447,0.011996,0.001339064417232555,47.71115371790597,37.68676177760498
7,0.16,64,1.0,3,Polynomial ridge d2,274,0.767614,0.598987771989598,0.0924369,0.06959242389325915,8.304194537030126,20.570724446881723
0,8.45,45,12.3,3,Polynomial ridge d2,275,1.02401,1.2431650343697744,0.0228073,0.0018890098092402968,44.89834395127876,37.17706030934264
3,8.38,53,13.5,3,Polynomial ridge d2,278,1.38984,1.4848546568007648,0.0342858,0.015480484429233665,40.536898657753355,37.58087737032666
14,8.72,49,14.2,3,Polynomial ridge d2,280,2.17834,2.0296079997415784,0.093559,0.11416107275741527,23.283062025032333,25.246252499713584
4,2.95,58,14.3,3,Polynomial ridge d2,286,0.862012,0.9122574993325012,0.0188201,0.005490084803991699,45.80273218527,33.023161991423805
-1,5.34,37,1.1,3,Polynomial ridge d2,287,0.468117,0.5346401447553475,0.0163943,0.018575136883842366,28.553643644437397,37.45041683822565
11,8.43,45,12.4,3,Polynomial ridge d2,289,2.035,1.8763131981600192,0.0694566,0.08146083981297379,29.298871525528178,31.78630030785195
4,4.98,25,10.7,3,Polynomial ridge d2,291,1.00229,1.0082504342379186,0.0206466,0.013757314271407903,48.545038892602165,35.99036977243694
11,8.45,44,12.4,3,Polynomial ridge d2,294,2.06862,1.8742209006605612,0.069641,0.08103855400396898,29.704053646558783,31.708311491903522
10,8.38,41,11.1,3,Polynomial ridge d2,296,2.00976,1.8016862913877092,0.0629168,0.07411687455691504,31.943137603946802,33.294361536385956
12,8.32,47,9.8,3,Polynomial ridge d2,299,2.15028,1.870242041296646,0.0773936,0.10974301360950223,27.783692708441006,30.26724933182622
5,9.13,55,15.2,3,Polynomial ridge d2,316,1.61212,1.7219315994302709,0.0472547,0.024501072374094712,34.115548294666986,34.9311483995792
8,0.0,45,28.3,3,Polynomial ridge d2,317,0.727358,0.6330191404174217,0.0251962,0.015806941750270462,28.867765774204045,19.143032660587036
19,6.3,53,17.2,3,Polynomial ridge d2,318,1.96614,1.8557421389196878,0.13821,0.17466201352103805,14.225743433904928,18.756104252030113
4,8.46,49,12.3,3,Polynomial ridge d2,324,1.49808,1.5467624137848048,0.0372626,0.02096155487854505,40.203313778426626,38.034326355947975
9,8.72,53,17.2,3,Polynomial ridge d2,333,1.84746,1.8811586248491696,0.065125,0.04518642657723567,28.367907869481765,32.66017640795855
10,7.27,90,11.3,3,Polynomial ridge d2,338,1.98539,1.825986454196157,0.0843419,0.10690007396406201,23.53978271772393,26.35557177685941
1,1.68,45,1.0,3,Polynomial ridge d2,341,0.318486,0.28019105188533133,0.00707071,0.020310328795383713,45.043001339328015,27.144681211303656
1,2.18,46,11.6,3,Polynomial ridge d2,342,0.387712,0.544915152809001,0.0106701,-0.007351897689074835,36.336304252068864,28.751245591304837
0,0.07,64,1.0,3,Polynomial ridge d2,347,0.0206861,0.0757452182731182,0.00574796,0.009724873930538211,3.5988594214295158,16.70877875444581
2,5.69,51,5.6,3,Polynomial ridge d2,351,0.956874,0.9735095180439932,0.0180586,0.025717715756311578,52.98716401049915,40.10430041200918
0,0.0,37,1.0,3,Polynomial ridge d2,353,0.00285041,-0.02556773288110703,0.00571472,0.007744612423998612,0.4987838424279754,15.487607326883065
0,0.16,64,19.4,3,Polynomial ridge d2,354,0.0171194,0.24423861495514965,0.0108651,-0.015223287635263053,1.5756320696542139,12.704839488084051
0,6.76,52,1.0,3,Polynomial ridge d2,355,0.863589,0.8375819183335136,0.0147527,0.03825413883747952,58.537691405641006,40.81087549019313
5,0.61,13,27.0,3,Polynomial ridge d2,361,0.544561,0.40868248919912975,0.0187531,0.023282902749172323,29.038452309218204,14.508185559977527
6,8.71,45,12.1,3,Polynomial ridge d2,364,1.67407,1.6850149739264497,0.0456178,0.03296063616073935,36.69773640991016,36.808018564945165
1,5.66,46,32.5,3,Polynomial ridge d2,367,0.483748,0.6367863226190374,0.0241595,0.019763432307076848,20.023096504480637,23.863227104361233
0,2.6,37,1.0,3,Polynomial ridge d2,369,0.297198,0.2772414701025655,0.00703467,0.016443864361767216,42.247610762125305,29.626275046534342
0,8.72,59,17.2,3,Polynomial ridge d2,370,1.08581,1.2977158604405636,0.0286967,0.00883660106972775,37.83745169305181,33.0273493293469
7,3.57,45,12.3,3,Polynomial ridge d2,378,1.24481,1.12206037879746,0.0288748,0.030900775074923295,43.110601631872775,35.91763575304427
1,8.72,46,1.0,3,Polynomial ridge d2,379,1.16119,1.1479722982517684,0.0217549,0.04626895205475445,53.37602103434168,40.263202696121084
14,8.72,53,11.6,3,Polynomial ridge d2,381,2.20276,2.023496340006754,0.0964722,0.13156979581102274,22.833106324930913,24.982270035571137
1,5.66,68,1.0,3,Polynomial ridge d2,383,0.976284,0.8184677476143389,0.0191364,0.052351101415399795,51.01711920737443,38.55742325025196
2,7.24,49,3.3,3,Polynomial ridge d2,392,1.12264,1.1058171830298236,0.0214532,0.039410972997488906,52.32972237241997,41.142340098300046
1,3.57,46,17.2,3,Polynomial ridge d2,403,0.552258,0.716376751667908,0.0142752,-0.008495030046685378,38.686533288500335,31.659250571745076
3,8.0,53,6.5,3,Polynomial ridge d2,405,1.36958,1.355877020908309,0.0301766,0.03754278822553781,45.38549737213602,40.141287951777876
3,3.8,38,2.2,3,Polynomial ridge d2,410,0.764129,0.6818133526585697,0.0134837,0.036471924676548216,56.6705726173083,35.72454606277881
10,8.59,60,9.4,3,Polynomial ridge d2,412,2.10371,1.881070520886988,0.0712649,0.09519119324089612,29.519581168289015,32.30133774543961
5,3.57,47,10.8,3,Polynomial ridge d2,416,1.03852,0.9961321743818226,0.0220583,0.01978832088708024,47.080690715059646,36.19696314015838
0,0.0,59,1.6,3,Polynomial ridge d2,418,-0.00100541,0.07136641776431918,0.00592577,0.005858569286563253,-0.1696674018735118,16.72342810234208
4,3.24,54,12.7,3,Polynomial ridge d2,425,0.900461,0.9289472033880419,0.0192792,0.008716392173855433,46.7063467363791,34.59032289709979
9,8.59,41,10.8,3,Polynomial ridge d2,427,1.95082,1.7846916208920707,0.0588007,0.06439051005076132,33.17681592225943,34.20080729612151
13,8.32,41,11.3,3,Polynomial ridge d2,445,2.17876,1.8888570847528108,0.0808691,0.11261102412487088,26.941810901815405,28.173228568957004
3,0.72,40,12.7,3,Polynomial ridge d2,446,0.435125,0.5207739470490622,0.0115819,-0.0035857130881263577,37.569397076472775,23.28724913892216
13,8.21,49,12.7,3,Polynomial ridge d2,449,2.12671,1.9318971454296094,0.0820433,0.10751951441573943,25.92179983008972,28.75606955973622
17,8.59,51,16.3,3,Polynomial ridge d2,450,2.23508,2.084920311512113,0.120836,0.14896005611154228,18.496805587738752,18.34122200654261
8,9.38,24,6.2,3,Polynomial ridge d2,469,1.87144,1.674390128486912,0.0513038,0.07064505642083366,36.47760984566445,30.766946740948512
-1,6.58,42,16.3,3,Polynomial ridge d2,478,0.659134,0.9144823250606506,0.0165447,-0.007402874975387511,39.83958609101404,34.67611777184869
-11,6.05,16,8.1,3,Random forest,2,-0.31553,-0.2234037939038407,0.135045,0.06407879271816984,-2.336480432448443,-5.4957979263472225
18,0.86,82,15.2,3,Random forest,6,1.21799,1.392063104932539,0.148159,0.13727307385000015,8.220830324178753,10.426177727060855
7,8.64,0,29.4,3,Random forest,10,1.19124,1.0724299572476184,0.0494381,0.04589364336706348,24.095586197689638,23.302091393128414
12,4.06,36,24.3,3,Random forest,36,1.44887,1.63229245842857,0.0564505,0.06827683415846565,25.666203133718923,24.360874516704936
-1,6.08,49,1.0,3,Random forest,38,0.632449,0.6493451151706353,0.0139275,0.01520936147539684,45.41008795548375,43.36915581595519
13,7.1,54,16.9,3,Random forest,59,2.01453,2.0227193003968247,0.0790566,0.08295997504166665,25.48212293470754,24.45241578174873
5,1.58,37,18.5,3,Random forest,69,0.736913,0.7249645850185186,0.0179447,0.018427805166190477,41.06577429547443,39.33295600501802
-1,1.68,54,17.0,3,Random forest,81,0.106537,0.1204852356230159,0.0104838,0.00994392411591271,10.162059558557013,11.528189311998089
7,2.28,54,17.0,3,Random forest,89,1.09185,1.0817574058928565,0.0264336,0.02722107139230158,41.305384056655164,40.70182889129583
19,8.72,53,17.2,3,Random forest,92,2.22954,2.178061175211639,0.145194,0.1479283634814814,15.355593206330841,14.746962523947978
5,5.99,51,1.0,3,Random forest,96,1.26039,1.2019425773207082,0.0485936,0.04029027151249639,25.93736623752922,33.52512938720894
12,6.87,59,17.3,3,Random forest,97,1.94743,1.9578769265608458,0.072967,0.07276143477870373,26.689188263187468,26.9630044611427
19,8.72,53,15.8,3,Random forest,103,2.14333,2.1516069478042334,0.151896,0.14843184982539673,14.110509822510139,14.561095175745995
10,8.4,48,18.4,3,Random forest,111,1.8644,1.816789570462963,0.0674953,0.06057638200582015,27.622664096611175,30.06194726650141
-7,5.35,49,2.8,3,Random forest,112,-0.290722,-0.4433669173132057,0.088697,0.040044980090709496,-3.2776982310562928,-16.368973005373196
2,6.76,30,30.6,3,Random forest,119,0.689777,0.853829970777778,0.0266676,0.0346947462654762,25.86573219937302,25.001082026918855
11,6.46,58,15.2,3,Random forest,122,1.89031,1.9262691889682557,0.0633584,0.0689332645424603,29.83519154524104,28.03950374502078
11,6.9,58,17.0,3,Random forest,123,1.92031,1.9035674212698408,0.0666119,0.06823586906904758,28.828332475128317,27.95110390960205
14,3.09,23,11.6,3,Random forest,125,1.70104,1.313540291715608,0.0671136,0.11364713023386251,25.34568254422353,12.461565658220005
5,1.68,54,19.7,3,Random forest,129,0.784465,0.673734067496825,0.019412,0.017841249683650813,40.41134349886668,37.55743012738667
-2,4.55,0,38.9,3,Random forest,139,-0.0474308,0.08079710627523808,0.0217894,0.02537896518457672,-2.176783206513259,3.4621939581098773
5,7.98,43,19.5,3,Random forest,143,1.39832,1.2308912419642855,0.0397875,0.036020796629497344,35.144706251963555,34.02488451595828
1,1.67,61,1.0,3,Random forest,146,0.361967,0.3941028576984128,0.00784669,0.009399962368690475,46.129896809992495,43.75932756783039
5,5.87,65,40.0,3,Random forest,147,0.653923,0.9023544091411111,0.0412321,0.0372993445276455,15.859560876113514,24.421360601204192
5,7.98,44,19.7,3,Random forest,150,1.40045,1.2339448475198411,0.0403556,0.03612566710727512,34.70274261812487,34.105636337095035
5,8.72,49,17.0,3,Random forest,158,1.54304,1.5076587981839835,0.0444714,0.04241393017251081,34.69735605355352,35.84213288895722
19,8.72,53,1.0,3,Random forest,163,1.37573,1.284598126246032,0.405075,0.38034456295502644,3.3962352650743686,3.457908256969746
9,1.67,56,17.4,3,Random forest,167,1.21899,1.3231606236190472,0.0317839,0.042490719986349186,38.352436296363884,36.28755813257742
13,7.1,54,7.6,3,Random forest,177,1.71674,1.9070769839629627,0.107421,0.11073943317870366,15.981418903193974,20.74485066596654
1,1.63,63,1.0,3,Random forest,179,0.365259,0.3929300051243387,0.00794303,0.009585107809828039,45.98484457442563,43.367460772468064
18,8.19,51,13.0,3,Random forest,183,2.05001,2.006545515899471,0.142094,0.14538331383253963,14.427139780708545,13.950347184358288
23,7.1,54,16.9,3,Random forest,184,1.77813,1.8002125573095233,0.232768,0.20674788498544988,7.639065507286225,8.962305286643925
3,8.0,49,6.5,3,Random forest,194,1.33366,1.2432104703531754,0.0287811,0.027235888377116404,46.338048233041825,46.7016262213507
1,7.38,55,1.8,3,Random forest,196,1.06742,1.0563448170476184,0.0195294,0.02032498863367728,54.65708111872357,52.372237955322255
12,5.69,54,1.0,3,Random forest,198,1.33814,1.349143085936508,0.222802,0.16818316476190479,6.005960449188069,8.958861568173239
-1,1.68,50,1.0,3,Random forest,202,0.103316,0.10678566853716918,0.00669152,0.00731497687326719,15.439840275453111,15.36541390971092
-6,5.69,56,1.2,3,Random forest,219,-0.176641,-0.15838840498053394,0.0742364,0.06361100038552431,-2.3794391969438173,-1.8068091541360605
9,1.68,56,17.4,3,Random forest,223,1.22834,1.3237755516746026,0.0318721,0.0424985877474603,38.53966321641812,36.30853870915943
11,7.19,56,17.4,3,Random forest,225,1.8924,1.9133070736507944,0.0677456,0.06828604966825395,27.933917479511585,28.049986681223395
-1,6.01,54,1.0,3,Random forest,231,0.647259,0.7125993605079367,0.0128966,0.014975010413095232,50.18834421475428,47.96618619719904
-7,5.43,84,2.1,3,Random forest,238,-0.109599,-0.339491484595825,0.0746541,0.061066539634280895,-1.4680908349307005,-8.842839284935703
-1,8.72,49,1.0,3,Random forest,239,0.936499,0.7716341336997355,0.021891,0.017749053482936504,42.780092275364304,44.067531632261115
1,3.57,46,1.0,3,Random forest,245,0.542874,0.5862733164537032,0.0092116,0.01105298618886244,58.93373572452125,53.961678552581134
1,4.07,46,2.6,3,Random forest,246,0.609832,0.6359460522354494,0.0107334,0.012530885618174606,56.816293066502695,50.81701459162532
0,0.16,64,1.0,3,Random forest,247,0.0240871,-0.008603414759756603,0.00572623,0.0077092037842460305,4.206449967954484,-1.6095246233269118
10,8.91,53,17.1,3,Random forest,262,1.92439,1.8312552388756607,0.0715763,0.060521539975661454,26.88585467536042,30.334905560157573
5,8.72,49,11.6,3,Random forest,271,1.62307,1.574273016575277,0.042448,0.04172761670913898,38.23666603844704,37.89419622391402
-1,6.02,37,7.0,3,Random forest,272,0.572343,0.5289971761388889,0.011996,0.018922012915343896,47.71115371790597,31.047735347060975
7,0.16,64,1.0,3,Random forest,274,0.767614,0.4695136990687832,0.0924369,0.03975718846051584,8.304194537030126,18.614341968386412
0,8.45,45,12.3,3,Random forest,275,1.02401,1.0973920185410029,0.0228073,0.026185942019444425,44.89834395127876,42.42348948494586
3,8.38,53,13.5,3,Random forest,278,1.38984,1.3786823060779219,0.0342858,0.03537008309630834,40.536898657753355,39.344236483299866
14,8.72,49,14.2,3,Random forest,280,2.17834,2.1445683333862426,0.093559,0.09542026988121687,23.283062025032333,22.640889432245146
4,2.95,58,14.3,3,Random forest,286,0.862012,0.9895779707857146,0.0188201,0.022825513669523817,45.80273218527,43.608066968704954
-1,5.34,37,1.1,3,Random forest,287,0.468117,0.47502598421031755,0.0163943,0.01862362153531745,28.553643644437397,29.014394684432123
11,8.43,45,12.4,3,Random forest,289,2.035,2.0467012067063477,0.0694566,0.06974238599722217,29.298871525528178,29.35294428774586
4,4.98,25,10.7,3,Random forest,291,1.00229,1.0197161213518517,0.0206466,0.023253374397248686,48.545038892602165,44.37927967926515
11,8.45,44,12.4,3,Random forest,294,2.06862,2.0417204450396826,0.069641,0.0695101420361111,29.704053646558783,29.378001129506337
10,8.38,41,11.1,3,Random forest,296,2.00976,1.9667271589682525,0.0629168,0.06139808389682534,31.943137603946802,32.11998517015457
12,8.32,47,9.8,3,Random forest,299,2.15028,2.0782574174867716,0.0773936,0.07913939660251323,27.783692708441006,27.251957568178785
5,9.13,55,15.2,3,Random forest,316,1.61212,1.538409204060848,0.0472547,0.0425630846627345,34.115548294666986,36.36654616082989
8,0.0,45,28.3,3,Random forest,317,0.727358,0.52518448614442,0.0251962,0.02400747798196007,28.867765774204045,28.019750684301684
19,6.3,53,17.2,3,Random forest,318,1.96614,1.7692675735185193,0.13821,0.14353033516719574,14.225743433904928,12.474460470429774
4,8.46,49,12.3,3,Random forest,324,1.49808,1.4588182397869176,0.0372626,0.03694517482408611,40.203313778426626,39.669975959694945
9,8.72,53,17.2,3,Random forest,333,1.84746,1.793157539232805,0.065125,0.058340743872486826,28.367907869481765,30.775972533450016
10,7.27,90,11.3,3,Random forest,338,1.98539,1.8829892375026445,0.0843419,0.05930078898650797,23.53978271772393,32.07393958640087
1,1.68,45,1.0,3,Random forest,341,0.318486,0.3792686486111111,0.00707071,0.00988386378246031,45.043001339328015,41.19796818568278
1,2.18,46,11.6,3,Random forest,342,0.387712,0.8706976069007935,0.0106701,0.020288554225912706,36.336304252068864,43.35822388896979
0,0.07,64,1.0,3,Random forest,347,0.0206861,-0.00229589606941534,0.00574796,0.007489226995714287,3.5988594214295158,-0.4611408290400766
2,5.69,51,5.6,3,Random forest,351,0.956874,0.9208292616132746,0.0180586,0.01754904198693844,52.98716401049915,52.78941159428617
0,0.0,37,1.0,3,Random forest,353,0.00285041,0.010651543481772493,0.00571472,0.008585696012605823,0.4987838424279754,1.7576390494705625
0,0.16,64,19.4,3,Random forest,354,0.0171194,0.00010482528871957895,0.0108651,0.008875687138611118,1.5756320696542139,-0.9831660977092191
0,6.76,52,1.0,3,Random forest,355,0.863589,0.9439244240317464,0.0147527,0.017520683033333338,58.537691405641006,54.53638699297751
5,0.61,13,27.0,3,Random forest,361,0.544561,0.46581015038492085,0.0187531,0.019498299787460316,29.038452309218204,29.17801461778132
6,8.71,45,12.1,3,Random forest,364,1.67407,1.6612190305180388,0.0456178,0.04514353961489893,36.69773640991016,36.90870478589168
1,5.66,46,32.5,3,Random forest,367,0.483748,0.8126559492777776,0.0241595,0.033745843984920657,20.023096504480637,24.54084826188271
0,2.6,37,1.0,3,Random forest,369,0.297198,0.4418388116603173,0.00703467,0.009786428371428573,42.247610762125305,46.747822779427246
0,8.72,59,17.2,3,Random forest,370,1.08581,1.13265156990885,0.0286967,0.030073313453860027,37.83745169305181,38.44357427068778
7,3.57,45,12.3,3,Random forest,378,1.24481,1.1579873794920643,0.0288748,0.028180897147619035,43.110601631872775,42.40454584680137
1,8.72,46,1.0,3,Random forest,379,1.16119,1.0458908699484128,0.0217549,0.020348273924841266,53.37602103434168,52.87347457310864
14,8.72,53,11.6,3,Random forest,381,2.20276,2.170075438624336,0.0964722,0.09695738157619048,22.833106324930913,22.590200124258203
1,5.66,68,1.0,3,Random forest,383,0.976284,0.8975341525002405,0.0191364,0.019703330452682775,51.01711920737443,49.56519632236862
2,7.24,49,3.3,3,Random forest,392,1.12264,1.0898524540180374,0.0214532,0.021670397030803278,52.32972237241997,50.64509838540259
1,3.57,46,17.2,3,Random forest,403,0.552258,0.8093891420396827,0.0142752,0.02048478782566139,38.686533288500335,39.76606573745798
3,8.0,53,6.5,3,Random forest,405,1.36958,1.228310269242064,0.0301766,0.026799985023280428,45.38549737213602,47.05100132767948
3,3.8,38,2.2,3,Random forest,410,0.764129,0.7756134794722224,0.0134837,0.018084005741587306,56.6705726173083,46.50485115587317
10,8.59,60,9.4,3,Random forest,412,2.10371,1.9264489547619046,0.0712649,0.06650062283333333,29.519581168289015,31.070057549820994
5,3.57,47,10.8,3,Random forest,416,1.03852,1.054762394416667,0.0220583,0.024502782199206357,47.080690715059646,43.71596780766039
0,0.0,59,1.6,3,Random forest,418,-0.00100541,-0.0012372698384464807,0.00592577,0.008766094451636144,-0.1696674018735118,-0.4488293375699717
4,3.24,54,12.7,3,Random forest,425,0.900461,1.026342468579365,0.0192792,0.023928967518095246,46.7063467363791,43.62051405497638
9,8.59,41,10.8,3,Random forest,427,1.95082,1.935706887857143,0.0588007,0.05805585190343912,33.17681592225943,33.39023628658957
13,8.32,41,11.3,3,Random forest,445,2.17876,2.0664866912448296,0.0808691,0.08538054989467293,26.941810901815405,24.82366882048428
3,0.72,40,12.7,3,Random forest,446,0.435125,0.42622355945238083,0.0115819,0.013827863058492065,37.569397076472775,31.656652344079927
13,8.21,49,12.7,3,Random forest,449,2.12671,2.154255193027899,0.0820433,0.08246948835221263,25.92179983008972,26.14959151453178
17,8.59,51,16.3,3,Random forest,450,2.23508,2.0921549682407403,0.120836,0.13224632864656075,18.496805587738752,16.05935076106201
8,9.38,24,6.2,3,Random forest,469,1.87144,1.7692130008968274,0.0513038,0.05281111157724871,36.47760984566445,34.657799210246004
-1,6.58,42,16.3,3,Random forest,478,0.659134,0.6480479038555556,0.0165447,0.020368153132142852,39.83958609101404,32.25875374687537
-11,6.05,16,8.1,3,Gradient boosting,2,-0.31553,-0.2609049791847633,0.135045,0.044660850156861887,-2.336480432448443,-9.178521404197747
18,0.86,82,15.2,3,Gradient boosting,6,1.21799,1.3740337816105206,0.148159,0.13721625143051241,8.220830324178753,12.379048250569303
7,8.64,0,29.4,3,Gradient boosting,10,1.19124,1.1670692102742495,0.0494381,0.05181540468474557,24.095586197689638,23.202121680656656
12,4.06,36,24.3,3,Gradient boosting,36,1.44887,1.4089263007030783,0.0564505,0.07020296243164038,25.666203133718923,24.913153066712145
-1,6.08,49,1.0,3,Gradient boosting,38,0.632449,0.608751498212965,0.0139275,0.01659993151952665,45.41008795548375,39.944930656215476
13,7.1,54,16.9,3,Gradient boosting,59,2.01453,1.9938093269585324,0.0790566,0.0792899666618095,25.48212293470754,24.059011710492452
5,1.58,37,18.5,3,Gradient boosting,69,0.736913,0.744271142530366,0.0179447,0.018114742863587215,41.06577429547443,37.53653035609904
-1,1.68,54,17.0,3,Gradient boosting,81,0.106537,0.13029371525474,0.0104838,0.009055720570371194,10.162059558557013,13.821169159514074
7,2.28,54,17.0,3,Gradient boosting,89,1.09185,1.1962980579644789,0.0264336,0.029069882625498995,41.305384056655164,37.240320312219474
19,8.72,53,17.2,3,Gradient boosting,92,2.22954,2.1490259903556446,0.145194,0.1520762183840763,15.355593206330841,14.151150087835816
5,5.99,51,1.0,3,Gradient boosting,96,1.26039,1.2583544668767326,0.0485936,0.04289348368119634,25.93736623752922,36.24822806711809
12,6.87,59,17.3,3,Gradient boosting,97,1.94743,1.9486084963600763,0.072967,0.07497589591486056,26.689188263187468,25.82724262815838
19,8.72,53,15.8,3,Gradient boosting,103,2.14333,2.1397751693626414,0.151896,0.1520762183840763,14.110509822510139,14.69677263122498
10,8.4,48,18.4,3,Gradient boosting,111,1.8644,2.001228220401161,0.0674953,0.0667598561659099,27.622664096611175,27.936609198108915
-7,5.35,49,2.8,3,Gradient boosting,112,-0.290722,-0.23152865468710668,0.088697,0.017829504924250558,-3.2776982310562928,-13.499638507346209
2,6.76,30,30.6,3,Gradient boosting,119,0.689777,0.9322096060213764,0.0266676,0.017829038350800023,25.86573219937302,31.645301917459935
11,6.46,58,15.2,3,Gradient boosting,122,1.89031,1.8442266332806376,0.0633584,0.06415419998917544,29.83519154524104,30.836534490968653
11,6.9,58,17.0,3,Gradient boosting,123,1.92031,1.9207731358943416,0.0666119,0.06649788286104114,28.828332475128317,26.80327538960376
14,3.09,23,11.6,3,Gradient boosting,125,1.70104,1.2204149871242198,0.0671136,0.09584583095030275,25.34568254422353,19.60509423670668
5,1.68,54,19.7,3,Gradient boosting,129,0.784465,0.7913453328751785,0.019412,0.020524064869656074,40.41134349886668,31.806964573763914
-2,4.55,0,38.9,3,Gradient boosting,139,-0.0474308,0.09851949344862918,0.0217894,0.014515056355776016,-2.176783206513259,-6.30049978476619
5,7.98,43,19.5,3,Gradient boosting,143,1.39832,1.451460204979819,0.0397875,0.038137623796332704,35.144706251963555,34.38122550638417
1,1.67,61,1.0,3,Gradient boosting,146,0.361967,0.36486471681105287,0.00784669,0.008254514808775032,46.129896809992495,43.414358998956274
5,5.87,65,40.0,3,Gradient boosting,147,0.653923,0.9226016360741509,0.0412321,0.039115193487741486,15.859560876113514,27.23434559253544
5,7.98,44,19.7,3,Gradient boosting,150,1.40045,1.451460204979819,0.0403556,0.038137623796332704,34.70274261812487,34.38122550638417
5,8.72,49,17.0,3,Gradient boosting,158,1.54304,1.6098054211116208,0.0444714,0.041221503765798306,34.69735605355352,38.3291879028619
19,8.72,53,1.0,3,Gradient boosting,163,1.37573,1.504364591171852,0.405075,0.3880792842031523,3.3962352650743686,2.626630843916689
9,1.67,56,17.4,3,Gradient boosting,167,1.21899,1.3006437274254554,0.0317839,0.03960293496280099,38.352436296363884,31.506280690058144
13,7.1,54,7.6,3,Gradient boosting,177,1.71674,1.8760677890091726,0.107421,0.10891055875138453,15.981418903193974,23.43084251575614
1,1.63,63,1.0,3,Gradient boosting,179,0.365259,0.3683337473234691,0.00794303,0.00807726417552074,45.98484457442563,43.414358998956274
18,8.19,51,13.0,3,Gradient boosting,183,2.05001,2.126285508618715,0.142094,0.14298856647635602,14.427139780708545,14.580173406380647
23,7.1,54,16.9,3,Gradient boosting,184,1.77813,1.9076802937599582,0.232768,0.19464692132345768,7.639065507286225,11.490608417194174
3,8.0,49,6.5,3,Gradient boosting,194,1.33366,1.2117817117392933,0.0287811,0.031460875197134905,46.338048233041825,48.388581023709996
1,7.38,55,1.8,3,Gradient boosting,196,1.06742,1.112174396622009,0.0195294,0.0235420872612637,54.65708111872357,50.151947121667774
12,5.69,54,1.0,3,Gradient boosting,198,1.33814,1.3625002160214077,0.222802,0.1952313686632001,6.005960449188069,14.588079984675552
-1,1.68,50,1.0,3,Gradient boosting,202,0.103316,0.1367164021236834,0.00669152,0.007802728043218679,15.439840275453111,18.062635590911334
-6,5.69,56,1.2,3,Gradient boosting,219,-0.176641,-0.040625981402652354,0.0742364,0.016757264452882916,-2.3794391969438173,4.6208521365805355
9,1.68,56,17.4,3,Gradient boosting,223,1.22834,1.3363849178841878,0.0318721,0.03960293496280099,38.53966321641812,30.340932958088334
11,7.19,56,17.4,3,Gradient boosting,225,1.8924,1.9462283706765662,0.0677456,0.06649788286104114,27.933917479511585,27.638010341385478
-1,6.01,54,1.0,3,Gradient boosting,231,0.647259,0.609064796596918,0.0128966,0.01705181415082048,50.18834421475428,42.16622871368346
-7,5.43,84,2.1,3,Gradient boosting,238,-0.109599,-0.1658111417982004,0.0746541,0.06324808656124993,-1.4680908349307005,-12.800600539968894
-1,8.72,49,1.0,3,Gradient boosting,239,0.936499,0.8984582586829719,0.021891,0.024915924339868206,42.780092275364304,40.700912937685686
1,3.57,46,1.0,3,Gradient boosting,245,0.542874,0.459850679176775,0.0092116,0.01177924436375939,58.93373572452125,49.64048389733668
1,4.07,46,2.6,3,Gradient boosting,246,0.609832,0.6537105040926705,0.0107334,0.01177924436375939,56.816293066502695,49.16899478603787
0,0.16,64,1.0,3,Gradient boosting,247,0.0240871,0.04678850945929447,0.00572623,0.007993028112498421,4.206449967954484,4.819470988970886
10,8.91,53,17.1,3,Gradient boosting,262,1.92439,2.0263976894120486,0.0715763,0.0679826216639213,26.88585467536042,27.88085510855672
5,8.72,49,11.6,3,Gradient boosting,271,1.62307,1.6247764339603423,0.042448,0.04109169841889114,38.23666603844704,39.438395142436235
-1,6.02,37,7.0,3,Gradient boosting,272,0.572343,0.5599376347167565,0.011996,0.014968640857309415,47.71115371790597,36.2644644834109
7,0.16,64,1.0,3,Gradient boosting,274,0.767614,0.7880600626707178,0.0924369,0.062803402197277,8.304194537030126,12.382444230008002
0,8.45,45,12.3,3,Gradient boosting,275,1.02401,0.9744067587734951,0.0228073,0.02439628635039657,44.89834395127876,40.34040720879721
3,8.38,53,13.5,3,Gradient boosting,278,1.38984,1.2637371902082546,0.0342858,0.03386191563542017,40.536898657753355,41.031288915935214
14,8.72,49,14.2,3,Gradient boosting,280,2.17834,2.150830520923817,0.093559,0.09776618532731622,23.283062025032333,21.853788744833654
4,2.95,58,14.3,3,Gradient boosting,286,0.862012,0.8222771941538063,0.0188201,0.021093227195043668,45.80273218527,43.20484349334054
-1,5.34,37,1.1,3,Gradient boosting,287,0.468117,0.46494008259720954,0.0163943,0.010826095785842677,28.553643644437397,29.881953660482928
11,8.43,45,12.4,3,Gradient boosting,289,2.035,2.0645930296321557,0.0694566,0.06806741643086814,29.298871525528178,28.958751304595
4,4.98,25,10.7,3,Gradient boosting,291,1.00229,0.9550400714096631,0.0206466,0.021020251194901023,48.545038892602165,43.73002739835385
11,8.45,44,12.4,3,Gradient boosting,294,2.06862,2.0645930296321557,0.069641,0.06806741643086814,29.704053646558783,28.958751304595
10,8.38,41,11.1,3,Gradient boosting,296,2.00976,1.982743844237402,0.0629168,0.06542008116714809,31.943137603946802,28.97359747319486
12,8.32,47,9.8,3,Gradient boosting,299,2.15028,2.01894132630001,0.0773936,0.0764156241377804,27.783692708441006,27.92534574726108
5,9.13,55,15.2,3,Gradient boosting,316,1.61212,1.6185739241620445,0.0472547,0.042276228229121554,34.115548294666986,38.985344545531596
8,0.0,45,28.3,3,Gradient boosting,317,0.727358,0.8888618769355321,0.0251962,0.03805739349614499,28.867765774204045,11.992795091682604
19,6.3,53,17.2,3,Gradient boosting,318,1.96614,1.6475376552824814,0.13821,0.13742260152088503,14.225743433904928,14.515061293973714
4,8.46,49,12.3,3,Gradient boosting,324,1.49808,1.537321118614569,0.0372626,0.03616363540736953,40.203313778426626,41.257276932484295
9,8.72,53,17.2,3,Gradient boosting,333,1.84746,1.9648884142124035,0.065125,0.061473776146458894,28.367907869481765,31.23163225842665
10,7.27,90,11.3,3,Gradient boosting,338,1.98539,2.0350214567013527,0.0843419,0.10215211739478167,23.53978271772393,21.47514152633542
1,1.68,45,1.0,3,Gradient boosting,341,0.318486,0.3534292489504365,0.00707071,0.007802728043218679,45.043001339328015,43.47334300927123
1,2.18,46,11.6,3,Gradient boosting,342,0.387712,0.4024768996958295,0.0106701,0.008177673522339963,36.336304252068864,44.37693336744003
0,0.07,64,1.0,3,Gradient boosting,347,0.0206861,0.04678850945929447,0.00574796,0.007993028112498421,3.5988594214295158,4.819470988970886
2,5.69,51,5.6,3,Gradient boosting,351,0.956874,0.9436088258797026,0.0180586,0.017438115041868246,52.98716401049915,52.52463742360685
0,0.0,37,1.0,3,Gradient boosting,353,0.00285041,0.01912723143406581,0.00571472,0.006157487465972844,0.4987838424279754,2.6574241445271976
0,0.16,64,19.4,3,Gradient boosting,354,0.0171194,0.04177994076249496,0.0108651,0.008887303250458755,1.5756320696542139,4.4131970631885
0,6.76,52,1.0,3,Gradient boosting,355,0.863589,0.8903761534085309,0.0147527,0.01605833921710256,58.537691405641006,49.25985352214029
5,0.61,13,27.0,3,Gradient boosting,361,0.544561,0.5628598325165374,0.0187531,0.021783391866635027,29.038452309218204,15.26064204749949
6,8.71,45,12.1,3,Gradient boosting,364,1.67407,1.7395752587150486,0.0456178,0.046118058135667245,36.69773640991016,37.48007458942092
1,5.66,46,32.5,3,Gradient boosting,367,0.483748,0.734553011961476,0.0241595,0.0024961961018653968,20.023096504480637,33.08243214859238
0,2.6,37,1.0,3,Gradient boosting,369,0.297198,0.2217430232280923,0.00703467,0.006136175873734819,42.247610762125305,43.78941588732382
0,8.72,59,17.2,3,Gradient boosting,370,1.08581,1.0183467670510717,0.0286967,0.028500079993427338,37.83745169305181,38.72106522051625
7,3.57,45,12.3,3,Gradient boosting,378,1.24481,1.1472285008017158,0.0288748,0.03247108058896585,43.110601631872775,38.064899825625886
1,8.72,46,1.0,3,Gradient boosting,379,1.16119,1.1674441771339967,0.0217549,0.026799716645001286,53.37602103434168,50.80863568368119
14,8.72,53,11.6,3,Gradient boosting,381,2.20276,2.148559075118997,0.0964722,0.09844059346607215,22.833106324930913,22.18675434542295
1,5.66,68,1.0,3,Gradient boosting,383,0.976284,0.9247472334959559,0.0191364,0.017876454874638365,51.01711920737443,48.505587330269385
2,7.24,49,3.3,3,Gradient boosting,392,1.12264,1.1473864790736628,0.0214532,0.02659601125049796,52.32972237241997,48.85550116122261
1,3.57,46,17.2,3,Gradient boosting,403,0.552258,0.4484506978507138,0.0142752,0.01258035425961807,38.686533288500335,42.97883530877853
3,8.0,53,6.5,3,Gradient boosting,405,1.36958,1.2113166468013592,0.0301766,0.03180288118387862,45.38549737213602,48.388581023709996
3,3.8,38,2.2,3,Gradient boosting,410,0.764129,0.5629264648720484,0.0134837,0.020799369006369427,56.6705726173083,46.53102642496985
10,8.59,60,9.4,3,Gradient boosting,412,2.10371,1.9684689862579403,0.0712649,0.06872190011924936,29.519581168289015,27.918836093640184
5,3.57,47,10.8,3,Gradient boosting,416,1.03852,0.8919853116785672,0.0220583,0.02365138729547642,47.080690715059646,41.6458179558782
0,0.0,59,1.6,3,Gradient boosting,418,-0.00100541,0.051930411874340554,0.00592577,0.008228997366704316,-0.1696674018735118,4.239080919832131
4,3.24,54,12.7,3,Gradient boosting,425,0.900461,0.81998935661674,0.0192792,0.020501670353496915,46.7063467363791,43.30621154594363
9,8.59,41,10.8,3,Gradient boosting,427,1.95082,1.9406723834676547,0.0588007,0.0575295886676037,33.17681592225943,32.32437462306479
13,8.32,41,11.3,3,Gradient boosting,445,2.17876,2.064718110160574,0.0808691,0.0796076327822202,26.941810901815405,25.1626432604935
3,0.72,40,12.7,3,Gradient boosting,446,0.435125,0.334088187357123,0.0115819,0.01276328875215275,37.569397076472775,26.187467886691994
13,8.21,49,12.7,3,Gradient boosting,449,2.12671,2.137318148244979,0.0820433,0.08094740778098201,25.92179983008972,25.14779709189364
17,8.59,51,16.3,3,Gradient boosting,450,2.23508,2.1474551114015448,0.120836,0.12978116560551656,18.496805587738752,17.458218772989927
8,9.38,24,6.2,3,Gradient boosting,469,1.87144,1.910499958372399,0.0513038,0.057482675090016075,36.47760984566445,32.85796508784223
-1,6.58,42,16.3,3,Gradient boosting,478,0.659134,0.5961802216654217,0.0165447,0.016808330331508668,39.83958609101404,33.2721974794196
0,9.5,65,22.3,4,Mean baseline,4,1.0478,1.1743394092083335,0.0355619,0.07262752627604167,29.464117496534215,25.953564698204094
-4,3.45,90,36.5,4,Mean baseline,8,-0.266586,1.1743394092083335,0.0235167,0.07262752627604167,-11.336029289823825,25.953564698204094
20,0.0,27,19.1,4,Mean baseline,12,1.16955,1.1743394092083335,0.147499,0.07262752627604167,7.929206299703728,25.953564698204094
10,7.24,54,1.0,4,Mean baseline,14,1.41907,1.1743394092083335,0.142302,0.07262752627604167,9.97224213292856,25.953564698204094
4,1.6,43,20.2,4,Mean baseline,27,0.64647,1.1743394092083335,0.0169162,0.07262752627604167,38.21602960475757,25.953564698204094
10,7.24,54,30.1,4,Mean baseline,28,1.43954,1.1743394092083335,0.0684059,0.07262752627604167,21.044091226049215,25.953564698204094
25,3.35,59,1.0,4,Mean baseline,32,1.17158,1.1743394092083335,0.52345,0.07262752627604167,2.2381889387716116,25.953564698204094
-1,1.68,43,21.5,4,Mean baseline,35,0.0713197,1.1743394092083335,0.0117426,0.07262752627604167,6.073586769539966,25.953564698204094
-2,6.17,50,1.0,4,Mean baseline,40,0.500473,1.1743394092083335,0.020005,0.07262752627604167,25.017395651087227,25.953564698204094
25,1.6,75,25.8,4,Mean baseline,41,1.33041,1.1743394092083335,0.217506,0.07262752627604167,6.116658850790324,25.953564698204094
25,3.84,35,25.8,4,Mean baseline,44,1.42184,1.1743394092083335,0.225636,0.07262752627604167,6.301476714708645,25.953564698204094
14,8.72,54,17.0,4,Mean baseline,47,2.10572,1.1743394092083335,0.0992494,0.07262752627604167,21.216450678795034,25.953564698204094
-7,2.7,48,12.5,4,Mean baseline,51,-0.472624,1.1743394092083335,0.0141378,0.07262752627604167,-33.4298122763089,25.953564698204094
11,6.91,58,17.3,4,Mean baseline,61,1.90015,1.1743394092083335,0.0668822,0.07262752627604167,28.410399179452828,25.953564698204094
21,7.27,50,17.4,4,Mean baseline,62,1.94854,1.1743394092083335,0.1755,0.07262752627604167,11.102792022792023,25.953564698204094
3,0.0,54,17.0,4,Mean baseline,64,0.345927,1.1743394092083335,0.011953,0.07262752627604167,28.940600686020243,25.953564698204094
19,8.72,25,18.7,4,Mean baseline,65,1.91661,1.1743394092083335,0.160625,0.07262752627604167,11.93220233463035,25.953564698204094
7,1.67,61,12.0,4,Mean baseline,85,1.05349,1.1743394092083335,0.0236589,0.07262752627604167,44.52827477186175,25.953564698204094
14,8.72,61,17.0,4,Mean baseline,95,2.18513,1.1743394092083335,0.0991395,0.07262752627604167,22.040962482158978,25.953564698204094
12,6.82,58,17.2,4,Mean baseline,98,1.96537,1.1743394092083335,0.0727065,0.07262752627604167,27.031558388864823,25.953564698204094
11,6.91,58,35.9,4,Mean baseline,100,1.26245,1.1743394092083335,0.0768925,0.07262752627604167,16.41837630458107,25.953564698204094
-1,2.2,29,19.1,4,Mean baseline,107,0.123358,1.1743394092083335,0.011217,0.07262752627604167,10.997414638495142,25.953564698204094
-1,1.68,54,1.0,4,Mean baseline,115,0.0986723,1.1743394092083335,0.00666377,0.07262752627604167,14.80727876262236,25.953564698204094
3,6.17,65,1.0,4,Mean baseline,120,1.21764,1.1743394092083335,0.0366934,0.07262752627604167,33.18416936015741,25.953564698204094
3,0.0,54,1.0,4,Mean baseline,127,0.331779,1.1743394092083335,0.0181091,0.07262752627604167,18.32112032072273,25.953564698204094
-1,8.72,43,1.0,4,Mean baseline,128,0.789883,1.1743394092083335,0.0272748,0.07262752627604167,28.96017569331398,25.953564698204094
10,7.34,46,18.3,4,Mean baseline,133,1.78802,1.1743394092083335,0.0614021,0.07262752627604167,29.119850949723215,25.953564698204094
6,8.17,60,12.6,4,Mean baseline,135,1.7211,1.1743394092083335,0.0483679,0.07262752627604167,35.58351716737754,25.953564698204094
3,0.0,53,17.2,4,Mean baseline,136,0.352274,1.1743394092083335,0.0119171,0.07262752627604167,29.56037962255918,25.953564698204094
2,7.96,50,6.0,4,Mean baseline,138,1.21713,1.1743394092083335,0.0250246,0.07262752627604167,48.637340856597106,25.953564698204094
19,8.72,54,17.2,4,Mean baseline,142,2.20807,1.1743394092083335,0.146175,0.07262752627604167,15.105661022746709,25.953564698204094
8,8.8,23,17.6,4,Mean baseline,156,1.72376,1.1743394092083335,0.0540317,0.07262752627604167,31.90275338366181,25.953564698204094
14,8.72,54,11.6,4,Mean baseline,159,2.20809,1.1743394092083335,0.096937,0.07262752627604167,22.778608787150418,25.953564698204094
-1,1.68,54,17.2,4,Mean baseline,162,0.0997206,1.1743394092083335,0.0105611,0.07262752627604167,9.442255068127373,25.953564698204094
-1,8.72,54,1.0,4,Mean baseline,164,0.978696,1.1743394092083335,0.0205945,0.07262752627604167,47.522202529801646,25.953564698204094
16,8.4,54,4.2,4,Mean baseline,170,1.62867,1.1743394092083335,0.266891,0.07262752627604167,6.102378873772439,25.953564698204094
-5,8.27,61,6.1,4,Mean baseline,171,0.542528,1.1743394092083335,0.0153641,0.07262752627604167,35.31140776225096,25.953564698204094
13,7.1,54,25.2,4,Mean baseline,178,1.75159,1.1743394092083335,0.0841026,0.07262752627604167,20.826823427575366,25.953564698204094
-1,5.69,54,1.0,4,Mean baseline,186,0.62302,1.1743394092083335,0.0121196,0.07262752627604167,51.40598699627051,25.953564698204094
-1,1.68,52,1.0,4,Mean baseline,197,0.109556,1.1743394092083335,0.0066183,0.07262752627604167,16.553495610655304,25.953564698204094
2,8.21,50,3.1,4,Mean baseline,200,1.23402,1.1743394092083335,0.0245832,0.07262752627604167,50.19769598750366,25.953564698204094
2,6.22,57,1.0,4,Mean baseline,206,1.05519,1.1743394092083335,0.0216607,0.07262752627604167,48.714492144759866,25.953564698204094
1,1.63,63,1.8,4,Mean baseline,213,0.348338,1.1743394092083335,0.00762858,0.07262752627604167,45.6622333383146,25.953564698204094
12,5.81,61,25.3,4,Mean baseline,215,1.67189,1.1743394092083335,0.0695401,0.07262752627604167,24.042099450532863,25.953564698204094
20,8.49,35,17.3,4,Mean baseline,216,1.87813,1.1743394092083335,0.17841,0.07262752627604167,10.527044448181156,25.953564698204094
11,8.45,30,12.3,4,Mean baseline,221,2.01132,1.1743394092083335,0.0674765,0.07262752627604167,29.807710832660263,25.953564698204094
9,7.18,59,17.4,4,Mean baseline,224,1.77969,1.1743394092083335,0.057389,0.07262752627604167,31.010995138441164,25.953564698204094
-1,4.82,77,7.9,4,Mean baseline,226,0.74269,1.1743394092083335,0.015682,0.07262752627604167,47.359392934574664,25.953564698204094
9,6.92,63,16.2,4,Mean baseline,230,1.82771,1.1743394092083335,0.0589714,0.07262752627604167,30.99315939591056,25.953564698204094
1,7.18,61,17.2,4,Mean baseline,232,1.05387,1.1743394092083335,0.0262557,0.07262752627604167,40.138712736662896,25.953564698204094
19,9.5,53,1.0,4,Mean baseline,233,1.40356,1.1743394092083335,0.407671,0.07262752627604167,3.4428742785236133,25.953564698204094
0,5.81,52,1.0,4,Mean baseline,240,0.727518,1.1743394092083335,0.0121709,0.07262752627604167,59.77520150522969,25.953564698204094
-4,7.89,36,8.1,4,Mean baseline,242,0.42612,1.1743394092083335,0.0142798,0.07262752627604167,29.840754072185884,25.953564698204094
9,7.8,40,12.9,4,Mean baseline,254,1.87131,1.1743394092083335,0.0560841,0.07262752627604167,33.366141205796296,25.953564698204094
0,1.94,64,1.5,4,Mean baseline,256,0.28612,1.1743394092083335,0.0068949,0.07262752627604167,41.497338612597716,25.953564698204094
-4,8.1,84,3.7,4,Mean baseline,258,0.689372,1.1743394092083335,0.0294113,0.07262752627604167,23.439018336489713,25.953564698204094
5,2.76,32,15.5,4,Mean baseline,260,0.893705,1.1743394092083335,0.0201757,0.07262752627604167,44.29610868520051,25.953564698204094
5,7.2,60,1.4,4,Mean baseline,267,1.42017,1.1743394092083335,0.055471,0.07262752627604167,25.602026284004253,25.953564698204094
3,4.0,46,1.8,4,Mean baseline,279,0.812086,1.1743394092083335,0.0166023,0.07262752627604167,48.91406612336845,25.953564698204094
11,8.45,44,12.3,4,Mean baseline,282,2.08341,1.1743394092083335,0.0709136,0.07262752627604167,29.37955483856412,25.953564698204094
0,0.16,36,1.0,4,Mean baseline,283,0.0221941,1.1743394092083335,0.00574039,0.07262752627604167,3.866305251036951,25.953564698204094
19,8.03,44,10.4,4,Mean baseline,285,1.78865,1.1743394092083335,0.183358,0.07262752627604167,9.754960241712935,25.953564698204094
4,8.39,55,13.8,4,Mean baseline,288,1.50033,1.1743394092083335,0.0391947,0.07262752627604167,38.27889995331002,25.953564698204094
0,0.13,67,1.0,4,Mean baseline,292,0.0171637,1.1743394092083335,0.00572996,0.07262752627604167,2.995431032677366,25.953564698204094
8,0.72,19,1.0,4,Mean baseline,300,0.856368,1.1743394092083335,0.110389,0.07262752627604167,7.75772948391597,25.953564698204094
2,7.4,64,28.3,4,Mean baseline,314,0.911239,1.1743394092083335,0.0330158,0.07262752627604167,27.60008844250329,25.953564698204094
6,8.61,51,12.0,4,Mean baseline,325,1.72468,1.1743394092083335,0.0472606,0.07262752627604167,36.49297723685269,25.953564698204094
8,7.81,39,12.9,4,Mean baseline,326,1.75065,1.1743394092083335,0.0500126,0.07262752627604167,35.004178946905384,25.953564698204094
1,2.39,42,16.8,4,Mean baseline,327,0.410181,1.1743394092083335,0.0121753,0.07262752627604167,33.68960107759152,25.953564698204094
-2,1.27,61,1.3,4,Mean baseline,336,-0.0359703,1.1743394092083335,0.00910022,0.07262752627604167,-3.9526846603708483,25.953564698204094
5,4.44,42,4.0,4,Mean baseline,337,1.08032,1.1743394092083335,0.0218078,0.07262752627604167,49.53823861187281,25.953564698204094
6,8.45,45,12.3,4,Mean baseline,346,1.66291,1.1743394092083335,0.0448073,0.07262752627604167,37.11247943973415,25.953564698204094
2,7.44,53,14.3,4,Mean baseline,357,1.16759,1.1743394092083335,0.0273572,0.07262752627604167,42.67944087845247,25.953564698204094
4,8.57,45,11.8,4,Mean baseline,365,1.47513,1.1743394092083335,0.0362361,0.07262752627604167,40.7088511180839,25.953564698204094
-1,4.84,43,1.0,4,Mean baseline,373,0.452395,1.1743394092083335,0.0125509,0.07262752627604167,36.04482547068338,25.953564698204094
0,4.16,80,11.7,4,Mean baseline,374,0.763388,1.1743394092083335,0.0171329,0.07262752627604167,44.55684676849803,25.953564698204094
14,8.48,50,11.2,4,Mean baseline,376,2.19315,1.1743394092083335,0.0938939,0.07262752627604167,23.35774741490129,25.953564698204094
7,8.46,52,11.4,4,Mean baseline,384,1.81011,1.1743394092083335,0.0513214,0.07262752627604167,35.27008226587739,25.953564698204094
0,0.1,37,1.0,4,Mean baseline,388,0.0215662,1.1743394092083335,0.00571571,0.07262752627604167,3.7731445437224775,25.953564698204094
1,5.66,53,1.0,4,Mean baseline,393,0.846933,1.1743394092083335,0.0141658,0.07262752627604167,59.7871634499993,25.953564698204094
16,8.73,49,17.6,4,Mean baseline,397,2.08528,1.1743394092083335,0.118106,0.07262752627604167,17.65600392867424,25.953564698204094
2,5.41,39,8.1,4,Mean baseline,398,0.863299,1.1743394092083335,0.0166435,0.07262752627604167,51.870039354703046,25.953564698204094
19,3.94,49,17.2,4,Mean baseline,404,1.66966,1.1743394092083335,0.132308,0.07262752627604167,12.6194939081537,25.953564698204094
-2,2.07,90,38.9,4,Mean baseline,407,-0.153932,1.1743394092083335,0.0224664,0.07262752627604167,-6.851654025567069,25.953564698204094
4,8.64,53,9.6,4,Mean baseline,409,1.55751,1.1743394092083335,0.0384698,0.07262752627604167,40.48656348616317,25.953564698204094
8,8.13,46,11.8,4,Mean baseline,411,1.8339,1.1743394092083335,0.0531205,0.07262752627604167,34.52339492286406,25.953564698204094
1,8.68,46,1.0,4,Mean baseline,417,1.1517,1.1743394092083335,0.0214688,0.07262752627604167,53.645289909077356,25.953564698204094
1,3.57,37,1.0,4,Mean baseline,429,0.51411,1.1743394092083335,0.00882626,0.07262752627604167,58.2477742554604,25.953564698204094
0,8.72,53,17.2,4,Mean baseline,431,1.05685,1.1743394092083335,0.0266874,0.07262752627604167,39.601085156290985,25.953564698204094
19,8.72,53,2.6,4,Mean baseline,440,1.32096,1.1743394092083335,0.38962,0.07262752627604167,3.390380370617524,25.953564698204094
1,4.07,46,17.2,4,Mean baseline,441,0.604444,1.1743394092083335,0.0150896,0.07262752627604167,40.05699289576927,25.953564698204094
0,6.33,46,1.0,4,Mean baseline,444,0.753674,1.1743394092083335,0.0130831,0.07262752627604167,57.60668343129686,25.953564698204094
0,0.73,37,1.6,4,Mean baseline,455,0.0839934,1.1743394092083335,0.006065,0.07262752627604167,13.848870568837592,25.953564698204094
12,8.68,48,11.9,4,Mean baseline,456,2.15947,1.1743394092083335,0.0784157,0.07262752627604167,27.538745429805505,25.953564698204094
24,8.85,56,12.3,4,Mean baseline,461,1.59524,1.1743394092083335,0.340131,0.07262752627604167,4.690075294518876,25.953564698204094
13,8.54,37,1.0,4,Mean baseline,467,1.42758,1.1743394092083335,0.178919,0.07262752627604167,7.978917834327266,25.953564698204094
0,9.5,65,22.3,4,Linear regression,4,1.0478,1.2830024449692319,0.0355619,0.016341994553931406,29.464117496534215,29.22210227342549
-4,3.45,90,36.5,4,Linear regression,8,-0.266586,0.35602823765435665,0.0235167,-0.05112992815803129,-11.336029289823825,19.137577173581604
20,0.0,27,19.1,4,Linear regression,12,1.16955,1.1144163750887295,0.147499,0.14287350390634534,7.929206299703728,11.239243217987083
10,7.24,54,1.0,4,Linear regression,14,1.41907,1.5871749948728457,0.142302,0.11441002814248223,9.97224213292856,30.77138907637204
4,1.6,43,20.2,4,Linear regression,27,0.64647,0.4347088846690098,0.0169162,0.029398964001732426,38.21602960475757,19.189564799507952
10,7.24,54,30.1,4,Linear regression,28,1.43954,1.5269074560468399,0.0684059,0.07157203124582762,21.044091226049215,19.558305309530805
25,3.35,59,1.0,4,Linear regression,32,1.17158,2.00291238458599,0.52345,0.21133362983154694,2.2381889387716116,20.709246885953192
-1,1.68,43,21.5,4,Linear regression,35,0.0713197,0.14659544727903184,0.0117426,-0.008135360572029321,6.073586769539966,20.726261982258073
-2,6.17,50,1.0,4,Linear regression,40,0.500473,0.7261834900506494,0.020005,0.025975304255788804,25.017395651087227,34.1679102603903
25,1.6,75,25.8,4,Linear regression,41,1.33041,1.7965371963989694,0.217506,0.16889517905227924,6.116658850790324,9.564256212398483
25,3.84,35,25.8,4,Linear regression,44,1.42184,1.9143098427982794,0.225636,0.178158787480434,6.301476714708645,11.160760040252496
14,8.72,54,17.0,4,Linear regression,47,2.10572,1.9774616379783576,0.0992494,0.12337572968548449,21.216450678795034,24.693984319658668
-7,2.7,48,12.5,4,Linear regression,51,-0.472624,-0.03986487964550278,0.0141378,-0.03565224735988591,-33.4298122763089,27.77947003191682
11,6.91,58,17.3,4,Linear regression,61,1.90015,1.5873522120918733,0.0668822,0.09637813329283003,28.410399179452828,23.82320495944521
21,7.27,50,17.4,4,Linear regression,62,1.94854,2.190639084110937,0.1755,0.16951243444855307,11.102792022792023,20.108834498153016
3,0.0,54,17.0,4,Linear regression,64,0.345927,0.22551314136136713,0.011953,0.021832645037269796,28.940600686020243,19.278433611605564
19,8.72,25,18.7,4,Linear regression,65,1.91661,2.1496605199526857,0.160625,0.15918712237539212,11.93220233463035,21.44079946771913
7,1.67,61,12.0,4,Linear regression,85,1.05349,0.7122181297984497,0.0236589,0.06160758459762778,44.52827477186175,21.661131667867313
14,8.72,61,17.0,4,Linear regression,95,2.18513,2.006381177244002,0.0991395,0.12277592060986231,22.040962482158978,24.850763411089858
12,6.82,58,17.2,4,Linear regression,98,1.96537,1.6352935273819391,0.0727065,0.1034566621724448,27.031558388864823,23.37187513135722
11,6.91,58,35.9,4,Linear regression,100,1.26245,1.54883069242989,0.0768925,0.06899714558568996,16.41837630458107,16.65607925280442
-1,2.2,29,19.1,4,Linear regression,107,0.123358,0.15942962017011242,0.011217,-0.0020478963212465506,10.997414638495142,21.916083437336752
-1,1.68,54,1.0,4,Linear regression,115,0.0986723,0.23449695115956448,0.00666377,0.021100052631521392,14.80727876262236,28.871880576803193
3,6.17,65,1.0,4,Linear regression,120,1.21764,1.0836831171784398,0.0366934,0.060519031862945084,33.18416936015741,32.5552538595745
3,0.0,54,1.0,4,Linear regression,127,0.331779,0.25864993246844936,0.0181091,0.0453861828498634,18.32112032072273,25.44370303667291
-1,8.72,43,1.0,4,Linear regression,128,0.789883,1.0785658812780545,0.0272748,0.04038472630930153,28.96017569331398,36.45872139126775
10,7.34,46,18.3,4,Linear regression,133,1.78802,1.5309300783851083,0.0614021,0.08988880289743485,29.119850949723215,24.037282564521522
6,8.17,60,12.6,4,Linear regression,135,1.7211,1.469022459664678,0.0483679,0.07057940023223502,35.58351716737754,29.02962467297556
3,0.0,53,17.2,4,Linear regression,136,0.352274,0.22096756872029366,0.0119171,0.021623912825415544,29.56037962255918,19.178970730730626
2,7.96,50,6.0,4,Linear regression,138,1.21713,1.1784206138777706,0.0250246,0.0519417414729709,48.637340856597106,32.67405642474937
19,8.72,54,17.2,4,Linear regression,142,2.20807,2.2725766139337864,0.146175,0.15891034323203088,15.105661022746709,22.668306855105552
8,8.8,23,17.6,4,Linear regression,156,1.72376,1.5036198527111795,0.0540317,0.08236236317208116,31.90275338366181,26.195826954193887
14,8.72,54,11.6,4,Linear regression,159,2.20809,1.9886453049769979,0.096937,0.13132504869723483,22.778608787150418,26.774762750618898
-1,1.68,54,17.2,4,Linear regression,162,0.0997206,0.2009459501636437,0.0105611,-0.0027479044037296285,9.442255068127373,22.629545283922507
-1,8.72,54,1.0,4,Linear regression,164,0.978696,1.124010871552638,0.0205945,0.03944216919046668,47.522202529801646,36.70508853494533
16,8.4,54,4.2,4,Linear regression,170,1.62867,2.081750294274772,0.266891,0.15571644047237976,6.102378873772439,28.490700313828356
-5,8.27,61,6.1,4,Linear regression,171,0.542528,0.8490865758614513,0.0153641,0.0014990072939437549,35.31140776225096,35.95487506129461
13,7.1,54,25.2,4,Linear regression,178,1.75159,1.6966839125494,0.0841026,0.09991796386270493,20.826823427575366,20.121478091018943
-1,5.69,54,1.0,4,Linear regression,186,0.62302,0.7411661018380056,0.0121196,0.031547763910125176,51.40598699627051,33.33369363250632
-1,1.68,52,1.0,4,Linear regression,197,0.109556,0.22623422565509477,0.0066183,0.02127142665312772,16.553495610655304,28.827086550679997
2,8.21,50,3.1,4,Linear regression,200,1.23402,1.2160145095526154,0.0245832,0.05686217377248877,50.19769598750366,34.06967940428367
2,6.22,57,1.0,4,Linear regression,206,1.05519,0.9978439484490444,0.0216607,0.05416899210972673,48.714492144759866,32.821433653677836
1,1.63,63,1.8,4,Linear regression,213,0.348338,0.38191648025469405,0.00762858,0.03335253503714766,45.6622333383146,27.930112005160137
12,5.81,61,25.3,4,Linear regression,215,1.67189,1.5032971919024725,0.0695401,0.08864415419562927,24.042099450532863,19.194100223288668
20,8.49,35,17.3,4,Linear regression,216,1.87813,2.2239186297620064,0.17841,0.16695774809449665,10.527044448181156,21.558593889138976
11,8.45,30,12.3,4,Linear regression,221,2.01132,1.6766104723362447,0.0674765,0.11015018815902351,29.807710832660263,26.836249529897586
9,7.18,59,17.4,4,Linear regression,224,1.77969,1.5071796760316027,0.057389,0.08251708541968071,31.010995138441164,24.886935005236158
-1,4.82,77,7.9,4,Linear regression,226,0.74269,0.7119714780168117,0.015682,0.01715278905294256,47.359392934574664,30.222028214444656
9,6.92,63,16.2,4,Linear regression,230,1.82771,1.4933390199954202,0.0589714,0.08326344499858788,30.99315939591056,25.149623652272126
1,7.18,61,17.2,4,Linear regression,232,1.05387,1.0430099140740834,0.0262557,0.02531367819000572,40.138712736662896,28.126573453956333
19,9.5,53,1.0,4,Linear regression,233,1.40356,2.400550351311932,0.407671,0.1848762104195591,3.4428742785236133,29.75612897119607
0,5.81,52,1.0,4,Linear regression,240,0.727518,0.8071713825999984,0.0121709,0.0391975941996452,59.77520150522969,33.03269787723077
-4,7.89,36,8.1,4,Linear regression,242,0.42612,0.7527527098602851,0.0142798,0.006872739463391897,29.840754072185884,33.81175353498719
9,7.8,40,12.9,4,Linear regression,254,1.87131,1.5163413799089878,0.0560841,0.09238492799077634,33.366141205796296,26.885230165543266
0,1.94,64,1.5,4,Linear regression,256,0.28612,0.3667322575068237,0.0068949,0.027350348734511608,41.497338612597716,28.802758330628347
-4,8.1,84,3.7,4,Linear regression,258,0.689372,0.9867045354428229,0.0294113,0.00978412284293069,23.439018336489713,36.81592028667975
5,2.76,32,15.5,4,Linear regression,260,0.893705,0.6046712985612074,0.0201757,0.04744845997622908,44.29610868520051,21.655222268653457
5,7.2,60,1.4,4,Linear regression,267,1.42017,1.310551509398441,0.055471,0.07737381829178692,25.602026284004253,32.65574415245619
3,4.0,46,1.8,4,Linear regression,279,0.812086,0.7293478274821898,0.0166023,0.055315659181423435,48.91406612336845,29.406949800780243
11,8.45,44,12.3,4,Linear regression,282,2.08341,1.734449550867533,0.0709136,0.10895057000777916,29.37955483856412,27.149807712759966
0,0.16,36,1.0,4,Linear regression,283,0.0221941,0.02718411688514011,0.00574039,0.025847995668228714,3.866305251036951,26.38775121320214
19,8.03,44,10.4,4,Linear regression,285,1.78865,2.1581636503206942,0.183358,0.16797973105449548,9.754960241712935,24.29683283651846
4,8.39,55,13.8,4,Linear regression,288,1.50033,1.3554660222450492,0.0391947,0.05548289798509187,38.27889995331002,29.47947678817537
0,0.13,67,1.0,4,Linear regression,292,0.0171637,0.15146581993001917,0.00572996,0.023113535904812278,2.995431032677366,27.04867847056279
8,0.72,19,1.0,4,Linear regression,300,0.856368,0.5005544365701511,0.110389,0.08609015928161567,7.75772948391597,23.512319523950815
2,7.4,64,28.3,4,Linear regression,314,0.911239,1.1193185006813868,0.0330158,0.016455347996417194,27.60008844250329,23.771674258844648
6,8.61,51,12.0,4,Linear regression,325,1.72468,1.4886774445856465,0.0472606,0.07338022328236989,36.49297723685269,29.548824656245085
8,7.81,39,12.9,4,Linear regression,326,1.75065,1.4543676940793668,0.0500126,0.08533086259057816,35.004178946905384,27.263682187679255
1,2.39,42,16.8,4,Linear regression,327,0.410181,0.36011919174639695,0.0121753,0.015050635420502924,33.68960107759152,22.525465049438093
-2,1.27,61,1.3,4,Linear regression,336,-0.0359703,0.15188526067293262,0.00910022,0.011824588311656468,-3.9526846603708483,28.846587836027343
5,4.44,42,4.0,4,Linear regression,337,1.08032,0.8820723620583006,0.0218078,0.06789779116802008,49.53823861187281,28.179768061275063
6,8.45,45,12.3,4,Linear regression,346,1.66291,1.4430517277755006,0.0448073,0.07303585022777219,37.11247943973415,29.12081632256134
2,7.44,53,14.3,4,Linear regression,357,1.16759,1.1079222589913698,0.0273572,0.038111467272629096,42.67944087845247,28.964424725499523
4,8.57,45,11.8,4,Linear regression,365,1.47513,1.3410377472574995,0.0362361,0.05975293489080715,40.7088511180839,30.226446220986208
-1,4.84,43,1.0,4,Linear regression,373,0.452395,0.58832241378869,0.0125509,0.03027571888761009,36.04482547068338,32.14155564160987
0,4.16,80,11.7,4,Linear regression,374,0.763388,0.6922094855175871,0.0171329,0.01674799591648172,44.55684676849803,27.70088219975218
14,8.48,50,11.2,4,Linear regression,376,2.19315,1.9426239355505168,0.0938939,0.13163133575761649,23.35774741490129,26.572265253607977
7,8.46,52,11.4,4,Linear regression,384,1.81011,1.5342045628012393,0.0513214,0.08095278835078858,35.27008226587739,29.24579621565425
0,0.1,37,1.0,4,Linear regression,388,0.0215662,0.023734395088570448,0.00571571,0.02560598380038908,3.7731445437224775,26.343387931165935
1,5.66,53,1.0,4,Linear regression,393,0.846933,0.8514558711490754,0.0141658,0.04588690160009164,59.7871634499993,32.49847183319991
16,8.73,49,17.6,4,Linear regression,397,2.08528,2.0750373829798416,0.118106,0.13727857432204899,17.65600392867424,23.58248372806437
2,5.41,39,8.1,4,Linear regression,398,0.863299,0.8064303264461868,0.0166435,0.04314909032985306,51.870039354703046,28.781185127375096
19,3.94,49,17.2,4,Linear regression,404,1.66966,1.6479600644511783,0.132308,0.14688489800880827,12.6194939081537,17.23775161367264
-2,2.07,90,38.9,4,Linear regression,407,-0.153932,0.2949044487034953,0.0224664,-0.04392681743407749,-6.851654025567069,15.897855333876139
4,8.64,53,9.6,4,Linear regression,409,1.55751,1.3874895566928742,0.0384698,0.062488429253489304,40.48656348616317,31.331233882373194
8,8.13,46,11.8,4,Linear regression,411,1.8339,1.525997838660581,0.0531205,0.08718409181043295,34.52339492286406,28.200378459272105
1,8.68,46,1.0,4,Linear regression,417,1.1517,1.2041175875065961,0.0214688,0.05435506181321591,53.645289909077356,35.701960928358105
1,3.57,37,1.0,4,Linear regression,429,0.51411,0.5212796219966235,0.00882626,0.04181257791950545,58.2477742554604,29.814636011640882
0,8.72,53,17.2,4,Linear regression,431,1.05685,1.145434344973336,0.0266874,0.02284570571985959,39.601085156290985,30.050633909655097
19,8.72,53,2.6,4,Linear regression,440,1.32096,2.298682573066764,0.38962,0.1804886334968257,3.390380370617524,28.271718192417904
1,4.07,46,17.2,4,Linear regression,441,0.604444,0.5880865903441884,0.0150896,0.018496144928996455,40.05699289576927,24.33020962879627
0,6.33,46,1.0,4,Linear regression,444,0.753674,0.8480859388428957,0.0130831,0.04106653169211358,57.60668343129686,33.476905023042136
0,0.73,37,1.6,4,Linear regression,455,0.0839934,0.1020931531845033,0.006065,0.02636413713129971,13.848870568837592,26.813173426252835
12,8.68,48,11.9,4,Linear regression,456,2.15947,1.839970082926754,0.0784157,0.11696171224902854,27.538745429805505,27.259719645826664
24,8.85,56,12.3,4,Linear regression,461,1.59524,2.602942350748144,0.340131,0.20211997679164748,4.690075294518876,22.797250351961086
13,8.54,37,1.0,4,Linear regression,467,1.42758,1.8585161714821794,0.178919,0.1407511655567818,7.978917834327266,30.667945956733384
0,9.5,65,22.3,4,Polynomial ridge d2,4,1.0478,1.3112649516804615,0.0355619,0.02096630861608837,29.464117496534215,26.25161550747824
-4,3.45,90,36.5,4,Polynomial ridge d2,8,-0.266586,-0.5912400004826861,0.0235167,0.15082032202376083,-11.336029289823825,-12.335340159696397
20,0.0,27,19.1,4,Polynomial ridge d2,12,1.16955,1.0753571860659303,0.147499,0.1833174216033829,7.929206299703728,9.319880745760361
10,7.24,54,1.0,4,Polynomial ridge d2,14,1.41907,1.5211520429110141,0.142302,0.1362022196103343,9.97224213292856,34.27845335762618
4,1.6,43,20.2,4,Polynomial ridge d2,27,0.64647,0.7042067054870758,0.0169162,-0.004303051408209385,38.21602960475757,28.92494028842086
10,7.24,54,30.1,4,Polynomial ridge d2,28,1.43954,1.5067015014443803,0.0684059,0.03259020154143378,21.044091226049215,29.87436070196388
25,3.35,59,1.0,4,Polynomial ridge d2,32,1.17158,1.2531817844962052,0.52345,0.43126880212318236,2.2381889387716116,-13.854066434843102
-1,1.68,43,21.5,4,Polynomial ridge d2,35,0.0713197,0.279264951720105,0.0117426,-0.007433375652183036,6.073586769539966,21.29823022420595
-2,6.17,50,1.0,4,Polynomial ridge d2,40,0.500473,0.5870261209174199,0.020005,0.030410362856742028,25.017395651087227,38.631848637068956
25,1.6,75,25.8,4,Polynomial ridge d2,41,1.33041,1.3823394629770254,0.217506,0.2519919833586659,6.116658850790324,-6.332971954387364
25,3.84,35,25.8,4,Polynomial ridge d2,44,1.42184,1.405092127434363,0.225636,0.2492854524114675,6.301476714708645,2.4179346489248985
14,8.72,54,17.0,4,Polynomial ridge d2,47,2.10572,2.084957374729502,0.0992494,0.09712103534200399,21.216450678795034,25.41515318548566
-7,2.7,48,12.5,4,Polynomial ridge d2,51,-0.472624,-0.18317301413023945,0.0141378,0.003848878350126428,-33.4298122763089,15.464792092344178
11,6.91,58,17.3,4,Polynomial ridge d2,61,1.90015,1.7679455867310665,0.0668822,0.06195828147219796,28.410399179452828,33.64575534871258
21,7.27,50,17.4,4,Polynomial ridge d2,62,1.94854,1.9757521456231733,0.1755,0.2074005360079551,11.102792022792023,9.95901656453424
3,0.0,54,17.0,4,Polynomial ridge d2,64,0.345927,0.494982102382998,0.011953,-0.007030955225216462,28.940600686020243,20.056762259680898
19,8.72,25,18.7,4,Polynomial ridge d2,65,1.91661,1.9649624638645786,0.160625,0.16828182610535342,11.93220233463035,9.71320511450713
7,1.67,61,12.0,4,Polynomial ridge d2,85,1.05349,0.9565803442188191,0.0236589,0.03054119416376353,44.52827477186175,29.10186652681163
14,8.72,61,17.0,4,Polynomial ridge d2,95,2.18513,2.1119851735447717,0.0991395,0.10135293471536234,22.040962482158978,24.347363581415646
12,6.82,58,17.2,4,Polynomial ridge d2,98,1.96537,1.7977217227160414,0.0727065,0.0727254970274356,27.031558388864823,32.379454072326496
11,6.91,58,35.9,4,Polynomial ridge d2,100,1.26245,1.2811488783019445,0.0768925,0.04813523907349053,16.41837630458107,25.15555003658386
-1,2.2,29,19.1,4,Polynomial ridge d2,107,0.123358,0.34828747980424823,0.011217,-0.013721020524992744,10.997414638495142,24.176693272056724
-1,1.68,54,1.0,4,Polynomial ridge d2,115,0.0986723,0.13348373981170258,0.00666377,0.012384139478270335,14.80727876262236,25.66676456110075
3,6.17,65,1.0,4,Polynomial ridge d2,120,1.21764,1.0358363432870215,0.0366934,0.06548875487645785,33.18416936015741,38.741270290734874
3,0.0,54,1.0,4,Polynomial ridge d2,127,0.331779,0.27448449383362294,0.0181091,0.02504646703269403,18.32112032072273,20.286982819459052
-1,8.72,43,1.0,4,Polynomial ridge d2,128,0.789883,0.9922731497789721,0.0272748,0.04120944940055569,28.96017569331398,39.58686480900265
10,7.34,46,18.3,4,Polynomial ridge d2,133,1.78802,1.7335744339308228,0.0614021,0.04350705331437615,29.119850949723215,35.303234871937505
6,8.17,60,12.6,4,Polynomial ridge d2,135,1.7211,1.6755385685496265,0.0483679,0.03943954843181835,35.58351716737754,37.01187277728598
3,0.0,53,17.2,4,Polynomial ridge d2,136,0.352274,0.49356985797748876,0.0119171,-0.00755998492251482,29.56037962255918,20.201294317402585
2,7.96,50,6.0,4,Polynomial ridge d2,138,1.21713,1.2739958234686577,0.0250246,0.03283655896220682,48.637340856597106,40.559647739636276
19,8.72,54,17.2,4,Polynomial ridge d2,142,2.20807,2.1687686050520965,0.146175,0.1727083226604877,15.105661022746709,11.983041131821006
8,8.8,23,17.6,4,Polynomial ridge d2,156,1.72376,1.7175473399128802,0.0540317,0.027824092812495774,31.90275338366181,31.353906814232445
14,8.72,54,11.6,4,Polynomial ridge d2,159,2.20809,2.066330645677508,0.096937,0.12567764214247076,22.778608787150418,25.415476392301585
-1,1.68,54,17.2,4,Polynomial ridge d2,162,0.0997206,0.32385673398308246,0.0105611,-0.006760851506564122,9.442255068127373,22.11577086688095
-1,8.72,54,1.0,4,Polynomial ridge d2,164,0.978696,1.032719972074608,0.0205945,0.04754845993411122,47.522202529801646,39.41669495880245
16,8.4,54,4.2,4,Polynomial ridge d2,170,1.62867,1.92829051436793,0.266891,0.2115858894832522,6.102378873772439,19.10082599120799
-5,8.27,61,6.1,4,Polynomial ridge d2,171,0.542528,0.7095646453790196,0.0153641,0.0325439206305394,35.31140776225096,32.59783497431122
13,7.1,54,25.2,4,Polynomial ridge d2,178,1.75159,1.7543089235232068,0.0841026,0.05957236037880538,20.826823427575366,29.340047642375726
-1,5.69,54,1.0,4,Polynomial ridge d2,186,0.62302,0.624436868185096,0.0121196,0.0337239095743571,51.40598699627051,38.558924944663055
-1,1.68,52,1.0,4,Polynomial ridge d2,197,0.109556,0.12872149800088684,0.0066183,0.011433990553360841,16.553495610655304,25.942288166198395
2,8.21,50,3.1,4,Polynomial ridge d2,200,1.23402,1.2424603868594777,0.0245832,0.04678787433052426,50.19769598750366,40.719533043471586
2,6.22,57,1.0,4,Polynomial ridge d2,206,1.05519,0.9451836482944123,0.0216607,0.05297417557466939,48.714492144759866,40.29600576914645
1,1.63,63,1.8,4,Polynomial ridge d2,213,0.348338,0.34248353974537527,0.00762858,0.0237522014130545,45.6622333383146,25.729832115934972
12,5.81,61,25.3,4,Polynomial ridge d2,215,1.67189,1.5736256782763491,0.0695401,0.05548892228790774,24.042099450532863,30.640501441823623
20,8.49,35,17.3,4,Polynomial ridge d2,216,1.87813,2.0160231982142216,0.17841,0.1909589930595404,10.527044448181156,9.059694473326086
11,8.45,30,12.3,4,Polynomial ridge d2,221,2.01132,1.807914337780305,0.0674765,0.07964961707361513,29.807710832660263,30.82208472790755
9,7.18,59,17.4,4,Polynomial ridge d2,224,1.77969,1.7098659163605006,0.057389,0.04455694662603772,31.010995138441164,35.2653853972303
-1,4.82,77,7.9,4,Polynomial ridge d2,226,0.74269,0.6673876552207649,0.015682,0.03423173182044741,47.359392934574664,29.122300219502424
9,6.92,63,16.2,4,Polynomial ridge d2,230,1.82771,1.6913713626301325,0.0589714,0.05087440299314096,30.99315939591056,34.9369537265516
1,7.18,61,17.2,4,Polynomial ridge d2,232,1.05387,1.1683930172248715,0.0262557,0.011854606949868077,40.138712736662896,34.77631975132093
19,9.5,53,1.0,4,Polynomial ridge d2,233,1.40356,1.9820358201004593,0.407671,0.3061171456526797,3.4428742785236133,3.6678431561093987
0,5.81,52,1.0,4,Polynomial ridge d2,240,0.727518,0.7187714888701521,0.0121709,0.037171382580179615,59.77520150522969,39.6668233910476
-4,7.89,36,8.1,4,Polynomial ridge d2,242,0.42612,0.7455578570399983,0.0142798,0.006376257157287651,29.840754072185884,34.48087866308531
9,7.8,40,12.9,4,Polynomial ridge d2,254,1.87131,1.7151765812773543,0.0560841,0.0527051490129235,33.366141205796296,36.35547962288527
0,1.94,64,1.5,4,Polynomial ridge d2,256,0.28612,0.2854128482197602,0.0068949,0.022798688276541162,41.497338612597716,25.940645142388476
-4,8.1,84,3.7,4,Polynomial ridge d2,258,0.689372,0.7406758256390663,0.0294113,0.07114080944296752,23.439018336489713,27.311157418275698
5,2.76,32,15.5,4,Polynomial ridge d2,260,0.893705,0.8847790562854188,0.0201757,0.005109607755289042,44.29610868520051,34.19756370977072
5,7.2,60,1.4,4,Polynomial ridge d2,267,1.42017,1.3014581359339017,0.055471,0.0799160871898277,25.602026284004253,39.42524001758623
3,4.0,46,1.8,4,Polynomial ridge d2,279,0.812086,0.723317205077427,0.0166023,0.04071266486002672,48.91406612336845,37.79009189917798
11,8.45,44,12.3,4,Polynomial ridge d2,282,2.08341,1.8935912093303973,0.0709136,0.07888562636626692,29.37955483856412,32.46833511198043
0,0.16,36,1.0,4,Polynomial ridge d2,283,0.0221941,-0.0095623078962781,0.00574039,0.005471189145407548,3.866305251036951,19.439306714608062
19,8.03,44,10.4,4,Polynomial ridge d2,285,1.78865,1.9690251869039392,0.183358,0.21775656865369036,9.754960241712935,12.888039672151876
4,8.39,55,13.8,4,Polynomial ridge d2,288,1.50033,1.5661528970611787,0.0391947,0.020979773950565807,38.27889995331002,37.61280363302167
0,0.13,67,1.0,4,Polynomial ridge d2,292,0.0171637,0.06876212626170375,0.00572996,0.01567381880643883,2.995431032677366,15.199039342585255
8,0.72,19,1.0,4,Polynomial ridge d2,300,0.856368,0.44227389844293186,0.110389,0.09348838038473169,7.75772948391597,21.193059120930414
2,7.4,64,28.3,4,Polynomial ridge d2,314,0.911239,1.0403495677504466,0.0330158,0.024965656497950794,27.60008844250329,26.779384631797786
6,8.61,51,12.0,4,Polynomial ridge d2,325,1.72468,1.705583141068975,0.0472606,0.03578951114927725,36.49297723685269,37.555893986632896
8,7.81,39,12.9,4,Polynomial ridge d2,326,1.75065,1.6653596614357788,0.0500126,0.04303425873369472,35.004178946905384,37.28126801676168
1,2.39,42,16.8,4,Polynomial ridge d2,327,0.410181,0.5776401247470959,0.0121753,-0.011124194053781053,33.68960107759152,29.691563926120583
-2,1.27,61,1.3,4,Polynomial ridge d2,336,-0.0359703,0.013856368707077182,0.00910022,0.010398891045685615,-3.9526846603708483,20.761493828083236
5,4.44,42,4.0,4,Polynomial ridge d2,337,1.08032,0.9510398719066979,0.0218078,0.047640807815012745,49.53823861187281,38.89729643349634
6,8.45,45,12.3,4,Polynomial ridge d2,346,1.66291,1.6646813749153186,0.0448073,0.03146810250783962,37.11247943973415,37.979091156577525
2,7.44,53,14.3,4,Polynomial ridge d2,357,1.16759,1.2909081653507588,0.0273572,0.009406361208652389,42.67944087845247,38.20079332195482
4,8.57,45,11.8,4,Polynomial ridge d2,365,1.47513,1.5539567398966123,0.0362361,0.020778151850285025,40.7088511180839,38.57266443556447
-1,4.84,43,1.0,4,Polynomial ridge d2,373,0.452395,0.480055597794367,0.0125509,0.024666825547678822,36.04482547068338,37.504612116375014
0,4.16,80,11.7,4,Polynomial ridge d2,374,0.763388,0.696362562631878,0.0171329,0.03203002359988404,44.55684676849803,25.948591428037556
14,8.48,50,11.2,4,Polynomial ridge d2,376,2.19315,2.0100353257806445,0.0938939,0.1264188657173694,23.35774741490129,26.30307391244957
7,8.46,52,11.4,4,Polynomial ridge d2,384,1.81011,1.7416506574362673,0.0513214,0.046014003701175685,35.27008226587739,37.20851217424712
0,0.1,37,1.0,4,Polynomial ridge d2,388,0.0215662,-0.011709858498108572,0.00571571,0.004983789699230329,3.7731445437224775,19.146840715277364
1,5.66,53,1.0,4,Polynomial ridge d2,393,0.846933,0.7832113146361861,0.0141658,0.04202957033059901,59.7871634499993,39.890816019288756
16,8.73,49,17.6,4,Polynomial ridge d2,397,2.08528,2.106151335228519,0.118106,0.1202849692465677,17.65600392867424,21.020808708960125
2,5.41,39,8.1,4,Polynomial ridge d2,398,0.863299,0.944031348543851,0.0166435,0.013239568923399107,51.870039354703046,39.79097672412458
19,3.94,49,17.2,4,Polynomial ridge d2,404,1.66966,1.5942565493009904,0.132308,0.16797678116171838,12.6194939081537,19.74890952038288
-2,2.07,90,38.9,4,Polynomial ridge d2,407,-0.153932,-0.6584165028414293,0.0224664,0.1493894087856247,-6.851654025567069,-14.158152601404549
4,8.64,53,9.6,4,Polynomial ridge d2,409,1.55751,1.5694729264542102,0.0384698,0.033284119437263414,40.48656348616317,38.68437792609832
8,8.13,46,11.8,4,Polynomial ridge d2,411,1.8339,1.7301507198339703,0.0531205,0.04966591373853506,34.52339492286406,37.129253833076795
1,8.68,46,1.0,4,Polynomial ridge d2,417,1.1517,1.1568876998000581,0.0214688,0.05174171500841389,53.645289909077356,40.36348788663731
1,3.57,37,1.0,4,Polynomial ridge d2,429,0.51411,0.4595457420214797,0.00882626,0.028273407079089603,58.2477742554604,35.47048778126793
0,8.72,53,17.2,4,Polynomial ridge d2,431,1.05685,1.284863242943993,0.0266874,0.00532496015566182,39.601085156290985,33.82754235829751
19,8.72,53,2.6,4,Polynomial ridge d2,440,1.32096,1.9367866095823687,0.38962,0.28742350667545474,3.390380370617524,7.232780835029846
1,4.07,46,17.2,4,Polynomial ridge d2,441,0.604444,0.7740584825395426,0.0150896,-0.006118446601889163,40.05699289576927,34.11793129246265
0,6.33,46,1.0,4,Polynomial ridge d2,444,0.753674,0.7646561475357758,0.0130831,0.03678314314169711,57.60668343129686,40.49594829245753
0,0.73,37,1.6,4,Polynomial ridge d2,455,0.0839934,0.07646915847647917,0.006065,0.006178404035155044,13.848870568837592,22.80578469503283
12,8.68,48,11.9,4,Polynomial ridge d2,456,2.15947,1.9748257722849534,0.0784157,0.09456956695546509,27.538745429805505,30.12815526520314
24,8.85,56,12.3,4,Polynomial ridge d2,461,1.59524,2.149136224934756,0.340131,0.31183826331090075,4.690075294518876,-9.44620001326906
13,8.54,37,1.0,4,Polynomial ridge d2,467,1.42758,1.6579280415139896,0.178919,0.1874021316810056,7.978917834327266,25.138553958344705
0,9.5,65,22.3,4,Random forest,4,1.0478,0.8860069634365076,0.0355619,0.031155829980952402,29.464117496534215,28.67098184347411
-4,3.45,90,36.5,4,Random forest,8,-0.266586,-0.1177768790347354,0.0235167,0.034496040867301604,-11.336029289823825,-0.8624588425072056
20,0.0,27,19.1,4,Random forest,12,1.16955,1.2646647015634902,0.147499,0.14171203228174603,7.929206299703728,9.221736404119689
10,7.24,54,1.0,4,Random forest,14,1.41907,1.42790250160582,0.142302,0.12877198260753972,9.97224213292856,12.46546302832555
4,1.6,43,20.2,4,Random forest,27,0.64647,0.6608805458630953,0.0169162,0.01768097849642858,38.21602960475757,37.50397451453507
10,7.24,54,30.1,4,Random forest,28,1.43954,1.4203034841005286,0.0684059,0.0568556233148148,21.044091226049215,24.852337300148488
25,3.35,59,1.0,4,Random forest,32,1.17158,1.2756064091640205,0.52345,0.4678033281719571,2.2381889387716116,2.8752857740778217
-1,1.68,43,21.5,4,Random forest,35,0.0713197,0.17646960693544986,0.0117426,0.011970234281084654,6.073586769539966,13.317851861696903
-2,6.17,50,1.0,4,Random forest,40,0.500473,0.4274233797499865,0.020005,0.023659942222195758,25.017395651087227,28.584671436956352
25,1.6,75,25.8,4,Random forest,41,1.33041,1.6225591017883605,0.217506,0.22337338835582016,6.116658850790324,7.339866960659055
25,3.84,35,25.8,4,Random forest,44,1.42184,1.386292465246032,0.225636,0.2230574072349206,6.301476714708645,6.25916724342997
14,8.72,54,17.0,4,Random forest,47,2.10572,2.072394303968254,0.0992494,0.09797154533835976,21.216450678795034,21.430906079057216
-7,2.7,48,12.5,4,Random forest,51,-0.472624,-0.5577884458190479,0.0141378,0.054755764368253954,-33.4298122763089,-11.998172745616428
11,6.91,58,17.3,4,Random forest,61,1.90015,1.8540233079497364,0.0668822,0.0652048350814815,28.410399179452828,28.496734219888253
21,7.27,50,17.4,4,Random forest,62,1.94854,1.6535174416005285,0.1755,0.21707869469312177,11.102792022792023,8.023538419283335
3,0.0,54,17.0,4,Random forest,64,0.345927,0.45347856112365037,0.011953,0.01876566044539683,28.940600686020243,27.774542284349632
19,8.72,25,18.7,4,Random forest,65,1.91661,2.04656569915344,0.160625,0.1491637056007936,11.93220233463035,13.858440618730516
7,1.67,61,12.0,4,Random forest,85,1.05349,0.9967345565502657,0.0236589,0.023706220289285707,44.52827477186175,42.88216275587214
14,8.72,61,17.0,4,Random forest,95,2.18513,2.079809898412699,0.0991395,0.09784010134947087,22.040962482158978,21.531904074048086
12,6.82,58,17.2,4,Random forest,98,1.96537,1.8930230577777776,0.0727065,0.07219172028822748,27.031558388864823,26.29715984586817
11,6.91,58,35.9,4,Random forest,100,1.26245,1.3528530378978838,0.0768925,0.05601904954603177,16.41837630458107,23.533758429852046
-1,2.2,29,19.1,4,Random forest,107,0.123358,0.2825593505973545,0.011217,0.013692677078544983,10.997414638495142,18.712644671048515
-1,1.68,54,1.0,4,Random forest,115,0.0986723,0.12873136103849214,0.00666377,0.007418128016031746,14.80727876262236,17.515248088631772
3,6.17,65,1.0,4,Random forest,120,1.21764,0.9715828646507936,0.0366934,0.02259895011468255,33.18416936015741,47.775547154178625
3,0.0,54,1.0,4,Random forest,127,0.331779,0.4142882322006354,0.0181091,0.029533788210634952,18.32112032072273,20.079677952728748
-1,8.72,43,1.0,4,Random forest,128,0.789883,0.6645101627190477,0.0272748,0.01883602990095237,28.96017569331398,38.01692275817177
10,7.34,46,18.3,4,Random forest,133,1.78802,1.8449716901534388,0.0614021,0.06521597393862429,29.119850949723215,28.398538771725466
6,8.17,60,12.6,4,Random forest,135,1.7211,1.5714195674894174,0.0483679,0.04433009595423281,35.58351716737754,35.92361162439721
3,0.0,53,17.2,4,Random forest,136,0.352274,0.45386288151253934,0.0119171,0.018535008206507938,29.56037962255918,27.851096937517305
2,7.96,50,6.0,4,Random forest,138,1.21713,1.2106796257566137,0.0250246,0.025131684112698404,48.637340856597106,48.4443465661969
19,8.72,54,17.2,4,Random forest,142,2.20807,2.1790808029232807,0.146175,0.14855520940873004,15.105661022746709,14.697898418226975
8,8.8,23,17.6,4,Random forest,156,1.72376,1.7252063866587306,0.0540317,0.05515422500555558,31.90275338366181,31.617995942087763
14,8.72,54,11.6,4,Random forest,159,2.20809,2.1380139570490604,0.096937,0.0973796729022608,22.778608787150418,22.251700591150406
-1,1.68,54,17.2,4,Random forest,162,0.0997206,0.13334174090343923,0.0105611,0.010300268866878308,9.442255068127373,11.827727598604266
-1,8.72,54,1.0,4,Random forest,164,0.978696,0.7834707455780413,0.0205945,0.016483658414021163,47.522202529801646,48.05256215598583
16,8.4,54,4.2,4,Random forest,170,1.62867,1.3671103747698403,0.266891,0.2650537507365078,6.102378873772439,6.204493851979884
-5,8.27,61,6.1,4,Random forest,171,0.542528,0.3578439220594841,0.0153641,0.03752862982730156,35.31140776225096,23.557227556680377
13,7.1,54,25.2,4,Random forest,178,1.75159,1.829579869338625,0.0841026,0.08274659058756617,20.826823427575366,22.700355639703183
-1,5.69,54,1.0,4,Random forest,186,0.62302,0.5985762439335973,0.0121196,0.013404493632513247,51.40598699627051,44.691202589846746
-1,1.68,52,1.0,4,Random forest,197,0.109556,0.12986498132182545,0.0066183,0.0074886872771428555,16.553495610655304,17.620638513251514
2,8.21,50,3.1,4,Random forest,200,1.23402,1.2083566814682545,0.0245832,0.024475475102566126,50.19769598750366,49.63330809317408
2,6.22,57,1.0,4,Random forest,206,1.05519,0.9337295556349213,0.0216607,0.017671956275912715,48.714492144759866,54.150966940381686
1,1.63,63,1.8,4,Random forest,213,0.348338,0.39729172098809523,0.00762858,0.009093505089444445,45.6622333383146,44.36079683550024
12,5.81,61,25.3,4,Random forest,215,1.67189,1.6676185700793662,0.0695401,0.07159213639999999,24.042099450532863,24.31567910611036
20,8.49,35,17.3,4,Random forest,216,1.87813,1.9812899450661379,0.17841,0.1524628524539682,10.527044448181156,13.169726464991108
11,8.45,30,12.3,4,Random forest,221,2.01132,2.010119975198412,0.0674765,0.06679437642261903,29.807710832660263,30.27438962573225
9,7.18,59,17.4,4,Random forest,224,1.77969,1.7587158717063487,0.057389,0.0584912196152116,31.010995138441164,30.44497150499707
-1,4.82,77,7.9,4,Random forest,226,0.74269,0.5806328521362432,0.015682,0.015250006048888898,47.359392934574664,38.350658485870916
9,6.92,63,16.2,4,Random forest,230,1.82771,1.8168680757142868,0.0589714,0.058674153678703704,30.99315939591056,31.389237093029916
1,7.18,61,17.2,4,Random forest,232,1.05387,1.180564247343915,0.0262557,0.033097774952777784,40.138712736662896,36.93167079485426
19,9.5,53,1.0,4,Random forest,233,1.40356,1.2894948758333338,0.407671,0.3787209801428564,3.4428742785236133,3.647081758018584
0,5.81,52,1.0,4,Random forest,240,0.727518,0.7981899195873016,0.0121709,0.014487167951891528,59.77520150522969,55.67044281809254
-4,7.89,36,8.1,4,Random forest,242,0.42612,0.35939947413326684,0.0142798,0.030881683311851836,29.840754072185884,23.223163508470396
9,7.8,40,12.9,4,Random forest,254,1.87131,1.8806106831878313,0.0560841,0.05675061206058197,33.366141205796296,33.243116609348625
0,1.94,64,1.5,4,Random forest,256,0.28612,0.34709529325277766,0.0068949,0.009335273320595238,41.497338612597716,37.55344415084551
-4,8.1,84,3.7,4,Random forest,258,0.689372,0.4349163246580288,0.0294113,0.031875990164999986,23.439018336489713,27.560061720764086
5,2.76,32,15.5,4,Random forest,260,0.893705,0.9469530095256133,0.0201757,0.021605043853463204,44.29610868520051,43.98094633782103
5,7.2,60,1.4,4,Random forest,267,1.42017,1.227576308047619,0.055471,0.045748515430952326,25.602026284004253,31.20763445238566
3,4.0,46,1.8,4,Random forest,279,0.812086,0.7377098583134921,0.0166023,0.015501185019867721,48.91406612336845,52.02146472466914
11,8.45,44,12.3,4,Random forest,282,2.08341,2.0437398195238092,0.0709136,0.06913652148849209,29.37955483856412,29.588105806530837
0,0.16,36,1.0,4,Random forest,283,0.0221941,0.0007692547993756636,0.00574039,0.007325372903161371,3.866305251036951,-0.3005273386167208
19,8.03,44,10.4,4,Random forest,285,1.78865,1.8759836894338613,0.183358,0.16587053350026448,9.754960241712935,11.803114532349786
4,8.39,55,13.8,4,Random forest,288,1.50033,1.436474520185186,0.0391947,0.03745859726944446,38.27889995331002,38.65329021871054
0,0.13,67,1.0,4,Random forest,292,0.0171637,-0.005897835408306883,0.00572996,0.0076515754976719565,2.995431032677366,-1.874928678166944
8,0.72,19,1.0,4,Random forest,300,0.856368,0.9166217510005285,0.110389,0.07052892494611106,7.75772948391597,19.9997439118292
2,7.4,64,28.3,4,Random forest,314,0.911239,0.9008871977777776,0.0330158,0.03585375859986772,27.60008844250329,25.099964147747773
6,8.61,51,12.0,4,Random forest,325,1.72468,1.6463956832539683,0.0472606,0.0446144687281746,36.49297723685269,37.01002580252302
8,7.81,39,12.9,4,Random forest,326,1.75065,1.8071417750661374,0.0500126,0.052476288657671975,35.004178946905384,34.64166031873097
1,2.39,42,16.8,4,Random forest,327,0.410181,0.728539784261063,0.0121753,0.018400980001293893,33.68960107759152,39.13117871786382
-2,1.27,61,1.3,4,Random forest,336,-0.0359703,-0.006731495013650785,0.00910022,0.02143577019187832,-3.9526846603708483,2.7965788518507995
5,4.44,42,4.0,4,Random forest,337,1.08032,1.1502857130092594,0.0218078,0.031747479362698394,49.53823861187281,39.89146515980591
6,8.45,45,12.3,4,Random forest,346,1.66291,1.6142654361111106,0.0448073,0.043480056178439155,37.11247943973415,37.36406623506264
2,7.44,53,14.3,4,Random forest,357,1.16759,1.1942976554338627,0.0273572,0.029812567884391523,42.67944087845247,40.49882693935531
4,8.57,45,11.8,4,Random forest,365,1.47513,1.3806714405767189,0.0362361,0.03399217744576717,40.7088511180839,40.97276435189099
-1,4.84,43,1.0,4,Random forest,373,0.452395,0.4656811663595239,0.0125509,0.0155148369947619,36.04482547068338,33.245097471532645
0,4.16,80,11.7,4,Random forest,374,0.763388,0.920865855843652,0.0171329,0.026566127088015843,44.55684676849803,36.909029837158684
14,8.48,50,11.2,4,Random forest,376,2.19315,2.1659291301659453,0.0938939,0.09523920555508658,23.35774741490129,23.1039278992698
7,8.46,52,11.4,4,Random forest,384,1.81011,1.7593230844179895,0.0513214,0.049744125520370344,35.27008226587739,35.50125672056495
0,0.1,37,1.0,4,Random forest,388,0.0215662,0.007887965343105825,0.00571571,0.007149247587288358,3.7731445437224775,1.0368537336510777
1,5.66,53,1.0,4,Random forest,393,0.846933,0.8497161432301589,0.0141658,0.015350236890859792,59.7871634499993,56.190150067913855
16,8.73,49,17.6,4,Random forest,397,2.08528,2.085119774662096,0.118106,0.11584311720334299,17.65600392867424,18.431693836949936
2,5.41,39,8.1,4,Random forest,398,0.863299,0.8579293705277778,0.0166435,0.01758938095698413,51.870039354703046,49.216913598372635
19,3.94,49,17.2,4,Random forest,404,1.66966,1.63357997823016,0.132308,0.14428568620952387,12.6194939081537,11.686109032709105
-2,2.07,90,38.9,4,Random forest,407,-0.153932,-0.01456903273410054,0.0224664,0.023370012776984098,-6.851654025567069,1.3173519721443243
4,8.64,53,9.6,4,Random forest,409,1.55751,1.435290087769843,0.0384698,0.03531801542738097,40.48656348616317,41.03873187707491
8,8.13,46,11.8,4,Random forest,411,1.8339,1.821198158835979,0.0531205,0.05336656218981484,34.52339492286406,34.390084702405886
1,8.68,46,1.0,4,Random forest,417,1.1517,1.0923058524841267,0.0214688,0.02100542260309522,53.645289909077356,53.060799354534545
1,3.57,37,1.0,4,Random forest,429,0.51411,0.587596514037037,0.00882626,0.01204402264951059,58.2477742554604,50.40430204769288
0,8.72,53,17.2,4,Random forest,431,1.05685,1.0806120170264544,0.0266874,0.02834200189682542,39.601085156290985,38.146215470751415
19,8.72,53,2.6,4,Random forest,440,1.32096,1.2882457182142861,0.38962,0.3738476919761898,3.390380370617524,3.7217231201896332
1,4.07,46,17.2,4,Random forest,441,0.604444,0.7700601443134919,0.0150896,0.019532016808280424,40.05699289576927,39.123510099971696
0,6.33,46,1.0,4,Random forest,444,0.753674,0.8148965703783065,0.0130831,0.014591399766230155,57.60668343129686,56.431437223924625
0,0.73,37,1.6,4,Random forest,455,0.0839934,0.15078206023949725,0.006065,0.007627416356494703,13.848870568837592,17.971301897858446
12,8.68,48,11.9,4,Random forest,456,2.15947,2.113349117566138,0.0784157,0.07709958491812169,27.538745429805505,27.43992419786263
24,8.85,56,12.3,4,Random forest,461,1.59524,1.8595156360449725,0.340131,0.2405409119074076,4.690075294518876,8.477322939325362
13,8.54,37,1.0,4,Random forest,467,1.42758,1.4526599957566144,0.178919,0.18539052868624317,7.978917834327266,9.780607769664005
0,9.5,65,22.3,4,Gradient boosting,4,1.0478,0.9338385175257143,0.0355619,0.034099207913669154,29.464117496534215,28.677553864791133
-4,3.45,90,36.5,4,Gradient boosting,8,-0.266586,-0.04294941138600129,0.0235167,0.04881738774429728,-11.336029289823825,-14.792473080427925
20,0.0,27,19.1,4,Gradient boosting,12,1.16955,1.0283877245406154,0.147499,0.14921728394699504,7.929206299703728,16.77531060889585
10,7.24,54,1.0,4,Gradient boosting,14,1.41907,1.537170770273437,0.142302,0.1496963137745474,9.97224213292856,13.540540224233949
4,1.6,43,20.2,4,Gradient boosting,27,0.64647,0.6405120744381796,0.0169162,0.01413409992908298,38.21602960475757,37.65587504368074
10,7.24,54,30.1,4,Gradient boosting,28,1.43954,1.5115425778513285,0.0684059,0.06919429975051426,21.044091226049215,18.087970253651026
25,3.35,59,1.0,4,Gradient boosting,32,1.17158,1.0468916643166255,0.52345,0.4978914330939406,2.2381889387716116,0.9752256404839937
-1,1.68,43,21.5,4,Gradient boosting,35,0.0713197,0.06724789070212081,0.0117426,0.008807907034759274,6.073586769539966,8.95306058346883
-2,6.17,50,1.0,4,Gradient boosting,40,0.500473,0.45638949566520903,0.020005,0.016577110082773787,25.017395651087227,38.923235561159956
25,1.6,75,25.8,4,Gradient boosting,41,1.33041,1.3048090673562367,0.217506,0.2333656279045492,6.116658850790324,7.763463946747821
25,3.84,35,25.8,4,Gradient boosting,44,1.42184,1.3826880391907332,0.225636,0.22858801004303175,6.301476714708645,8.721878334176148
14,8.72,54,17.0,4,Gradient boosting,47,2.10572,2.1409171034452315,0.0992494,0.09943637299459689,21.216450678795034,20.401082057524828
-7,2.7,48,12.5,4,Gradient boosting,51,-0.472624,-0.3805398779573772,0.0141378,0.038654305346666785,-33.4298122763089,-12.599223017449095
11,6.91,58,17.3,4,Gradient boosting,61,1.90015,1.8690551575629994,0.0668822,0.06512038715697191,28.410399179452828,26.88451137931377
21,7.27,50,17.4,4,Gradient boosting,62,1.94854,2.0342343227167237,0.1755,0.19681928163859053,11.102792022792023,10.305964638567774
3,0.0,54,17.0,4,Gradient boosting,64,0.345927,0.33745296833941774,0.011953,0.013618636811290977,28.940600686020243,26.93235964800009
19,8.72,25,18.7,4,Gradient boosting,65,1.91661,2.0683823498214657,0.160625,0.1486225926348018,11.93220233463035,14.199140025105503
7,1.67,61,12.0,4,Gradient boosting,85,1.05349,1.1296010297763959,0.0236589,0.02883842409105705,44.52827477186175,37.1330805732427
14,8.72,61,17.0,4,Gradient boosting,95,2.18513,2.163785753488769,0.0991395,0.10081454666698371,22.040962482158978,20.371255626108805
12,6.82,58,17.2,4,Gradient boosting,98,1.96537,1.9570058826574814,0.0727065,0.07528081899072216,27.031558388864823,27.16860550391058
11,6.91,58,35.9,4,Gradient boosting,100,1.26245,1.308005893256981,0.0768925,0.07319556622194122,16.41837630458107,16.260765304007677
-1,2.2,29,19.1,4,Gradient boosting,107,0.123358,0.15420397339111686,0.011217,0.008857087804415907,10.997414638495142,17.571907599967762
-1,1.68,54,1.0,4,Gradient boosting,115,0.0986723,0.12190921675034372,0.00666377,0.007649846109344962,14.80727876262236,19.823164607021134
3,6.17,65,1.0,4,Gradient boosting,120,1.21764,1.1386606716187126,0.0366934,0.0366840973032968,33.18416936015741,44.29277354960463
3,0.0,54,1.0,4,Gradient boosting,127,0.331779,0.3050716075990832,0.0181091,0.022592328510974733,18.32112032072273,17.78577154909233
-1,8.72,43,1.0,4,Gradient boosting,128,0.789883,0.8923923678573795,0.0272748,0.02193470096037399,28.96017569331398,44.445124395113794
10,7.34,46,18.3,4,Gradient boosting,133,1.78802,1.8778346789070681,0.0614021,0.0642679546200574,29.119850949723215,28.906815666890747
6,8.17,60,12.6,4,Gradient boosting,135,1.7211,1.7481616690529833,0.0483679,0.0428983946436629,35.58351716737754,38.77100366955324
3,0.0,53,17.2,4,Gradient boosting,136,0.352274,0.3336622533854939,0.0119171,0.01357732880082056,29.56037962255918,26.93235964800009
2,7.96,50,6.0,4,Gradient boosting,138,1.21713,1.2050319889330128,0.0250246,0.024234367141242906,48.637340856597106,48.85053568146971
19,8.72,54,17.2,4,Gradient boosting,142,2.20807,2.151329683581582,0.146175,0.15022783139220616,15.105661022746709,13.918121417685997
8,8.8,23,17.6,4,Gradient boosting,156,1.72376,1.633230947579447,0.0540317,0.04325950165413478,31.90275338366181,32.93025492550916
14,8.72,54,11.6,4,Gradient boosting,159,2.20809,2.1565450962529362,0.096937,0.09926194013145594,22.778608787150418,21.34568780718816
-1,1.68,54,17.2,4,Gradient boosting,162,0.0997206,0.11743403420873785,0.0105611,0.00944593640460852,9.442255068127373,14.693127710348511
-1,8.72,54,1.0,4,Gradient boosting,164,0.978696,0.9172955566679891,0.0205945,0.024531015970704263,47.522202529801646,44.46946577128165
16,8.4,54,4.2,4,Gradient boosting,170,1.62867,1.7187404376820963,0.266891,0.24754656018440777,6.102378873772439,10.418479738876414
-5,8.27,61,6.1,4,Gradient boosting,171,0.542528,0.49704905373701846,0.0153641,0.03950221320038368,35.31140776225096,29.051428949397945
13,7.1,54,25.2,4,Gradient boosting,178,1.75159,1.9143770757481788,0.0841026,0.08056029987583926,20.826823427575366,22.237680652923014
-1,5.69,54,1.0,4,Gradient boosting,186,0.62302,0.4912093636414991,0.0121196,0.01914624192664987,51.40598699627051,36.71048012990084
-1,1.68,52,1.0,4,Gradient boosting,197,0.109556,0.12190921675034372,0.0066183,0.007608538098874546,16.553495610655304,19.823164607021134
2,8.21,50,3.1,4,Gradient boosting,200,1.23402,1.2506739606330457,0.0245832,0.025492413711340138,50.19769598750366,49.394170366436725
2,6.22,57,1.0,4,Gradient boosting,206,1.05519,1.05017327838411,0.0216607,0.021398654866215238,48.714492144759866,49.83462500851944
1,1.63,63,1.8,4,Gradient boosting,213,0.348338,0.3487110748759561,0.00762858,0.008516413684339834,45.6622333383146,44.64102424689855
12,5.81,61,25.3,4,Gradient boosting,215,1.67189,1.5395767885786509,0.0695401,0.07890996990596752,24.042099450532863,24.689290650023608
20,8.49,35,17.3,4,Gradient boosting,216,1.87813,2.087454853185677,0.17841,0.1637120142756224,10.527044448181156,13.512894298097331
11,8.45,30,12.3,4,Gradient boosting,221,2.01132,2.0701440509415927,0.0674765,0.06693010450216848,29.807710832660263,29.81579951431242
9,7.18,59,17.4,4,Gradient boosting,224,1.77969,1.8140359524853173,0.057389,0.055233199693469404,31.010995138441164,31.244311320266156
-1,4.82,77,7.9,4,Gradient boosting,226,0.74269,0.5189038714275226,0.015682,0.024185016212775582,47.359392934574664,27.882223196257545
9,6.92,63,16.2,4,Gradient boosting,230,1.82771,1.7807893710138,0.0589714,0.05608590078095893,30.99315939591056,31.217576394322887
1,7.18,61,17.2,4,Gradient boosting,232,1.05387,1.0725603717634458,0.0262557,0.02306203508518353,40.138712736662896,43.094922515030916
19,9.5,53,1.0,4,Gradient boosting,233,1.40356,1.4913245635340338,0.407671,0.4499507371897142,3.4428742785236133,4.0658595467575145
0,5.81,52,1.0,4,Gradient boosting,240,0.727518,0.5759344388711225,0.0121709,0.021159776956850358,59.77520150522969,46.964216409644564
-4,7.89,36,8.1,4,Gradient boosting,242,0.42612,0.3270310887376337,0.0142798,0.03722339679729922,29.840754072185884,25.89016195698
9,7.8,40,12.9,4,Gradient boosting,254,1.87131,1.8498908442946402,0.0560841,0.054576663862255695,33.366141205796296,32.58281167163584
0,1.94,64,1.5,4,Gradient boosting,256,0.28612,0.18724463694326088,0.0068949,0.008382552621093251,41.497338612597716,36.97092123368683
-4,8.1,84,3.7,4,Gradient boosting,258,0.689372,0.5820361376880194,0.0294113,0.05263264075880213,23.439018336489713,20.20950047352299
5,2.76,32,15.5,4,Gradient boosting,260,0.893705,0.857087123093872,0.0201757,0.017716632162709262,44.29610868520051,41.99361325985525
5,7.2,60,1.4,4,Gradient boosting,267,1.42017,1.4106804105107642,0.055471,0.05437073627356846,25.602026284004253,34.05898318259462
3,4.0,46,1.8,4,Gradient boosting,279,0.812086,0.751778438283203,0.0166023,0.02306677637664644,48.91406612336845,49.731043960105005
11,8.45,44,12.3,4,Gradient boosting,282,2.08341,2.067808061298228,0.0709136,0.0673729021971566,29.37955483856412,29.84602639601092
0,0.16,36,1.0,4,Gradient boosting,283,0.0221941,0.029929712222943054,0.00574039,0.006427505965362248,3.866305251036951,1.7949841636476929
19,8.03,44,10.4,4,Gradient boosting,285,1.78865,1.9406896659039736,0.183358,0.17422746202527473,9.754960241712935,14.106406366092843
4,8.39,55,13.8,4,Gradient boosting,288,1.50033,1.548570377574392,0.0391947,0.03702825591713635,38.27889995331002,41.56329504979426
0,0.13,67,1.0,4,Gradient boosting,292,0.0171637,0.04577348710554044,0.00572996,0.008597154111869388,2.995431032677366,0.5284632327812768
8,0.72,19,1.0,4,Gradient boosting,300,0.856368,0.7662824240652423,0.110389,0.09792257873353465,7.75772948391597,2.094318432553129
2,7.4,64,28.3,4,Gradient boosting,314,0.911239,1.0680257056110922,0.0330158,0.02685798565544356,27.60008844250329,33.65592854616081
6,8.61,51,12.0,4,Gradient boosting,325,1.72468,1.7534507885958264,0.0472606,0.045226834141631464,36.49297723685269,39.11745728635025
8,7.81,39,12.9,4,Gradient boosting,326,1.75065,1.775904218539917,0.0500126,0.051451678065995814,35.004178946905384,33.67719373292693
1,2.39,42,16.8,4,Gradient boosting,327,0.410181,0.432788384574348,0.0121753,0.00809222946828948,33.68960107759152,44.27390484508021
-2,1.27,61,1.3,4,Gradient boosting,336,-0.0359703,-0.004552931755475843,0.00910022,0.008549860951341689,-3.9526846603708483,-6.326270659578753
5,4.44,42,4.0,4,Gradient boosting,337,1.08032,1.0524549685796414,0.0218078,0.02598127071937389,49.53823861187281,44.07095572450613
6,8.45,45,12.3,4,Gradient boosting,346,1.66291,1.724928045391486,0.0448073,0.04369208734263502,37.11247943973415,39.11745728635025
2,7.44,53,14.3,4,Gradient boosting,357,1.16759,1.2022880265698639,0.0273572,0.023768357336400984,42.67944087845247,43.1093927039132
4,8.57,45,11.8,4,Gradient boosting,365,1.47513,1.521296294975535,0.0362361,0.035898210793768884,40.7088511180839,42.569932066349566
-1,4.84,43,1.0,4,Gradient boosting,373,0.452395,0.4006628358338417,0.0125509,0.011257831496570876,36.04482547068338,33.540288484863005
0,4.16,80,11.7,4,Gradient boosting,374,0.763388,0.5427643773337217,0.0171329,0.0411717906578088,44.55684676849803,33.107377266273424
14,8.48,50,11.2,4,Gradient boosting,376,2.19315,2.1565450962529362,0.0938939,0.09650863780312215,23.35774741490129,21.689641575744496
7,8.46,52,11.4,4,Gradient boosting,384,1.81011,1.7869480361722148,0.0513214,0.05035984407663093,35.27008226587739,36.1671770000133
0,0.1,37,1.0,4,Gradient boosting,388,0.0215662,0.038660853161809554,0.00571571,0.006427505965362248,3.7731445437224775,1.7949841636476929
1,5.66,53,1.0,4,Gradient boosting,393,0.846933,0.8573088553215636,0.0141658,0.018212498263812767,59.7871634499993,51.82290397340464
16,8.73,49,17.6,4,Gradient boosting,397,2.08528,2.1393017789778725,0.118106,0.11023046225902255,17.65600392867424,18.839540550579855
2,5.41,39,8.1,4,Gradient boosting,398,0.863299,0.9171863113951706,0.0166435,0.019444034387044035,51.870039354703046,49.529372657840234
19,3.94,49,17.2,4,Gradient boosting,404,1.66966,1.5416424829299693,0.132308,0.13657679201323394,12.6194939081537,12.1694475095452
-2,2.07,90,38.9,4,Gradient boosting,407,-0.153932,0.018545903971075105,0.0224664,0.05336068439204759,-6.851654025567069,-14.15869434393191
4,8.64,53,9.6,4,Gradient boosting,409,1.55751,1.5498190381798755,0.0384698,0.037797767848067515,40.48656348616317,42.296590724643195
8,8.13,46,11.8,4,Gradient boosting,411,1.8339,1.8387877825019914,0.0531205,0.051992138325295686,34.52339492286406,33.975036621508345
1,8.68,46,1.0,4,Gradient boosting,417,1.1517,1.183592546188624,0.0214688,0.02402516029488695,53.645289909077356,51.91218159266056
1,3.57,37,1.0,4,Gradient boosting,429,0.51411,0.5576113391271655,0.00882626,0.008580605911773002,58.2477742554604,50.92926111033671
0,8.72,53,17.2,4,Gradient boosting,431,1.05685,0.9840112124038272,0.0266874,0.02642913841182496,39.601085156290985,37.72940901104666
19,8.72,53,2.6,4,Gradient boosting,440,1.32096,1.4937662219237826,0.38962,0.3814570601410262,3.390380370617524,6.389611222874721
1,4.07,46,17.2,4,Gradient boosting,441,0.604444,0.57002231197824,0.0150896,0.011446453857846128,40.05699289576927,44.12822350529409
0,6.33,46,1.0,4,Gradient boosting,444,0.753674,0.7412261199507959,0.0130831,0.016577110082773787,57.60668343129686,48.18607647793003
0,0.73,37,1.6,4,Gradient boosting,455,0.0839934,0.08334648839632207,0.006065,0.006995343678423342,13.848870568837592,19.14921253733166
12,8.68,48,11.9,4,Gradient boosting,456,2.15947,2.1259197120978164,0.0784157,0.07860910701976224,27.538745429805505,26.562960737486126
24,8.85,56,12.3,4,Gradient boosting,461,1.59524,1.9431095011911483,0.340131,0.2607600601091129,4.690075294518876,12.146678945519449
13,8.54,37,1.0,4,Gradient boosting,467,1.42758,1.5827354316267757,0.178919,0.2215137726519786,7.978917834327266,8.706353210060776
25,7.77,49,25.8,5,Mean baseline,1,1.80218,1.1375344163281251,0.250152,0.070987182578125,7.204339761425054,25.829855266643523
17,7.23,49,1.0,5,Mean baseline,13,1.32407,1.1375344163281251,0.343719,0.070987182578125,3.8521873972634624,25.829855266643523
2,9.5,66,23.8,5,Mean baseline,20,1.18986,1.1375344163281251,0.0436753,0.070987182578125,27.243316016146423,25.829855266643523
18,0.31,53,15.2,5,Mean baseline,21,1.11019,1.1375344163281251,0.140492,0.070987182578125,7.902158130000284,25.829855266643523
25,3.84,49,25.8,5,Mean baseline,34,1.45589,1.1375344163281251,0.227898,0.070987182578125,6.388340397897305,25.829855266643523
-1,3.23,42,21.8,5,Mean baseline,43,0.246704,1.1375344163281251,0.0129411,0.070987182578125,19.063603557657387,25.829855266643523
-2,2.03,25,15.1,5,Mean baseline,48,-0.0188396,1.1375344163281251,0.0100144,0.070987182578125,-1.881250998562071,25.829855266643523
7,2.28,61,12.5,5,Mean baseline,49,1.12776,1.1375344163281251,0.0257087,0.070987182578125,43.866862190620296,25.829855266643523
5,5.8,49,11.6,5,Mean baseline,50,1.2961,1.1375344163281251,0.0294538,0.070987182578125,44.004508756085805,25.829855266643523
3,4.25,53,4.7,5,Mean baseline,52,0.905223,1.1375344163281251,0.0167002,0.070987182578125,54.204320906336456,25.829855266643523
11,4.28,27,24.3,5,Mean baseline,53,1.44576,1.1375344163281251,0.0506677,0.070987182578125,28.534154895525155,25.829855266643523
13,2.26,35,9.1,5,Mean baseline,54,1.28623,1.1375344163281251,0.0865804,0.070987182578125,14.855902721632146,25.829855266643523
24,7.31,75,23.6,5,Mean baseline,58,1.94669,1.1375344163281251,0.248802,0.070987182578125,7.8242538243261714,25.829855266643523
7,8.72,61,17.0,5,Mean baseline,71,1.74583,1.1375344163281251,0.0577905,0.070987182578125,30.209636531955944,25.829855266643523
5,8.72,43,19.7,5,Mean baseline,80,1.47069,1.1375344163281251,0.0438094,0.070987182578125,33.57019269837067,25.829855266643523
9,7.18,56,17.4,5,Mean baseline,87,1.76656,1.1375344163281251,0.0572127,0.070987182578125,30.877060512788244,25.829855266643523
5,8.72,61,12.5,5,Mean baseline,88,1.674,1.1375344163281251,0.0471875,0.070987182578125,35.47549668874172,25.829855266643523
13,7.1,54,17.0,5,Mean baseline,91,2.0143,1.1375344163281251,0.0793491,0.070987182578125,25.385291074504938,25.829855266643523
8,6.94,55,17.4,5,Mean baseline,99,1.69081,1.1375344163281251,0.0514147,0.070987182578125,32.88573112358917,25.829855266643523
7,2.03,60,11.0,5,Mean baseline,102,1.08703,1.1375344163281251,0.0241761,0.070987182578125,44.96300064940168,25.829855266643523
-1,6.08,12,1.0,5,Mean baseline,105,0.343141,1.1375344163281251,0.0310872,0.070987182578125,11.038015646311022,25.829855266643523
-1,6.21,50,1.0,5,Mean baseline,106,0.652326,1.1375344163281251,0.014066,0.070987182578125,46.37608417460543,25.829855266643523
4,0.37,61,17.1,5,Mean baseline,121,0.520194,1.1375344163281251,0.0140283,0.070987182578125,37.08175616432497,25.829855266643523
12,4.07,72,32.5,5,Mean baseline,130,1.38015,1.1375344163281251,0.0625273,0.070987182578125,22.072758619035206,25.829855266643523
1,5.66,46,1.0,5,Mean baseline,134,0.792062,1.1375344163281251,0.0130963,0.070987182578125,60.4798301810435,25.829855266643523
3,8.72,49,16.9,5,Mean baseline,149,1.32677,1.1375344163281251,0.0357484,0.070987182578125,37.11410860346197,25.829855266643523
25,8.72,53,17.2,5,Mean baseline,151,1.84382,1.1375344163281251,0.276791,0.070987182578125,6.661416014249018,25.829855266643523
2,6.02,27,5.3,5,Mean baseline,160,0.874757,1.1375344163281251,0.0161241,0.070987182578125,54.2515241160747,25.829855266643523
1,1.67,46,1.0,5,Mean baseline,161,0.322618,1.1375344163281251,0.00709003,0.070987182578125,45.50305146804739,25.829855266643523
1,7.18,61,1.0,5,Mean baseline,166,1.11893,1.1375344163281251,0.0211533,0.070987182578125,52.89623841197354,25.829855266643523
5,6.98,58,16.2,5,Mean baseline,169,1.43804,1.1375344163281251,0.0378906,0.070987182578125,37.95242091706122,25.829855266643523
1,6.59,45,5.2,5,Mean baseline,174,0.913175,1.1375344163281251,0.0169531,0.070987182578125,53.864779892762975,25.829855266643523
7,4.94,46,1.1,5,Mean baseline,187,1.19783,1.1375344163281251,0.071414,0.070987182578125,16.7730417005069,25.829855266643523
19,1.63,63,1.0,5,Mean baseline,188,1.03001,1.1375344163281251,0.346346,0.070987182578125,2.9739335808699976,25.829855266643523
1,8.72,53,17.2,5,Mean baseline,189,1.16709,1.1375344163281251,0.0299441,0.070987182578125,38.97562458046827,25.829855266643523
12,8.46,46,12.2,5,Mean baseline,190,2.13212,1.1375344163281251,0.0769025,0.070987182578125,27.724976431195344,25.829855266643523
-11,7.18,61,12.2,5,Mean baseline,191,-0.257288,1.1375344163281251,0.0520505,0.070987182578125,-4.943045696006763,25.829855266643523
12,6.82,58,16.4,5,Mean baseline,201,1.98633,1.1375344163281251,0.07232,0.070987182578125,27.465846238938052,25.829855266643523
11,8.45,45,12.3,5,Mean baseline,205,2.08709,1.1375344163281251,0.0702122,0.070987182578125,29.72546081735083,25.829855266643523
-1,3.5,52,1.0,5,Mean baseline,207,0.32375,1.1375344163281251,0.0085267,0.070987182578125,37.96896806501929,25.829855266643523
22,1.68,52,19.7,5,Mean baseline,212,1.30955,1.1375344163281251,0.186756,0.070987182578125,7.012090642335454,25.829855266643523
12,8.32,42,12.3,5,Mean baseline,214,2.12076,1.1375344163281251,0.074703,0.070987182578125,28.389221316412996,25.829855266643523
11,7.2,58,17.4,5,Mean baseline,217,1.91668,1.1375344163281251,0.0684149,0.070987182578125,28.01553462769075,25.829855266643523
3,1.58,70,1.4,5,Mean baseline,235,0.576638,1.1375344163281251,0.020623,0.070987182578125,27.960917422295495,25.829855266643523
10,5.69,58,16.4,5,Mean baseline,236,1.76734,1.1375344163281251,0.0540612,0.070987182578125,32.691468187905556,25.829855266643523
-12,5.66,78,1.0,5,Mean baseline,241,-0.247166,1.1375344163281251,0.133142,0.070987182578125,-1.8564089468387135,25.829855266643523
1,5.66,46,7.7,5,Mean baseline,243,0.820872,1.1375344163281251,0.0158309,0.070987182578125,51.85251628144958,25.829855266643523
1,1.38,64,1.0,5,Mean baseline,251,0.309859,1.1375344163281251,0.0074663,0.070987182578125,41.501011210371935,25.829855266643523
9,8.26,46,12.0,5,Mean baseline,252,1.90781,1.1375344163281251,0.0586198,0.070987182578125,32.545488043289126,25.829855266643523
7,8.72,22,27.8,5,Mean baseline,257,1.28728,1.1375344163281251,0.0535898,0.070987182578125,24.020989068815332,25.829855266643523
2,8.72,49,3.1,5,Mean baseline,259,1.2923,1.1375344163281251,0.0264514,0.070987182578125,48.85563713073788,25.829855266643523
9,8.78,41,11.1,5,Mean baseline,263,1.96688,1.1375344163281251,0.0597739,0.070987182578125,32.905331591212885,25.829855266643523
8,7.31,61,1.0,5,Mean baseline,264,1.46429,1.1375344163281251,0.107056,0.070987182578125,13.67779479898371,25.829855266643523
-1,5.34,37,1.4,5,Mean baseline,269,0.454719,1.1375344163281251,0.0163736,0.070987182578125,27.771473591635317,25.829855266643523
1,7.18,61,1.3,5,Mean baseline,270,1.10711,1.1375344163281251,0.0208101,0.070987182578125,53.20060931951312,25.829855266643523
1,8.72,46,11.6,5,Mean baseline,273,1.17852,1.1375344163281251,0.0266252,0.070987182578125,44.26332947733726,25.829855266643523
3,0.12,62,1.0,5,Mean baseline,276,0.348145,1.1375344163281251,0.018235,0.070987182578125,19.092130518234164,25.829855266643523
19,8.72,53,17.6,5,Mean baseline,293,2.18541,1.1375344163281251,0.145798,0.070987182578125,14.98930026474986,25.829855266643523
19,8.68,53,17.1,5,Mean baseline,295,2.18659,1.1375344163281251,0.146916,0.070987182578125,14.883266628549647,25.829855266643523
5,8.75,49,11.5,5,Mean baseline,303,1.63547,1.1375344163281251,0.0428454,0.070987182578125,38.171425637291286,25.829855266643523
1,2.18,46,1.0,5,Mean baseline,306,0.378754,1.1375344163281251,0.00754621,0.070987182578125,50.191288077061195,25.829855266643523
1,9.5,76,9.2,5,Mean baseline,308,1.35551,1.1375344163281251,0.04386,0.070987182578125,30.905380756953942,25.829855266643523
18,7.31,55,14.8,5,Mean baseline,309,2.04413,1.1375344163281251,0.133081,0.070987182578125,15.36004388304867,25.829855266643523
-2,1.56,62,1.4,5,Mean baseline,313,0.00410119,1.1375344163281251,0.00891283,0.070987182578125,0.46014453321784443,25.829855266643523
2,2.45,49,1.3,5,Mean baseline,315,0.522509,1.1375344163281251,0.0106871,0.070987182578125,48.891560853739556,25.829855266643523
17,8.46,48,11.6,5,Mean baseline,319,2.09337,1.1375344163281251,0.129532,0.070987182578125,16.161025846894976,25.829855266643523
9,8.5,42,17.2,5,Mean baseline,328,1.81842,1.1375344163281251,0.0601523,0.070987182578125,30.23026550938202,25.829855266643523
13,8.54,49,11.6,5,Mean baseline,330,2.19955,1.1375344163281251,0.0846321,0.070987182578125,25.98954770116776,25.829855266643523
-1,1.32,61,1.1,5,Mean baseline,339,0.0703571,1.1375344163281251,0.00627539,0.070987182578125,11.211590036635174,25.829855266643523
14,8.72,49,1.0,5,Mean baseline,343,1.55778,1.1375344163281251,0.258952,0.070987182578125,6.015709475115079,25.829855266643523
14,8.45,49,11.6,5,Mean baseline,344,2.20011,1.1375344163281251,0.0926023,0.070987182578125,23.758697138192034,25.829855266643523
7,8.72,45,12.3,5,Mean baseline,345,1.79553,1.1375344163281251,0.0510245,0.070987182578125,35.189565796823096,25.829855266643523
23,3.54,8,2.9,5,Mean baseline,348,1.08024,1.1375344163281251,0.419936,0.070987182578125,2.5723919835403493,25.829855266643523
15,8.7,49,11.6,5,Mean baseline,350,2.21033,1.1375344163281251,0.103571,0.070987182578125,21.341205549816067,25.829855266643523
12,4.53,86,1.0,5,Mean baseline,359,1.32434,1.1375344163281251,0.25358,0.070987182578125,5.222572758103951,25.829855266643523
0,0.72,38,1.9,5,Mean baseline,363,0.0808867,1.1375344163281251,0.00613283,0.070987182578125,13.189131281969336,25.829855266643523
4,8.72,45,12.3,5,Mean baseline,366,1.4776,1.1375344163281251,0.0368147,0.070987182578125,40.13614126965587,25.829855266643523
7,8.72,45,12.2,5,Mean baseline,372,1.78788,1.1375344163281251,0.0505311,0.070987182578125,35.38177478819974,25.829855266643523
2,2.59,46,1.7,5,Mean baseline,385,0.541264,1.1375344163281251,0.0101902,0.070987182578125,53.11613118486389,25.829855266643523
5,8.68,47,10.8,5,Mean baseline,387,1.61863,1.1375344163281251,0.0416814,0.070987182578125,38.83338851382151,25.829855266643523
7,8.92,46,11.9,5,Mean baseline,389,1.81499,1.1375344163281251,0.0514246,0.070987182578125,35.2941977186016,25.829855266643523
22,8.83,69,22.6,5,Mean baseline,413,2.19802,1.1375344163281251,0.201218,0.070987182578125,10.923575425657745,25.829855266643523
20,8.71,54,17.3,5,Mean baseline,424,2.15826,1.1375344163281251,0.166241,0.070987182578125,12.982717861418061,25.829855266643523
3,0.67,36,1.9,5,Mean baseline,435,0.411105,1.1375344163281251,0.0139375,0.070987182578125,29.496322869955158,25.829855266643523
0,2.02,49,1.0,5,Mean baseline,438,0.253394,1.1375344163281251,0.00658393,0.070987182578125,38.48673968283381,25.829855266643523
14,0.0,46,11.6,5,Mean baseline,439,0.926928,1.1375344163281251,0.0959967,0.070987182578125,9.655831919222223,25.829855266643523
10,9.5,24,6.2,5,Mean baseline,443,2.07014,1.1375344163281251,0.0631734,0.070987182578125,32.76917183498117,25.829855266643523
0,0.0,46,39.4,5,Mean baseline,453,0.000340576,1.1375344163281251,0.0222246,0.070987182578125,0.015324280302007684,25.829855266643523
15,8.47,49,11.6,5,Mean baseline,458,2.1793,1.1375344163281251,0.10294,0.070987182578125,21.170584806683504,25.829855266643523
14,8.25,55,15.9,5,Mean baseline,460,2.14211,1.1375344163281251,0.094717,0.070987182578125,22.61589788527931,25.829855266643523
0,0.52,37,1.0,5,Mean baseline,462,0.0476311,1.1375344163281251,0.00581769,0.070987182578125,8.187287394137536,25.829855266643523
8,8.5,55,9.8,5,Mean baseline,466,1.93021,1.1375344163281251,0.057028,0.070987182578125,33.84670688083047,25.829855266643523
0,0.62,35,1.2,5,Mean baseline,468,0.0770119,1.1375344163281251,0.00588426,0.070987182578125,13.087779941742888,25.829855266643523
9,8.37,40,11.1,5,Mean baseline,472,1.91387,1.1375344163281251,0.0569688,0.070987182578125,33.59505553917232,25.829855266643523
18,9.01,69,18.4,5,Mean baseline,476,2.36007,1.1375344163281251,0.141776,0.070987182578125,16.646470488658164,25.829855266643523
3,4.91,49,7.3,5,Mean baseline,479,0.974157,1.1375344163281251,0.019166,0.070987182578125,50.82735051653971,25.829855266643523
25,7.77,49,25.8,5,Linear regression,1,1.80218,2.44490008812399,0.250152,0.1930959738458624,7.204339761425054,15.361215154345695
17,7.23,49,1.0,5,Linear regression,13,1.32407,1.9583184595041352,0.343719,0.1688453237874824,3.8521873972634624,27.92409182665276
2,9.5,66,23.8,5,Linear regression,20,1.18986,1.3626976211994968,0.0436753,0.029558016485745166,27.243316016146423,28.061129375745566
18,0.31,53,15.2,5,Linear regression,21,1.11019,1.1454026842685363,0.140492,0.13579344187127182,7.902158130000284,13.299388203693777
25,3.84,49,25.8,5,Linear regression,34,1.45589,1.9591774968267412,0.227898,0.18211162197598837,6.388340397897305,10.481256752867353
-1,3.23,42,21.8,5,Linear regression,43,0.246704,0.3376886935083421,0.0129411,-0.006200558080156696,19.063603557657387,21.816333608577217
-2,2.03,25,15.1,5,Linear regression,48,-0.0188396,0.0894857737890895,0.0100144,-0.006332625003220502,-1.881250998562071,23.080321806819747
7,2.28,61,12.5,5,Linear regression,49,1.12776,0.7722448214352297,0.0257087,0.06335116601196601,43.866862190620296,21.48982998605294
5,5.8,49,11.6,5,Linear regression,50,1.2961,1.052590026644678,0.0294538,0.06021702464142176,44.004508756085805,26.795290818889722
3,4.25,53,4.7,5,Linear regression,52,0.905223,0.7704267273623331,0.0167002,0.05105484978270411,54.204320906336456,28.541700155782316
11,4.28,27,24.3,5,Linear regression,53,1.44576,1.1208304374918006,0.0506677,0.08270405504475287,28.534154895525155,16.904824316971485
13,2.26,35,9.1,5,Linear regression,54,1.28623,1.0463836872756047,0.0865804,0.11396035323975276,14.855902721632146,19.84847883519366
24,7.31,75,23.6,5,Linear regression,58,1.94669,2.4176385060464423,0.248802,0.18648739699070133,7.8242538243261714,16.612410879342722
7,8.72,61,17.0,5,Linear regression,71,1.74583,1.5588456368132773,0.0577905,0.07471211119040033,30.209636531955944,27.6786674972962
5,8.72,43,19.7,5,Linear regression,80,1.47069,1.3772976169257796,0.0438094,0.05669442868281244,33.57019269837067,27.044748546986142
9,7.18,56,17.4,5,Linear regression,87,1.76656,1.469369803556464,0.0572127,0.08487152044372923,30.877060512788244,24.686288783502068
5,8.72,61,12.5,5,Linear regression,88,1.674,1.4503563276075095,0.0471875,0.0665187607610011,35.47549668874172,30.30405805706815
13,7.1,54,17.0,5,Linear regression,91,2.0143,1.6895174800699309,0.0793491,0.11499110668555118,25.385291074504938,23.071789190040647
8,6.94,55,17.4,5,Linear regression,99,1.69081,1.3775634692049143,0.0514147,0.0768289406463801,32.88573112358917,24.776676574726974
7,2.03,60,11.0,5,Linear regression,102,1.08703,0.7412318296473333,0.0241761,0.06490969299596266,44.96300064940168,21.761636404414087
-1,6.08,12,1.0,5,Linear regression,105,0.343141,0.6362552547439576,0.0310872,0.03378120395675898,11.038015646311022,33.100177612030144
-1,6.21,50,1.0,5,Linear regression,106,0.652326,0.775003796996105,0.014066,0.03246022399203042,46.37608417460543,34.03589295223325
4,0.37,61,17.1,5,Linear regression,121,0.520194,0.34988574650780724,0.0140283,0.028978014569649116,37.08175616432497,18.496463733508257
12,4.07,72,32.5,5,Linear regression,130,1.38015,1.2820494323248608,0.0625273,0.07544113338563962,22.072758619035206,13.857929692295677
1,5.66,46,1.0,5,Linear regression,134,0.792062,0.8119443803338094,0.0130963,0.04593247994296231,60.4798301810435,32.45388948708156
3,8.72,49,16.9,5,Linear regression,149,1.32677,1.2846500231309659,0.0357484,0.04572711842807427,37.11410860346197,29.109434936442117
25,8.72,53,17.2,5,Linear regression,151,1.84382,2.5930805119523663,0.276791,0.20826152147075275,6.661416014249018,20.077331260949254
2,6.02,27,5.3,5,Linear regression,160,0.874757,0.8450864219753323,0.0161241,0.048853151749871454,54.2515241160747,30.377497070644587
1,1.67,46,1.0,5,Linear regression,161,0.322618,0.3188061769556866,0.00709003,0.0347804280445406,45.50305146804739,27.499427903901257
1,7.18,61,1.0,5,Linear regression,166,1.11893,1.0482334146585954,0.0211533,0.049516013550414566,52.89623841197354,34.646944915576796
5,6.98,58,16.2,5,Linear regression,169,1.43804,1.217937376610153,0.0378906,0.05632981687248377,37.95242091706122,26.595893466715964
1,6.59,45,5.2,5,Linear regression,174,0.913175,0.9149391320422445,0.0169531,0.042379887499862705,53.864779892762975,31.90099786754297
7,4.94,46,1.1,5,Linear regression,187,1.19783,1.0762420169330498,0.071414,0.08826917437040502,16.7730417005069,29.06701743887075
19,1.63,63,1.0,5,Linear regression,188,1.03001,1.4292239266327815,0.346346,0.16740498679674276,2.9739335808699976,20.438173692040877
1,8.72,53,17.2,5,Linear regression,189,1.16709,1.1791102258539765,0.0299441,0.030275021689742852,38.97562458046827,29.88797008100804
12,8.46,46,12.2,5,Linear regression,190,2.13212,1.782825916957715,0.0769025,0.11881224738155732,27.724976431195344,26.93465561011472
-11,7.18,61,12.2,5,Linear regression,191,-0.257288,0.31799819666408957,0.0520505,-0.056000615966684014,-4.943045696006763,35.05275809507485
12,6.82,58,16.4,5,Linear regression,201,1.98633,1.6101552312634484,0.07232,0.10750028554867624,27.465846238938052,23.45543366744839
11,8.45,45,12.3,5,Linear regression,205,2.08709,1.71923850562798,0.0702122,0.1112649875184036,29.72546081735083,27.27046476842453
-1,3.5,52,1.0,5,Linear regression,207,0.32375,0.44652223289120285,0.0085267,0.02479712375385873,37.96896806501929,30.711584777634158
22,1.68,52,19.7,5,Linear regression,212,1.30955,1.5378175357218393,0.186756,0.16269247574197798,7.012090642335454,11.537224291641953
12,8.32,42,12.3,5,Linear regression,214,2.12076,1.7524014023849905,0.074703,0.11845071503724353,28.389221316412996,26.639136292158717
11,7.2,58,17.4,5,Linear regression,217,1.91668,1.596129446306196,0.0684149,0.09967097981956181,28.01553462769075,23.934322141337237
3,1.58,70,1.4,5,Linear regression,235,0.576638,0.5021662347646629,0.020623,0.04770717823064381,27.960917422295495,26.898449632525974
10,5.69,58,16.4,5,Linear regression,236,1.76734,1.3526636798987883,0.0540612,0.08950972669594384,32.691468187905556,22.869843647066386
-12,5.66,78,1.0,5,Linear regression,241,-0.247166,0.14935444679704424,0.133142,-0.051895257285364246,-1.8564089468387135,38.42002069764402
1,5.66,46,7.7,5,Linear regression,243,0.820872,0.7980358533575965,0.0158309,0.03604795820205363,51.85251628144958,29.762220581317276
1,1.38,64,1.0,5,Linear regression,251,0.309859,0.3410762858293016,0.0074663,0.03317203736765286,41.501011210371935,27.506098982796505
9,8.26,46,12.0,5,Linear regression,252,1.90781,1.5817761041689071,0.0586198,0.096299995164247,32.545488043289126,27.992989849160736
7,8.72,22,27.8,5,Linear regression,257,1.28728,1.4105160815032338,0.0535898,0.06050750676572213,24.020989068815332,22.545190038536703
2,8.72,49,3.1,5,Linear regression,259,1.2923,1.254382008315434,0.0264514,0.058670178453299325,48.85563713073788,35.062246016563535
9,8.78,41,11.1,5,Linear regression,263,1.96688,1.6317707645938646,0.0597739,0.099302789360716,32.905331591212885,28.898371058182597
8,7.31,61,1.0,5,Linear regression,264,1.46429,1.4767085742791861,0.107056,0.10179209271506245,13.67779479898371,31.946932153413897
-1,5.34,37,1.4,5,Linear regression,269,0.454719,0.624677115275887,0.0163736,0.030014671044127618,27.771473591635317,32.53001087335824
1,7.18,61,1.3,5,Linear regression,270,1.10711,1.0476106447939888,0.0208101,0.04907342302470224,53.20060931951312,34.52642242725899
1,8.72,46,11.6,5,Linear regression,273,1.17852,1.168136061242287,0.0266252,0.0388469828237258,44.26332947733726,31.99509049998576
3,0.12,62,1.0,5,Linear regression,276,0.348145,0.2967223744245713,0.018235,0.044571194032002895,19.092130518234164,25.083226733111047
19,8.72,53,17.6,5,Linear regression,293,2.18541,2.2387575806082936,0.145798,0.1631747758245505,14.98930026474986,22.369294314873542
19,8.68,53,17.1,5,Linear regression,295,2.18659,2.234851788995388,0.146916,0.16380062668170592,14.883266628549647,22.520496340935242
5,8.75,49,11.5,5,Linear regression,303,1.63547,1.4173985439091865,0.0428454,0.0686098062202542,38.171425637291286,30.498538082008665
1,2.18,46,1.0,5,Linear regression,306,0.378754,0.3818388796431158,0.00754621,0.03620587828719601,50.191288077061195,28.132704948367913
1,9.5,76,9.2,5,Linear regression,308,1.35551,1.366374900429123,0.04386,0.04323807316903243,30.905380756953942,34.53909475274486
18,7.31,55,14.8,5,Linear regression,309,2.04413,2.0178447017378898,0.133081,0.15585991695401852,15.36004388304867,22.192874918952192
-2,1.56,62,1.4,5,Linear regression,313,0.00410119,0.17928956160890808,0.00891283,0.010925353228487408,0.46014453321784443,28.754489530379914
2,2.45,49,1.3,5,Linear regression,315,0.522509,0.4831871650517374,0.0106871,0.04380106862433918,48.891560853739556,27.999798458615597
17,8.46,48,11.6,5,Linear regression,319,2.09337,2.085105514505334,0.129532,0.15668930027192493,16.161025846894976,25.172569698177494
9,8.5,42,17.2,5,Linear regression,328,1.81842,1.5877300450767402,0.0601523,0.08947652406362568,30.23026550938202,26.120441713914484
13,8.54,49,11.6,5,Linear regression,330,2.19955,1.8625597403707217,0.0846321,0.12720415920543646,25.98954770116776,26.927389843259608
-1,1.32,61,1.1,5,Linear regression,339,0.0703571,0.20593685429683073,0.00627539,0.018157572271934763,11.211590036635174,28.147846574917725
14,8.72,49,1.0,5,Linear regression,343,1.55778,1.965726540416875,0.258952,0.1507615620237906,6.015709475115079,31.000584024758766
14,8.45,49,11.6,5,Linear regression,344,2.20011,1.9103517508368437,0.0926023,0.13436871332015698,23.758697138192034,26.40685845320422
7,8.72,45,12.3,5,Linear regression,345,1.79553,1.5169470456421816,0.0510245,0.0823552210166999,35.189565796823096,29.24083555609315
23,3.54,8,2.9,5,Linear regression,348,1.08024,1.7194399238470226,0.419936,0.20204262709727333,2.5723919835403493,19.29075727603016
15,8.7,49,11.6,5,Linear regression,350,2.21033,2.0001655630945847,0.103571,0.14248356759664782,21.341205549816067,26.308511759459932
12,4.53,86,1.0,5,Linear regression,359,1.32434,1.4494916982306056,0.25358,0.12257829616292756,5.222572758103951,27.369247417955982
0,0.72,38,1.9,5,Linear regression,363,0.0808867,0.11478092130229633,0.00613283,0.02373589765292624,13.189131281969336,26.20399455041162
4,8.72,45,12.3,5,Linear regression,366,1.4776,1.340200759879883,0.0368147,0.06010690854407366,40.13614126965587,30.467165408600497
7,8.72,45,12.2,5,Linear regression,372,1.78788,1.5171546355970507,0.0505311,0.08250275119193735,35.38177478819974,29.28100971886575
2,2.59,46,1.7,5,Linear regression,385,0.541264,0.48997452776577255,0.0101902,0.0437352214131519,53.11613118486389,27.951814266420644
5,8.68,47,10.8,5,Linear regression,387,1.61863,1.4037432112843407,0.0416814,0.06953551636237812,38.83338851382151,30.65208464382517
7,8.92,46,11.9,5,Linear regression,389,1.81499,1.5457245698385245,0.0514246,0.08346001733842492,35.2941977186016,29.67025224565979
22,8.83,69,22.6,5,Linear regression,413,2.19802,2.4703749764920166,0.201218,0.1776448379975023,10.923575425657745,19.59686308170503
20,8.71,54,17.3,5,Linear regression,424,2.15826,2.300288301154141,0.166241,0.17096119602866322,12.982717861418061,22.08899908820828
3,0.67,36,1.9,5,Linear regression,435,0.411105,0.2788906154492917,0.0139375,0.045933109050530205,29.496322869955158,24.874826514213225
0,2.02,49,1.0,5,Linear regression,438,0.253394,0.31283385782854767,0.00658393,0.028209600630375538,38.48673968283381,28.403934713074257
14,0.0,46,11.6,5,Linear regression,439,0.926928,0.856301010458556,0.0959967,0.11088393272284118,9.655831919222223,15.853198731769147
10,9.5,24,6.2,5,Linear regression,443,2.07014,1.7349616694498076,0.0631734,0.11671378851198862,32.76917183498117,31.005772905976105
0,0.0,46,39.4,5,Linear regression,453,0.000340576,-0.0262249972190447,0.0222246,-0.0339549141987571,0.015324280302007684,10.407654126020297
15,8.47,49,11.6,5,Linear regression,458,2.1793,1.9717390501179013,0.10294,0.141840717487215,21.170584806683504,26.022916229602423
14,8.25,55,15.9,5,Linear regression,460,2.14211,1.8960774204849606,0.094717,0.12719996884348556,22.61589788527931,24.553282111794076
0,0.52,37,1.0,5,Linear regression,462,0.0476311,0.08870206651924839,0.00581769,0.024548993609287972,8.187287394137536,26.29684197688879
8,8.5,55,9.8,5,Linear regression,466,1.93021,1.5861462198776715,0.057028,0.09240143470666584,33.84670688083047,29.76699566969561
0,0.62,35,1.2,5,Linear regression,468,0.0770119,0.09418932519639256,0.00588426,0.02462208225516005,13.087779941742888,26.29991342190744
9,8.37,40,11.1,5,Linear regression,472,1.91387,1.5778689579339382,0.0569688,0.09820116364002382,33.59505553917232,28.3688898837495
18,9.01,69,18.4,5,Linear regression,476,2.36007,2.2656788764893987,0.141776,0.15467978881294964,16.646470488658164,23.14279393326996
3,4.91,49,7.3,5,Linear regression,479,0.974157,0.8336872916628746,0.019166,0.04924106343809017,50.82735051653971,28.23520252453741
25,7.77,49,25.8,5,Polynomial ridge d2,1,1.80218,1.8824419896633238,0.250152,0.24671348921612368,7.204339761425054,-9.013469598031019
17,7.23,49,1.0,5,Polynomial ridge d2,13,1.32407,1.6000401389689054,0.343719,0.25991903280926587,3.8521873972634624,17.89248022943112
2,9.5,66,23.8,5,Polynomial ridge d2,20,1.18986,1.5036912306226746,0.0436753,0.012958980542430942,27.243316016146423,25.570944139669756
18,0.31,53,15.2,5,Polynomial ridge d2,21,1.11019,1.2433811535938504,0.140492,0.15522545032183444,7.902158130000284,15.81409853189472
25,3.84,49,25.8,5,Polynomial ridge d2,34,1.45589,1.4781586061458285,0.227898,0.2445708412196977,6.388340397897305,2.47148697214503
-1,3.23,42,21.8,5,Polynomial ridge d2,43,0.246704,0.424230020664365,0.0129411,-0.0027291745888972235,19.063603557657387,26.511830952185786
-2,2.03,25,15.1,5,Polynomial ridge d2,48,-0.0188396,0.22573668199671504,0.0100144,-0.007938968151352116,-1.881250998562071,21.48209820497526
7,2.28,61,12.5,5,Polynomial ridge d2,49,1.12776,1.0378896438790097,0.0257087,0.028080212828558465,43.866862190620296,32.46538150870363
5,5.8,49,11.6,5,Polynomial ridge d2,50,1.2961,1.2760087845783659,0.0294538,0.023469865719284326,44.004508756085805,40.61827719998263
3,4.25,53,4.7,5,Polynomial ridge d2,52,0.905223,0.852331159238167,0.0167002,0.03027312420883809,54.204320906336456,38.44240204838977
11,4.28,27,24.3,5,Polynomial ridge d2,53,1.44576,1.2624547208313484,0.0506677,0.04084750749638569,28.534154895525155,33.264047861315746
13,2.26,35,9.1,5,Polynomial ridge d2,54,1.28623,1.1555913586474897,0.0865804,0.11335930477481795,14.855902721632146,27.948221743891455
24,7.31,75,23.6,5,Polynomial ridge d2,58,1.94669,2.076089234757564,0.248802,0.2416793539398609,7.8242538243261714,-7.3386569106465736
7,8.72,61,17.0,5,Polynomial ridge d2,71,1.74583,1.8148247574361935,0.0577905,0.03416945897232335,30.209636531955944,33.53074450597255
5,8.72,43,19.7,5,Polynomial ridge d2,80,1.47069,1.6265685098860363,0.0438094,0.008357146916113084,33.57019269837067,34.46982739792919
9,7.18,56,17.4,5,Polynomial ridge d2,87,1.76656,1.711660382358315,0.0572127,0.04221768161852404,30.877060512788244,35.73675692456253
5,8.72,61,12.5,5,Polynomial ridge d2,88,1.674,1.6810981771290703,0.0471875,0.034749308738547216,35.47549668874172,36.716838071368315
13,7.1,54,17.0,5,Polynomial ridge d2,91,2.0143,1.853669223294185,0.0793491,0.08533635333847739,25.385291074504938,30.711168592861394
8,6.94,55,17.4,5,Polynomial ridge d2,99,1.69081,1.6276230034965138,0.0514147,0.03310198291801562,32.88573112358917,36.98789364137209
7,2.03,60,11.0,5,Polynomial ridge d2,102,1.08703,0.9959601423292881,0.0241761,0.031716806782402476,44.96300064940168,31.75084484293336
-1,6.08,12,1.0,5,Polynomial ridge d2,105,0.343141,0.5406170110807218,0.0310872,0.0224905910950979,11.038015646311022,32.86673356068817
-1,6.21,50,1.0,5,Polynomial ridge d2,106,0.652326,0.6585543577306143,0.014066,0.03078376527568257,46.37608417460543,40.083506741840324
4,0.37,61,17.1,5,Polynomial ridge d2,121,0.520194,0.6045561199418154,0.0140283,-0.0014081332244963995,37.08175616432497,21.94789732349775
12,4.07,72,32.5,5,Polynomial ridge d2,130,1.38015,1.2209172040013616,0.0625273,0.04694522636994641,22.072758619035206,24.153082203093586
1,5.66,46,1.0,5,Polynomial ridge d2,134,0.792062,0.7455593055962991,0.0130963,0.03712505656570452,60.4798301810435,40.51130971376318
3,8.72,49,16.9,5,Polynomial ridge d2,149,1.32677,1.5248017742659024,0.0357484,0.007664835100486725,37.11410860346197,35.983670234955994
25,8.72,53,17.2,5,Polynomial ridge d2,151,1.84382,2.0667593838989182,0.276791,0.3061562865106959,6.661416014249018,-14.129486260403961
2,6.02,27,5.3,5,Polynomial ridge d2,160,0.874757,0.9263415862497787,0.0161241,0.02254715321865077,54.2515241160747,39.0921221126375
1,1.67,46,1.0,5,Polynomial ridge d2,161,0.322618,0.28223994957568854,0.00709003,0.022065611132471123,45.50305146804739,26.69013985152962
1,7.18,61,1.0,5,Polynomial ridge d2,166,1.11893,0.9683933689532362,0.0211533,0.050411948174751656,52.89623841197354,41.36113887584787
5,6.98,58,16.2,5,Polynomial ridge d2,169,1.43804,1.4639283729246553,0.0378906,0.017710769930943844,37.95242091706122,38.13307425823288
1,6.59,45,5.2,5,Polynomial ridge d2,174,0.913175,0.9743410104733884,0.0169531,0.023104743461808644,53.864779892762975,41.3151467043258
7,4.94,46,1.1,5,Polynomial ridge d2,187,1.19783,1.0515677944235475,0.071414,0.0861954769403297,16.7730417005069,38.52643036466118
19,1.63,63,1.0,5,Polynomial ridge d2,188,1.03001,1.162288827151577,0.346346,0.27539669139456296,2.9739335808699976,8.294120078473632
1,8.72,53,17.2,5,Polynomial ridge d2,189,1.16709,1.37881640600606,0.0299441,0.004703549309263533,38.97562458046827,34.682758573169735
12,8.46,46,12.2,5,Polynomial ridge d2,190,2.13212,1.9144276405062317,0.0769025,0.09660999664978313,27.724976431195344,30.23827265225683
-11,7.18,61,12.2,5,Polynomial ridge d2,191,-0.257288,-0.13720875672975397,0.0520505,0.04867359391945737,-4.943045696006763,13.960795961317865
12,6.82,58,16.4,5,Polynomial ridge d2,201,1.98633,1.8064335827804658,0.07232,0.07605478994013869,27.465846238938052,32.591049223606966
11,8.45,45,12.3,5,Polynomial ridge d2,205,2.08709,1.8775656189644736,0.0702122,0.08308287200454849,29.72546081735083,32.08788780958998
-1,3.5,52,1.0,5,Polynomial ridge d2,207,0.32375,0.3337512594380173,0.0085267,0.01982401495103525,37.96896806501929,32.79629057859963
22,1.68,52,19.7,5,Polynomial ridge d2,212,1.30955,1.3892768893747636,0.186756,0.21047540001998705,7.012090642335454,10.732719437059313
12,8.32,42,12.3,5,Polynomial ridge d2,214,2.12076,1.8775391951630738,0.074703,0.09460999561723071,28.389221316412996,30.490518780063912
11,7.2,58,17.4,5,Polynomial ridge d2,217,1.91668,1.8118038107371728,0.0684149,0.062154118164794075,28.01553462769075,33.15278937403214
3,1.58,70,1.4,5,Polynomial ridge d2,235,0.576638,0.501583693832979,0.020623,0.03524431167098799,27.960917422295495,25.541665112516345
10,5.69,58,16.4,5,Polynomial ridge d2,236,1.76734,1.591374574795367,0.0540612,0.05157959181759633,32.691468187905556,36.21931678075534
-12,5.66,78,1.0,5,Polynomial ridge d2,241,-0.247166,-0.6808636698034427,0.133142,0.05939635466762544,-1.8564089468387135,10.494433878722779
1,5.66,46,7.7,5,Polynomial ridge d2,243,0.820872,0.9123172393752593,0.0158309,0.012330656631354443,51.85251628144958,40.01381148680789
1,1.38,64,1.0,5,Polynomial ridge d2,251,0.309859,0.28810969799043507,0.0074663,0.022092939684218063,41.501011210371935,23.83913558125934
9,8.26,46,12.0,5,Polynomial ridge d2,252,1.90781,1.7796343276410551,0.0586198,0.06171652095895742,32.545488043289126,35.6478799135412
7,8.72,22,27.8,5,Polynomial ridge d2,257,1.28728,1.530569140123872,0.0535898,0.004645450398931675,24.020989068815332,26.65075070373755
2,8.72,49,3.1,5,Polynomial ridge d2,259,1.2923,1.270856515179257,0.0264514,0.04759961819316354,48.85563713073788,41.12080345711037
9,8.78,41,11.1,5,Polynomial ridge d2,263,1.96688,1.80861561005313,0.0597739,0.06564711078307145,32.905331591212885,34.301016272318044
8,7.31,61,1.0,5,Polynomial ridge d2,264,1.46429,1.4331589462281562,0.107056,0.1143045360503499,13.67779479898371,37.90889980537259
-1,5.34,37,1.4,5,Polynomial ridge d2,269,0.454719,0.5357799398689589,0.0163736,0.021982036077074975,27.771473591635317,37.79927642751145
1,7.18,61,1.3,5,Polynomial ridge d2,270,1.10711,0.9780378625083084,0.0208101,0.048984465713846556,53.20060931951312,41.32990960673064
1,8.72,46,11.6,5,Polynomial ridge d2,273,1.17852,1.3522237548370009,0.0266252,0.010597397793693092,44.26332947733726,38.284188774603905
3,0.12,62,1.0,5,Polynomial ridge d2,276,0.348145,0.3123590753516433,0.018235,0.029193717337255343,19.092130518234164,18.47448676757929
19,8.72,53,17.6,5,Polynomial ridge d2,293,2.18541,2.133228065009871,0.145798,0.17786073684805645,14.98930026474986,10.03644184583083
19,8.68,53,17.1,5,Polynomial ridge d2,295,2.18659,2.1278216076981997,0.146916,0.1807953210323457,14.883266628549647,10.24338432196287
5,8.75,49,11.5,5,Polynomial ridge d2,303,1.63547,1.639472294816219,0.0428454,0.03203543066095846,38.171425637291286,38.13508286985887
1,2.18,46,1.0,5,Polynomial ridge d2,306,0.378754,0.3395952560689969,0.00754621,0.023858975167961795,50.191288077061195,29.25910873278811
1,9.5,76,9.2,5,Polynomial ridge d2,308,1.35551,1.4819468359794403,0.04386,0.0406500931482179,30.905380756953942,33.403291209932554
18,7.31,55,14.8,5,Polynomial ridge d2,309,2.04413,1.9730391670498912,0.133081,0.17358318452721053,15.36004388304867,18.152894653799187
-2,1.56,62,1.4,5,Polynomial ridge d2,313,0.00410119,0.036683980850322984,0.00891283,0.00885524554803848,0.46014453321784443,20.987910838773253
2,2.45,49,1.3,5,Polynomial ridge d2,315,0.522509,0.4664889402842731,0.0106871,0.03006590266271842,48.891560853739556,31.414976452222778
17,8.46,48,11.6,5,Polynomial ridge d2,319,2.09337,2.0120496008701503,0.129532,0.17860741929018126,16.161025846894976,17.628130529902645
9,8.5,42,17.2,5,Polynomial ridge d2,328,1.81842,1.8172867202419174,0.0601523,0.04075922798702627,30.23026550938202,33.56584308099366
13,8.54,49,11.6,5,Polynomial ridge d2,330,2.19955,1.9602569544472002,0.0846321,0.11478831820020825,25.98954770116776,27.961450828563677
-1,1.32,61,1.1,5,Polynomial ridge d2,339,0.0703571,0.09688886742267644,0.00627539,0.011738178869001456,11.211590036635174,21.342468963367693
14,8.72,49,1.0,5,Polynomial ridge d2,343,1.55778,1.7271626592869285,0.258952,0.2086861338363521,6.015709475115079,23.504604651125078
14,8.45,49,11.6,5,Polynomial ridge d2,344,2.20011,1.9733263926127214,0.0926023,0.12918002108399695,23.758697138192034,25.925281463457033
7,8.72,45,12.3,5,Polynomial ridge d2,345,1.79553,1.7410423803944284,0.0510245,0.04244865103115353,35.189565796823096,36.62935683936522
23,3.54,8,2.9,5,Polynomial ridge d2,348,1.08024,0.8943543388736092,0.419936,0.3823258241012179,2.5723919835403493,-10.354920697238857
15,8.7,49,11.6,5,Polynomial ridge d2,350,2.21033,2.021139817291756,0.103571,0.14558705512644393,21.341205549816067,22.54887873377412
12,4.53,86,1.0,5,Polynomial ridge d2,359,1.32434,1.409722029400809,0.25358,0.16274906602454184,5.222572758103951,25.26017485643399
0,0.72,38,1.9,5,Polynomial ridge d2,363,0.0808867,0.10035223866436849,0.00613283,0.011243819778261922,13.189131281969336,19.787319964669454
4,8.72,45,12.3,5,Polynomial ridge d2,366,1.4776,1.5682476453593632,0.0368147,0.021247425811429188,40.13614126965587,38.28939115114953
7,8.72,45,12.2,5,Polynomial ridge d2,372,1.78788,1.7400571333573047,0.0505311,0.04284441692118304,35.38177478819974,36.65726363614301
2,2.59,46,1.7,5,Polynomial ridge d2,385,0.541264,0.4863666984041687,0.0101902,0.028760913458915786,53.11613118486389,32.07744149771004
5,8.68,47,10.8,5,Polynomial ridge d2,387,1.61863,1.6159045321394072,0.0416814,0.0334813265755451,38.83338851382151,38.54223664624465
7,8.92,46,11.9,5,Polynomial ridge d2,389,1.81499,1.765792288669235,0.0514246,0.045001587318746074,35.2941977186016,36.24167379339673
22,8.83,69,22.6,5,Polynomial ridge d2,413,2.19802,2.227921523199792,0.201218,0.210032993354419,10.923575425657745,-4.494424540141438
20,8.71,54,17.3,5,Polynomial ridge d2,424,2.15826,2.1387805031180434,0.166241,0.198516501569849,12.982717861418061,6.56101430608398
3,0.67,36,1.9,5,Polynomial ridge d2,435,0.411105,0.3247955770549883,0.0139375,0.030147558355786558,29.496322869955158,22.39727304893506
0,2.02,49,1.0,5,Polynomial ridge d2,438,0.253394,0.24436463116682094,0.00658393,0.018014717960837867,38.48673968283381,27.42176924436443
14,0.0,46,11.6,5,Polynomial ridge d2,439,0.926928,1.0564158893919549,0.0959967,0.10883969965583559,9.655831919222223,20.15029744921459
10,9.5,24,6.2,5,Polynomial ridge d2,443,2.07014,1.739997948134552,0.0631734,0.1026489374349416,32.76917183498117,27.84125186702332
0,0.0,46,39.4,5,Polynomial ridge d2,453,0.000340576,-0.5663330506987447,0.0222246,0.06902491365746756,0.015324280302007684,1.313967770092784
15,8.47,49,11.6,5,Polynomial ridge d2,458,2.1793,1.994785632100315,0.10294,0.14485274257467895,21.170584806683504,23.328212802859223
14,8.25,55,15.9,5,Polynomial ridge d2,460,2.14211,2.0194069688883,0.094717,0.1068249413763761,22.61589788527931,25.821105480348017
0,0.52,37,1.0,5,Polynomial ridge d2,462,0.0476311,0.049048808804808885,0.00581769,0.013812749874923015,8.187287394137536,18.17639879351989
8,8.5,55,9.8,5,Polynomial ridge d2,466,1.93021,1.7722529839572911,0.057028,0.06613237988879983,33.84670688083047,36.41544181598577
0,0.62,35,1.2,5,Polynomial ridge d2,468,0.0770119,0.06126033529249342,0.00588426,0.013726695641547007,13.087779941742888,18.629102702017423
9,8.37,40,11.1,5,Polynomial ridge d2,472,1.91387,1.7542973137317905,0.0569688,0.06430223489186679,33.59505553917232,35.28253364445358
18,9.01,69,18.4,5,Polynomial ridge d2,476,2.36007,2.260498882203569,0.141776,0.1625496024395165,16.646470488658164,9.445584020141528
3,4.91,49,7.3,5,Polynomial ridge d2,479,0.974157,0.973956360879443,0.019166,0.022144213683038774,50.82735051653971,39.93216875944146
25,7.77,49,25.8,5,Random forest,1,1.80218,1.53940304221693,0.250152,0.23657636048280428,7.204339761425054,6.707750696755494
17,7.23,49,1.0,5,Random forest,13,1.32407,1.3133099149930243,0.343719,0.31919615008006236,3.8521873972634624,4.720032109643787
2,9.5,66,23.8,5,Random forest,20,1.18986,0.9893806951944448,0.0436753,0.03581666217142854,27.243316016146423,27.945731368737725
18,0.31,53,15.2,5,Random forest,21,1.11019,1.3482715569920611,0.140492,0.14113885698571424,7.902158130000284,9.741636885876012
25,3.84,49,25.8,5,Random forest,34,1.45589,1.3918847903809513,0.227898,0.2280564253267197,6.388340397897305,6.202078153441165
-1,3.23,42,21.8,5,Random forest,43,0.246704,0.327991350043651,0.0129411,0.016731092109761918,19.063603557657387,18.322392773056112
-2,2.03,25,15.1,5,Random forest,48,-0.0188396,-0.0667011443694444,0.0100144,0.018899696315555554,-1.881250998562071,-0.04967244789955092
7,2.28,61,12.5,5,Random forest,49,1.12776,1.0307883806111107,0.0257087,0.023899631679166672,43.866862190620296,43.91741732134722
5,5.8,49,11.6,5,Random forest,50,1.2961,1.119492546353175,0.0294538,0.025799007870634928,44.004508756085805,43.9856210738176
3,4.25,53,4.7,5,Random forest,52,0.905223,0.930959845246032,0.0167002,0.018394077856031744,54.204320906336456,51.48666494456525
11,4.28,27,24.3,5,Random forest,53,1.44576,1.4355268551436522,0.0506677,0.05756702594510581,28.534154895525155,25.45701003152083
13,2.26,35,9.1,5,Random forest,54,1.28623,1.685070143805557,0.0865804,0.09423213814960321,14.855902721632146,21.13224675713011
24,7.31,75,23.6,5,Random forest,58,1.94669,1.6522186522407407,0.248802,0.23086208411772474,7.8242538243261714,7.341943239014883
7,8.72,61,17.0,5,Random forest,71,1.74583,1.6080200105555564,0.0577905,0.05019869156388889,30.209636531955944,32.41567297937735
5,8.72,43,19.7,5,Random forest,80,1.47069,1.328206370838624,0.0438094,0.03907116836243386,33.57019269837067,34.01027320427304
9,7.18,56,17.4,5,Random forest,87,1.76656,1.7615434599603184,0.0572127,0.05735111190753971,30.877060512788244,31.196494667896943
5,8.72,61,12.5,5,Random forest,88,1.674,1.5484290588492071,0.0471875,0.046260226532936495,35.47549668874172,34.1604835245579
13,7.1,54,17.0,5,Random forest,91,2.0143,1.966197405489418,0.0793491,0.08526970469259262,25.385291074504938,23.287239648176524
8,6.94,55,17.4,5,Random forest,99,1.69081,1.6167630244708995,0.0514147,0.04905067519576721,32.88573112358917,33.729420256009305
7,2.03,60,11.0,5,Random forest,102,1.08703,0.9527301046666665,0.0241761,0.02234560398484127,44.96300064940168,43.85186766960577
-1,6.08,12,1.0,5,Random forest,105,0.343141,0.5810331675769843,0.0310872,0.018133887148253963,11.038015646311022,36.349493732959665
-1,6.21,50,1.0,5,Random forest,106,0.652326,0.7227624866904765,0.014066,0.016309350613492066,46.37608417460543,45.092973346845994
4,0.37,61,17.1,5,Random forest,121,0.520194,0.4043512282328044,0.0140283,0.014315581804444442,37.08175616432497,29.63827212708963
12,4.07,72,32.5,5,Random forest,130,1.38015,1.30618163066217,0.0625273,0.06733117443029105,22.072758619035206,20.15998189247565
1,5.66,46,1.0,5,Random forest,134,0.792062,0.7601748451798948,0.0130963,0.013079174427142855,60.4798301810435,58.300011795958525
3,8.72,49,16.9,5,Random forest,149,1.32677,1.2886142691587301,0.0357484,0.033073587415331895,37.11410860346197,39.27947786440203
25,8.72,53,17.2,5,Random forest,151,1.84382,1.798506852647667,0.276791,0.21679788267688813,6.661416014249018,8.962182948369152
2,6.02,27,5.3,5,Random forest,160,0.874757,0.9275781920753965,0.0161241,0.01816512030190475,54.2515241160747,51.28771506887516
1,1.67,46,1.0,5,Random forest,161,0.322618,0.36980218502561335,0.00709003,0.008645805674550259,45.50305146804739,43.47107831507862
1,7.18,61,1.0,5,Random forest,166,1.11893,1.023409214503969,0.0211533,0.020105989376587297,52.89623841197354,51.75057315238848
5,6.98,58,16.2,5,Random forest,169,1.43804,1.420833568612554,0.0378906,0.03879010468112072,37.95242091706122,37.3689511300924
1,6.59,45,5.2,5,Random forest,174,0.913175,0.8295330847103177,0.0169531,0.015537509752222211,53.864779892762975,53.53959781549496
7,4.94,46,1.1,5,Random forest,187,1.19783,1.1619744544312167,0.071414,0.042236720307407404,16.7730417005069,33.93313388713363
19,1.63,63,1.0,5,Random forest,188,1.03001,1.3033181796914377,0.346346,0.37650532096524797,2.9739335808699976,3.6041835563061384
1,8.72,53,17.2,5,Random forest,189,1.16709,1.13269963395238,0.0299441,0.028849616589682516,38.97562458046827,39.49871054980322
12,8.46,46,12.2,5,Random forest,190,2.13212,2.1023961453968245,0.0769025,0.07543341590092592,27.724976431195344,27.96705229497297
-11,7.18,61,12.2,5,Random forest,191,-0.257288,-0.04806659568015874,0.0520505,0.07670940528439152,-4.943045696006763,-0.176328883360646
12,6.82,58,16.4,5,Random forest,201,1.98633,1.9584429171428561,0.07232,0.07212694198121697,27.465846238938052,27.228678038978785
11,8.45,45,12.3,5,Random forest,205,2.08709,2.040996390714285,0.0702122,0.06946697664708992,29.72546081735083,29.393853177353083
-1,3.5,52,1.0,5,Random forest,207,0.32375,0.4413125798476195,0.0085267,0.013107902261071428,37.96896806501929,34.68878267905156
22,1.68,52,19.7,5,Random forest,212,1.30955,1.4637111271005283,0.186756,0.1929379977738096,7.012090642335454,7.7423640687934885
12,8.32,42,12.3,5,Random forest,214,2.12076,2.0834643337566128,0.074703,0.0741484454400794,28.389221316412996,28.2471604792176
11,7.2,58,17.4,5,Random forest,217,1.91668,1.9017181893073603,0.0684149,0.06812065301406922,28.01553462769075,27.989865917046416
3,1.58,70,1.4,5,Random forest,235,0.576638,0.5417881715436508,0.020623,0.014943415090568797,27.960917422295495,40.903541898184464
10,5.69,58,16.4,5,Random forest,236,1.76734,1.858666754436507,0.0540612,0.06295634988928567,32.691468187905556,30.073913742482244
-12,5.66,78,1.0,5,Random forest,241,-0.247166,-0.19567407191812175,0.133142,0.07954688964452378,-1.8564089468387135,-3.0199828009733265
1,5.66,46,7.7,5,Random forest,243,0.820872,0.8260199607460312,0.0158309,0.01608878818492063,51.85251628144958,51.83948265536616
1,1.38,64,1.0,5,Random forest,251,0.309859,0.36441351768783076,0.0074663,0.011086807567235452,41.501011210371935,39.0582095602468
9,8.26,46,12.0,5,Random forest,252,1.90781,1.9047955281746036,0.0586198,0.05897043859047616,32.545488043289126,32.60217998539033
7,8.72,22,27.8,5,Random forest,257,1.28728,1.00570272436508,0.0535898,0.04114841907658727,24.020989068815332,24.627086684737847
2,8.72,49,3.1,5,Random forest,259,1.2923,1.1744898325661381,0.0264514,0.02435896256293653,48.85563713073788,48.92937516425282
9,8.78,41,11.1,5,Random forest,263,1.96688,1.9004631688888898,0.0597739,0.05745433177460314,32.905331591212885,33.26547263074361
8,7.31,61,1.0,5,Random forest,264,1.46429,1.3684928577248676,0.107056,0.07210165649272479,13.67779479898371,24.25390423222385
-1,5.34,37,1.4,5,Random forest,269,0.454719,0.5306807740738095,0.0163736,0.01642880083198412,27.771473591635317,35.01016800316827
1,7.18,61,1.3,5,Random forest,270,1.10711,1.0232329925992072,0.0208101,0.020225362940952372,53.20060931951312,51.22308905548699
1,8.72,46,11.6,5,Random forest,273,1.17852,1.1213149605793662,0.0266252,0.02633311490674603,44.26332947733726,43.088581386405394
3,0.12,62,1.0,5,Random forest,276,0.348145,0.46178523582513276,0.018235,0.044186144397764554,19.092130518234164,15.93193773326071
19,8.72,53,17.6,5,Random forest,293,2.18541,2.1856165048593077,0.145798,0.14663652621392503,14.98930026474986,14.91837997120119
19,8.68,53,17.1,5,Random forest,295,2.18659,2.152693585454544,0.146916,0.14664009086075036,14.883266628549647,14.695267420518332
5,8.75,49,11.5,5,Random forest,303,1.63547,1.5978504171560857,0.0428454,0.04262763636084655,38.171425637291286,37.621172112339224
1,2.18,46,1.0,5,Random forest,306,0.378754,0.416431893248677,0.00754621,0.008996026542711638,50.191288077061195,46.4999023197598
1,9.5,76,9.2,5,Random forest,308,1.35551,1.111464831161376,0.04386,0.02785403009190476,30.905380756953942,42.84903011612255
18,7.31,55,14.8,5,Random forest,309,2.04413,1.9319249476190499,0.133081,0.1424349665079365,15.36004388304867,13.745114929466057
-2,1.56,62,1.4,5,Random forest,313,0.00410119,-0.041937247106216914,0.00891283,0.022216070462539688,0.46014453321784443,3.2436683847899066
2,2.45,49,1.3,5,Random forest,315,0.522509,0.5297288564391537,0.0106871,0.01193965003683862,48.891560853739556,46.15623373660876
17,8.46,48,11.6,5,Random forest,319,2.09337,1.9213804526719576,0.129532,0.15333090348862433,16.161025846894976,13.967727628906026
9,8.5,42,17.2,5,Random forest,328,1.81842,1.8310549475000009,0.0601523,0.05769700689325398,30.23026550938202,31.94173718356559
13,8.54,49,11.6,5,Random forest,330,2.19955,2.1568627746957674,0.0846321,0.08498394791349202,25.98954770116776,25.54439241652611
-1,1.32,61,1.1,5,Random forest,339,0.0703571,0.09165751221341269,0.00627539,0.006893811587910053,11.211590036635174,13.821292635623522
14,8.72,49,1.0,5,Random forest,343,1.55778,1.5062104913229917,0.258952,0.19956726784641637,6.015709475115079,9.07442960912525
14,8.45,49,11.6,5,Random forest,344,2.20011,2.1648681264682543,0.0926023,0.09257918400952386,23.758697138192034,23.55462711469231
7,8.72,45,12.3,5,Random forest,345,1.79553,1.7648497245238088,0.0510245,0.049467005910317476,35.189565796823096,35.71984909151617
23,3.54,8,2.9,5,Random forest,348,1.08024,1.301213778968254,0.419936,0.4677579982698411,2.5723919835403493,2.989983995597122
15,8.7,49,11.6,5,Random forest,350,2.21033,2.0804028484232804,0.103571,0.11831734262738103,21.341205549816067,19.111119113703012
12,4.53,86,1.0,5,Random forest,359,1.32434,1.3024512966031763,0.25358,0.1758995859357143,5.222572758103951,8.388988100345983
0,0.72,38,1.9,5,Random forest,363,0.0808867,0.10436073574365075,0.00613283,0.007161209404708993,13.189131281969336,13.852750473986607
4,8.72,45,12.3,5,Random forest,366,1.4776,1.4091265008465605,0.0368147,0.0347274218563372,40.13614126965587,40.94806012177888
7,8.72,45,12.2,5,Random forest,372,1.78788,1.7660577367460306,0.0505311,0.049483470504761914,35.38177478819974,35.73375442013462
2,2.59,46,1.7,5,Random forest,385,0.541264,0.5403141786984129,0.0101902,0.011659951740833336,53.11613118486389,47.227750550736324
5,8.68,47,10.8,5,Random forest,387,1.61863,1.568703965925927,0.0416814,0.040778089706481474,38.83338851382151,38.67268521405145
7,8.92,46,11.9,5,Random forest,389,1.81499,1.7677997934126979,0.0514246,0.04967252799047621,35.2941977186016,35.64419949569055
22,8.83,69,22.6,5,Random forest,413,2.19802,1.7541449292270317,0.201218,0.19849064321657062,10.923575425657745,9.197413949967112
20,8.71,54,17.3,5,Random forest,424,2.15826,1.996753661697932,0.166241,0.17026064656974518,12.982717861418061,12.10328562315763
3,0.67,36,1.9,5,Random forest,435,0.411105,0.4446765138757143,0.0139375,0.03188219760734129,29.496322869955158,24.48164009152731
0,2.02,49,1.0,5,Random forest,438,0.253394,0.3354673053600048,0.00658393,0.00814295004556878,38.48673968283381,40.71066099121227
14,0.0,46,11.6,5,Random forest,439,0.926928,1.492438652234129,0.0959967,0.09301376156626984,9.655831919222223,17.502509629257716
10,9.5,24,6.2,5,Random forest,443,2.07014,1.8704424398730168,0.0631734,0.08175494695066152,32.76917183498117,26.87639112829653
0,0.0,46,39.4,5,Random forest,453,0.000340576,0.04691566334198413,0.0222246,0.007328703179920632,0.015324280302007684,3.3468964449799743
15,8.47,49,11.6,5,Random forest,458,2.1793,2.0592369441375675,0.10294,0.11849810340912705,21.170584806683504,19.065885900367874
14,8.25,55,15.9,5,Random forest,460,2.14211,2.080833000476189,0.094717,0.0938300890642857,22.61589788527931,22.335268713704114
0,0.52,37,1.0,5,Random forest,462,0.0476311,0.07237065979063488,0.00581769,0.00677599389915344,8.187287394137536,10.683802565406182
8,8.5,55,9.8,5,Random forest,466,1.93021,1.7730211518783066,0.057028,0.05123622446613758,33.84670688083047,35.167721608471155
0,0.62,35,1.2,5,Random forest,468,0.0770119,0.10060054662386236,0.00588426,0.007226833180449728,13.087779941742888,13.535854929678305
9,8.37,40,11.1,5,Random forest,472,1.91387,1.8922553392460326,0.0569688,0.056740112908333334,33.59505553917232,33.542691545222766
18,9.01,69,18.4,5,Random forest,476,2.36007,2.158224401843435,0.141776,0.14591132040440116,16.646470488658164,14.8345401000564
3,4.91,49,7.3,5,Random forest,479,0.974157,0.9923372552468733,0.019166,0.020523958599035597,50.82735051653971,49.05740703468429
25,7.77,49,25.8,5,Gradient boosting,1,1.80218,1.8575249778870784,0.250152,0.2615088442681514,7.204339761425054,8.892663319482615
17,7.23,49,1.0,5,Gradient boosting,13,1.32407,1.4332841250303818,0.343719,0.29832572306119165,3.8521873972634624,1.852977644675125
2,9.5,66,23.8,5,Gradient boosting,20,1.18986,1.2384155707644686,0.0436753,0.039774062774842106,27.243316016146423,23.162047682963298
18,0.31,53,15.2,5,Gradient boosting,21,1.11019,1.1317075111907682,0.140492,0.13917283404801542,7.902158130000284,8.186429187383629
25,3.84,49,25.8,5,Gradient boosting,34,1.45589,1.4120617418920682,0.227898,0.22127238618514117,6.388340397897305,8.694603956822082
-1,3.23,42,21.8,5,Gradient boosting,43,0.246704,0.12410035713684356,0.0129411,0.011345619589325702,19.063603557657387,12.131868994231498
-2,2.03,25,15.1,5,Gradient boosting,48,-0.0188396,-0.02356764511104545,0.0100144,0.00763747039648818,-1.881250998562071,-6.253000695156992
7,2.28,61,12.5,5,Gradient boosting,49,1.12776,1.1317954441479603,0.0257087,0.031205643635988527,43.866862190620296,39.826313511214714
5,5.8,49,11.6,5,Gradient boosting,50,1.2961,1.2108901506761824,0.0294538,0.032972543024967785,44.004508756085805,42.302953154339185
3,4.25,53,4.7,5,Gradient boosting,52,0.905223,0.9423764182931594,0.0167002,0.01703115831603594,54.204320906336456,50.56917975088299
11,4.28,27,24.3,5,Gradient boosting,53,1.44576,1.403401783401967,0.0506677,0.056812853560906054,28.534154895525155,27.883226388961383
13,2.26,35,9.1,5,Gradient boosting,54,1.28623,1.336359565350542,0.0865804,0.08348470652576792,14.855902721632146,24.84233599951653
24,7.31,75,23.6,5,Gradient boosting,58,1.94669,1.9766232302518396,0.248802,0.2373612180985911,7.8242538243261714,9.03978237745781
7,8.72,61,17.0,5,Gradient boosting,71,1.74583,1.8058443563255693,0.0577905,0.053592760712723585,30.209636531955944,35.16507573678648
5,8.72,43,19.7,5,Gradient boosting,80,1.47069,1.4497386529824212,0.0438094,0.040194762788066614,33.57019269837067,35.035737130187464
9,7.18,56,17.4,5,Gradient boosting,87,1.76656,1.7796726531677212,0.0572127,0.055505805277735396,30.877060512788244,31.794514171881378
5,8.72,61,12.5,5,Gradient boosting,88,1.674,1.6154226612880247,0.0471875,0.0436602581083844,35.47549668874172,38.73948576464666
13,7.1,54,17.0,5,Gradient boosting,91,2.0143,1.983777441390973,0.0793491,0.08125553648041992,25.385291074504938,23.37909505470448
8,6.94,55,17.4,5,Gradient boosting,99,1.69081,1.730393788072195,0.0514147,0.05305732402210366,32.88573112358917,34.20448275344353
7,2.03,60,11.0,5,Gradient boosting,102,1.08703,1.1174110775303567,0.0241761,0.030840326609305635,44.96300064940168,38.59920342892216
-1,6.08,12,1.0,5,Gradient boosting,105,0.343141,0.5493023893028388,0.0310872,0.0422598549605026,11.038015646311022,36.798249055519115
-1,6.21,50,1.0,5,Gradient boosting,106,0.652326,0.7142616056220581,0.014066,0.017570221560519576,46.37608417460543,46.18371164584856
4,0.37,61,17.1,5,Gradient boosting,121,0.520194,0.569164888594173,0.0140283,0.02278102415234882,37.08175616432497,21.60645077324436
12,4.07,72,32.5,5,Gradient boosting,130,1.38015,1.3298130637011778,0.0625273,0.07601022272233564,22.072758619035206,16.096056206630276
1,5.66,46,1.0,5,Gradient boosting,134,0.792062,0.8364848870511249,0.0130963,0.01774543855493053,60.4798301810435,51.42892597576945
3,8.72,49,16.9,5,Gradient boosting,149,1.32677,1.294128144459474,0.0357484,0.03388744844729604,37.11410860346197,40.91811345182068
25,8.72,53,17.2,5,Gradient boosting,151,1.84382,1.8227147197170759,0.276791,0.2627557833301191,6.661416014249018,11.268435055109359
2,6.02,27,5.3,5,Gradient boosting,160,0.874757,0.9301254104445924,0.0161241,0.022868839129167515,54.2515241160747,50.03800237803585
1,1.67,46,1.0,5,Gradient boosting,161,0.322618,0.31283750465595284,0.00709003,0.007378816369907751,45.50305146804739,44.61301422331418
1,7.18,61,1.0,5,Gradient boosting,166,1.11893,1.069021925618898,0.0211533,0.022656369773916697,52.89623841197354,49.702764523263255
5,6.98,58,16.2,5,Gradient boosting,169,1.43804,1.4978377613293994,0.0378906,0.03640885323111069,37.95242091706122,38.95676932512277
1,6.59,45,5.2,5,Gradient boosting,174,0.913175,0.9315152884982719,0.0169531,0.018579974490164155,53.864779892762975,52.45028190813968
7,4.94,46,1.1,5,Gradient boosting,187,1.19783,1.0982658678888342,0.071414,0.06691140852195755,16.7730417005069,29.7443812464254
19,1.63,63,1.0,5,Gradient boosting,188,1.03001,0.9827847149053375,0.346346,0.3907279182939153,2.9739335808699976,1.755586792992196
1,8.72,53,17.2,5,Gradient boosting,189,1.16709,1.107311638148003,0.0299441,0.027419705974647973,38.97562458046827,40.32943341453237
12,8.46,46,12.2,5,Gradient boosting,190,2.13212,2.107814454080522,0.0769025,0.07677643254530868,27.724976431195344,27.432491265342797
-11,7.18,61,12.2,5,Gradient boosting,191,-0.257288,0.038841214551422955,0.0520505,0.08113700588988289,-4.943045696006763,4.078240594162216
12,6.82,58,16.4,5,Gradient boosting,201,1.98633,1.9712964522583059,0.07232,0.0749323239864774,27.465846238938052,27.93740351215531
11,8.45,45,12.3,5,Gradient boosting,205,2.08709,2.05175046912281,0.0702122,0.06903074098069163,29.72546081735083,28.668619355541487
-1,3.5,52,1.0,5,Gradient boosting,207,0.32375,0.22531386198337694,0.0085267,0.01635862491876792,37.96896806501929,25.97365253804826
22,1.68,52,19.7,5,Gradient boosting,212,1.30955,1.4034704958188045,0.186756,0.17168588345856467,7.012090642335454,12.85761169872836
12,8.32,42,12.3,5,Gradient boosting,214,2.12076,2.101389963405126,0.074703,0.07493645001223885,28.389221316412996,27.48696140079045
11,7.2,58,17.4,5,Gradient boosting,217,1.91668,1.899754783243504,0.0684149,0.06759537916334432,28.01553462769075,27.193503809591736
3,1.58,70,1.4,5,Gradient boosting,235,0.576638,0.5503931609890388,0.020623,0.028106811147533873,27.960917422295495,39.94806949324408
10,5.69,58,16.4,5,Gradient boosting,236,1.76734,1.5537726305275044,0.0540612,0.0673143249761807,32.691468187905556,29.764087093859036
-12,5.66,78,1.0,5,Gradient boosting,241,-0.247166,-0.11411677050461955,0.133142,0.1313839049035133,-1.8564089468387135,6.774055488256756
1,5.66,46,7.7,5,Gradient boosting,243,0.820872,0.8468791340267192,0.0158309,0.01795151243615569,51.85251628144958,51.14578041262068
1,1.38,64,1.0,5,Gradient boosting,251,0.309859,0.29384233325043235,0.0074663,0.007904643069048785,41.501011210371935,41.13416903455784
9,8.26,46,12.0,5,Gradient boosting,252,1.90781,1.9317061358449328,0.0586198,0.0554426889824143,32.545488043289126,33.17017510698331
7,8.72,22,27.8,5,Gradient boosting,257,1.28728,1.3563680631951713,0.0535898,0.04732775941347508,24.020989068815332,29.565386372636674
2,8.72,49,3.1,5,Gradient boosting,259,1.2923,1.265481655086626,0.0264514,0.027904686510670587,48.85563713073788,48.61494540474327
9,8.78,41,11.1,5,Gradient boosting,263,1.96688,1.9587653490153434,0.0597739,0.055200044688433356,32.905331591212885,33.00567916596712
8,7.31,61,1.0,5,Gradient boosting,264,1.46429,1.5446475559728834,0.107056,0.10349223115106329,13.67779479898371,23.90128153961331
-1,5.34,37,1.4,5,Gradient boosting,269,0.454719,0.4526540756445565,0.0163736,0.008559357517603469,27.771473591635317,35.241173512069714
1,7.18,61,1.3,5,Gradient boosting,270,1.10711,1.077809785937403,0.0208101,0.022754829728780564,53.20060931951312,49.19782182410157
1,8.72,46,11.6,5,Gradient boosting,273,1.17852,1.1054056555472103,0.0266252,0.024919540537563928,44.26332947733726,44.95746951295134
3,0.12,62,1.0,5,Gradient boosting,276,0.348145,0.329583443202954,0.018235,0.0280540701583069,19.092130518234164,18.775386399926607
19,8.72,53,17.6,5,Gradient boosting,293,2.18541,2.119802168599675,0.145798,0.15095777483462153,14.98930026474986,14.244793207557718
19,8.68,53,17.1,5,Gradient boosting,295,2.18659,2.136252481497505,0.146916,0.15097483347852958,14.883266628549647,14.050145705020162
5,8.75,49,11.5,5,Gradient boosting,303,1.63547,1.604565340072267,0.0428454,0.037368278395891394,38.171425637291286,39.1415285138028
1,2.18,46,1.0,5,Gradient boosting,306,0.378754,0.39844362446771353,0.00754621,0.007378816369907751,50.191288077061195,46.478393347198974
1,9.5,76,9.2,5,Gradient boosting,308,1.35551,1.2154836771172857,0.04386,0.042730762425510715,30.905380756953942,44.41166935932086
18,7.31,55,14.8,5,Gradient boosting,309,2.04413,2.0098491876056936,0.133081,0.1449373109954503,15.36004388304867,12.823469420186068
-2,1.56,62,1.4,5,Gradient boosting,313,0.00410119,-0.024070752128143864,0.00891283,0.015445446596327232,0.46014453321784443,1.9043059012084949
2,2.45,49,1.3,5,Gradient boosting,315,0.522509,0.5713355544605148,0.0106871,0.011860838828648261,48.891560853739556,47.52221651672286
17,8.46,48,11.6,5,Gradient boosting,319,2.09337,2.1365747241155084,0.129532,0.12488959256539803,16.161025846894976,18.08529049428235
9,8.5,42,17.2,5,Gradient boosting,328,1.81842,1.910093754740291,0.0601523,0.0568252829487546,30.23026550938202,31.645258257684958
13,8.54,49,11.6,5,Gradient boosting,330,2.19955,2.1385452942093623,0.0846321,0.08306195643378546,25.98954770116776,24.894933356896264
-1,1.32,61,1.1,5,Gradient boosting,339,0.0703571,0.09203500908900455,0.00627539,0.008362144312384464,11.211590036635174,11.939786950120844
14,8.72,49,1.0,5,Gradient boosting,343,1.55778,1.5621068095610111,0.258952,0.23747209708683878,6.015709475115079,6.655764483783273
14,8.45,49,11.6,5,Gradient boosting,344,2.20011,2.1480058500924453,0.0926023,0.09538558870214212,23.758697138192034,22.505488788442833
7,8.72,45,12.3,5,Gradient boosting,345,1.79553,1.7595207235139783,0.0510245,0.04900149160528605,35.189565796823096,36.635274937089584
23,3.54,8,2.9,5,Gradient boosting,348,1.08024,1.0048970177220273,0.419936,0.48060823628185084,2.5723919835403493,-3.115887496804384
15,8.7,49,11.6,5,Gradient boosting,350,2.21033,2.1480058500924453,0.103571,0.1261598808718106,21.341205549816067,18.535778179474736
12,4.53,86,1.0,5,Gradient boosting,359,1.32434,1.4024534932038335,0.25358,0.18823737518642392,5.222572758103951,8.90129649605953
0,0.72,38,1.9,5,Gradient boosting,363,0.0808867,0.07095984171200834,0.00613283,0.00489470820853882,13.189131281969336,22.156049404112316
4,8.72,45,12.3,5,Gradient boosting,366,1.4776,1.5209365332312543,0.0368147,0.03675464766423829,40.13614126965587,41.030364715423694
7,8.72,45,12.2,5,Gradient boosting,372,1.78788,1.7595207235139783,0.0505311,0.04900149160528605,35.38177478819974,36.635274937089584
2,2.59,46,1.7,5,Gradient boosting,385,0.541264,0.5694467600828721,0.0101902,0.011289866607889592,53.11613118486389,48.00283718846148
5,8.68,47,10.8,5,Gradient boosting,387,1.61863,1.5936897852001841,0.0416814,0.03862136969259129,38.83338851382151,39.433792970937986
7,8.92,46,11.9,5,Gradient boosting,389,1.81499,1.7943939662689827,0.0514246,0.04750618727518869,35.2941977186016,36.513000756145935
22,8.83,69,22.6,5,Gradient boosting,413,2.19802,2.040983888669426,0.201218,0.23362481196390567,10.923575425657745,4.3034266096511296
20,8.71,54,17.3,5,Gradient boosting,424,2.15826,2.033349948205942,0.166241,0.16884399642975695,12.982717861418061,12.51661431334367
3,0.67,36,1.9,5,Gradient boosting,435,0.411105,0.41073735085377827,0.0139375,0.013768117081974942,29.496322869955158,31.600423906803222
0,2.02,49,1.0,5,Gradient boosting,438,0.253394,0.19083532286705837,0.00658393,0.007529147413408145,38.48673968283381,42.54714443503003
14,0.0,46,11.6,5,Gradient boosting,439,0.926928,1.07561331402126,0.0959967,0.08612883019717751,9.655831919222223,14.939424679425446
10,9.5,24,6.2,5,Gradient boosting,443,2.07014,1.849762593678922,0.0631734,0.10202308841051398,32.76917183498117,24.410123360258215
0,0.0,46,39.4,5,Gradient boosting,453,0.000340576,-0.1352287337648991,0.0222246,0.008182038242541293,0.015324280302007684,4.2416400471176665
15,8.47,49,11.6,5,Gradient boosting,458,2.1793,2.1480058500924453,0.10294,0.12493510691932173,21.170584806683504,18.535778179474736
14,8.25,55,15.9,5,Gradient boosting,460,2.14211,2.1325841185449437,0.094717,0.09487043414933832,22.61589788527931,21.337650762971684
0,0.52,37,1.0,5,Gradient boosting,462,0.0476311,0.04178821318685786,0.00581769,0.0047962482536749555,8.187287394137536,8.58361502810773
8,8.5,55,9.8,5,Gradient boosting,466,1.93021,1.8815894238240658,0.057028,0.05759832982826129,33.84670688083047,34.86061292996114
0,0.62,35,1.2,5,Gradient boosting,468,0.0770119,0.046930585099279276,0.00588426,0.0061645428756956595,13.087779941742888,20.367841744558632
9,8.37,40,11.1,5,Gradient boosting,472,1.91387,1.950576056101869,0.0569688,0.05580650652296604,33.59505553917232,33.13728218333996
18,9.01,69,18.4,5,Gradient boosting,476,2.36007,2.203211804693971,0.141776,0.17428135294129082,16.646470488658164,6.612322646536561
3,4.91,49,7.3,5,Gradient boosting,479,0.974157,0.9505504943447498,0.019166,0.017040510002651194,50.82735051653971,50.56917975088299
